FoodItemID,RestaurantID,FoodName,Category,Price,PreparationTime,Calories,Availability
1,1,Biryani,Main Course,220.0,16.0,519.0,Yes
2,1,Cheese Pizza,Fast Food,123.0,13.0,215.0,Yes
3,1,Veg Sandwich,Fast Food,40.0,28.0,440.0,Yes
4,1,Butter Naan,Breads,227.0,16.0,683.0,No
5,1,Garlic Naan,Breads,338.0,17.0,395.0,Yes
6,1,Biryani,Main Course,160.0,9.0,338.0,Yes
7,1,Momos,Starters,151.0,3.0,58.0,No
8,1,Kulcha,Breads,174.0,24.0,284.0,Yes
9,2,Fresh Lime Soda,Beverages,337.0,15.0,272.0,No
10,2,Kulcha,Breads,51.0,18.0,98.0,Yes
11,2,Chole Bhature,Main Course,112.0,18.0,190.0,Yes
12,2,Butter Chicken,Main Course,132.0,18.0,217.0,Yes
13,2,Masala Chai,Beverages,238.0,25.0,248.0,Yes
14,2,Paneer Tikka,Starters,161.0,17.0,452.0,Yes
15,2,Rasmalai,Desserts,153.0,12.0,241.0,Yes
16,2,Tandoori Roti,Breads,255.0,13.0,283.0,Yes
17,3,Spring Rolls,Starters,274.0,19.0,246.0,Yes
18,3,Kulcha,Breads,162.0,10.0,222.0,Yes
19,3,Brownie,Desserts,130.0,16.0,307.0,No
20,3,Fish Fingers,Starters,228.0,23.0,293.0,Yes
21,3,Spring Rolls,Starters,164.0,14.0,251.0,No
22,3,Mojito,Beverages,194.0,3.0,256.0,Yes
23,3,Butter Naan,Breads,75.0,10.0,237.0,Yes
24,4,Chole Bhature,Main Course,40.0,15.0,,Yes
25,4,Kheer,Desserts,179.0,19.0,,Yes
26,4,Lassi,Beverages,107.0,18.0,360.0,Yes
27,4,Veg Sandwich,Fast Food,170.0,14.0,279.0,Yes
28,4,Biryani,Main Course,157.0,14.0,444.0,Yes
29,4,Cold Coffee,Beverages,265.0,10.0,319.0,No
30,4,Ice Cream,Desserts,388.0,3.0,158.0,Yes
31,5,Chicken Burger,Fast Food,274.0,33.0,617.0,Yes
32,5,Brownie,Desserts,208.0,14.0,358.0,Yes
33,5,Brownie,Desserts,216.0,25.0,480.0,Yes
34,5,Kheer,Desserts,40.0,8.0,441.0,Yes
35,5,Rasmalai,Desserts,55.0,3.0,531.0,Yes
36,5,Mojito,Beverages,203.0,30.0,545.0,No
37,6,Veg Sandwich,Fast Food,123.0,19.0,281.0,Yes
38,6,Cold Coffee,Beverages,40.0,27.0,370.0,Yes
39,6,Momos,Starters,301.0,18.0,441.0,Yes
40,6,Veg Manchurian,Starters,231.0,16.0,364.0,No
41,6,Butter Chicken,Main Course,201.0,27.0,475.0,Yes
42,6,Chicken Burger,Fast Food,181.0,14.0,382.0,Yes
43,6,Dal Makhani,Main Course,102.0,10.0,364.0,Yes
44,7,Fresh Lime Soda,Beverages,180.0,23.0,230.0,Yes
45,7,Rasmalai,Desserts,180.0,21.0,252.0,Yes
46,7,Fried Rice,Main Course,138.0,24.0,391.0,Yes
47,7,Butter Chicken,Main Course,40.0,24.0,413.0,Yes
48,7,Veg Sandwich,Fast Food,40.0,10.0,381.0,Yes
49,7,Cheese Pizza,Fast Food,208.0,26.0,264.0,Yes
50,7,Fish Fingers,Starters,139.0,25.0,556.0,Yes
51,7,Veg Burger,Fast Food,150.0,13.0,474.0,Yes
52,7,Butter Naan,Breads,40.0,17.0,395.0,Yes
53,8,Ice Cream,Desserts,137.0,21.0,563.0,Yes
54,8,Paneer Butter Masala,Main Course,92.0,12.0,499.0,Yes
55,8,Brownie,Desserts,49.0,13.0,725.0,Yes
56,8,Paneer Butter Masala,Main Course,197.0,15.0,141.0,Yes
57,8,Fried Rice,Main Course,40.0,26.0,225.0,Yes
58,8,Biryani,Main Course,184.0,28.0,325.0,Yes
59,8,Masala Chai,Beverages,138.0,23.0,603.0,Yes
60,8,Mojito,Beverages,256.0,29.0,53.0,No
61,9,French Fries,Fast Food,217.0,28.0,467.0,Yes
62,9,Veg Burger,Fast Food,167.0,8.0,289.0,Yes
63,9,Spring Rolls,Starters,314.0,17.0,305.0,No
64,9,Fresh Lime Soda,Beverages,40.0,21.0,279.0,No
65,9,Rasmalai,Desserts,177.0,31.0,519.0,Yes
66,9,Momos,Starters,297.0,19.0,506.0,No
67,9,French Fries,Fast Food,299.0,11.0,394.0,Yes
68,10,Brownie,Desserts,117.0,13.0,377.0,Yes
69,10,Garlic Naan,Breads,94.0,15.0,502.0,Yes
70,10,Cold Coffee,Beverages,171.0,11.0,517.0,Yes
71,10,Kulcha,Breads,97.0,9.0,580.0,Yes
72,10,Paneer Butter Masala,Main Course,256.0,15.0,684.0,Yes
73,10,Ice Cream,Desserts,129.0,23.0,162.0,Yes
74,10,Kulcha,Breads,88.0,26.0,613.0,No
75,10,Gulab Jamun,Desserts,166.0,36.0,596.0,Yes
76,11,Paneer Butter Masala,Main Course,117.0,14.0,192.0,Yes
77,11,Fresh Lime Soda,Beverages,140.0,19.0,406.0,Yes
78,11,Chicken Burger,Fast Food,182.0,25.0,,Yes
79,11,Mojito,Beverages,241.0,21.0,443.0,Yes
80,11,Ice Cream,Desserts,262.0,24.0,231.0,Yes
81,11,Kulcha,Breads,343.0,18.0,257.0,Yes
82,11,Tandoori Roti,Breads,174.0,20.0,488.0,Yes
83,12,Fish Fingers,Starters,266.0,24.0,675.0,Yes
84,12,Cold Coffee,Beverages,189.0,16.0,179.0,Yes
85,12,Momos,Starters,267.0,22.0,315.0,Yes
86,12,Paneer Tikka,Starters,201.0,17.0,426.0,Yes
87,12,Garlic Naan,Breads,155.0,18.0,172.0,Yes
88,12,Gulab Jamun,Desserts,143.0,20.0,294.0,Yes
89,12,Paneer Tikka,Starters,215.0,34.0,226.0,Yes
90,12,Cold Coffee,Beverages,40.0,27.0,713.0,Yes
91,12,Veg Burger,Fast Food,213.0,18.0,303.0,Yes
92,13,Rasmalai,Desserts,228.0,17.0,527.0,Yes
93,13,Brownie,Desserts,40.0,20.0,274.0,Yes
94,13,Kheer,Desserts,265.0,8.0,494.0,Yes
95,13,Cheese Pizza,Fast Food,127.0,14.0,527.0,Yes
96,13,Kulcha,Breads,108.0,5.0,410.0,Yes
97,13,Dal Makhani,Main Course,120.0,7.0,452.0,No
98,13,Veg Burger,Fast Food,206.0,18.0,476.0,Yes
99,13,Gulab Jamun,Desserts,40.0,11.0,441.0,Yes
100,13,Cold Coffee,Beverages,273.0,19.0,575.0,Yes
101,14,Dal Makhani,Main Course,119.0,13.0,344.0,Yes
102,14,Fried Rice,Main Course,172.0,3.0,396.0,Yes
103,14,Chicken 65,Starters,176.0,13.0,284.0,Yes
104,14,Kheer,Desserts,204.0,22.0,421.0,Yes
105,14,Chole Bhature,Main Course,192.0,17.0,402.0,Yes
106,14,Kulcha,Breads,241.0,30.0,623.0,Yes
107,14,Brownie,Desserts,82.0,3.0,479.0,Yes
108,15,Kheer,Desserts,181.0,17.0,457.0,Yes
109,15,Butter Naan,Breads,158.0,5.0,228.0,Yes
110,15,Cheese Pizza,Fast Food,82.0,23.0,682.0,Yes
111,15,Cheese Pizza,Fast Food,137.0,38.0,115.0,Yes
112,15,Gulab Jamun,Desserts,134.0,19.0,50.0,Yes
113,15,Cold Coffee,Beverages,316.0,12.0,405.0,Yes
114,15,Cheese Pizza,Fast Food,220.0,5.0,764.0,Yes
115,15,Chole Bhature,Main Course,192.0,15.0,233.0,Yes
116,15,Tandoori Roti,Breads,198.0,5.0,420.0,Yes
117,16,French Fries,Fast Food,305.0,27.0,316.0,No
118,16,Veg Burger,Fast Food,154.0,22.0,577.0,No
119,16,Veg Sandwich,Fast Food,317.0,31.0,260.0,Yes
120,16,Masala Chai,Beverages,247.0,6.0,330.0,Yes
121,16,Fresh Lime Soda,Beverages,74.0,8.0,436.0,Yes
122,16,Kheer,Desserts,117.0,20.0,218.0,Yes
123,16,Masala Chai,Beverages,223.0,14.0,356.0,Yes
124,17,Veg Sandwich,Fast Food,62.0,26.0,421.0,Yes
125,17,French Fries,Fast Food,228.0,7.0,501.0,Yes
126,17,Butter Chicken,Main Course,183.0,14.0,606.0,Yes
127,17,Cold Coffee,Beverages,216.0,21.0,105.0,Yes
128,17,Garlic Naan,Breads,277.0,21.0,585.0,No
129,17,Cold Coffee,Beverages,126.0,12.0,642.0,Yes
130,17,Spring Rolls,Starters,266.0,6.0,402.0,Yes
131,17,Spring Rolls,Starters,272.0,19.0,317.0,Yes
132,17,Rasmalai,Desserts,119.0,18.0,553.0,Yes
133,18,Veg Sandwich,Fast Food,90.0,3.0,339.0,Yes
134,18,Fresh Lime Soda,Beverages,220.0,23.0,247.0,No
135,18,Tandoori Roti,Breads,204.0,12.0,510.0,Yes
136,18,Kheer,Desserts,168.0,24.0,410.0,Yes
137,18,Kheer,Desserts,225.0,14.0,293.0,Yes
138,18,Biryani,Main Course,154.0,22.0,778.0,Yes
139,19,Brownie,Desserts,293.0,30.0,384.0,Yes
140,19,Chicken Burger,Fast Food,131.0,3.0,310.0,Yes
141,19,Masala Chai,Beverages,55.0,24.0,370.0,Yes
142,19,Butter Naan,Breads,61.0,22.0,447.0,Yes
143,19,Momos,Starters,77.0,30.0,287.0,Yes
144,19,Paneer Butter Masala,Main Course,233.0,17.0,647.0,Yes
145,19,Paneer Tikka,Starters,262.0,9.0,672.0,Yes
146,20,Mojito,Beverages,65.0,9.0,643.0,Yes
147,20,Mojito,Beverages,177.0,20.0,463.0,No
148,20,Veg Manchurian,Starters,83.0,33.0,729.0,Yes
149,20,Garlic Naan,Breads,40.0,14.0,501.0,Yes
150,20,Butter Naan,Breads,169.0,13.0,484.0,Yes
151,20,Butter Chicken,Main Course,239.0,31.0,139.0,Yes
152,21,Garlic Naan,Breads,89.0,11.0,759.0,Yes
153,21,Rasmalai,Desserts,315.0,20.0,387.0,Yes
154,21,Momos,Starters,219.0,27.0,361.0,Yes
155,21,Fried Rice,Main Course,204.0,15.0,190.0,No
156,21,Butter Naan,Breads,40.0,12.0,344.0,Yes
157,21,Lassi,Beverages,219.0,20.0,191.0,Yes
158,21,Garlic Naan,Breads,180.0,13.0,362.0,Yes
159,21,Lassi,Beverages,187.0,28.0,330.0,Yes
160,22,Veg Sandwich,Fast Food,331.0,7.0,268.0,No
161,22,Ice Cream,Desserts,171.0,8.0,202.0,Yes
162,22,Veg Burger,Fast Food,186.0,7.0,256.0,Yes
163,22,Biryani,Main Course,172.0,31.0,371.0,Yes
164,22,Brownie,Desserts,191.0,8.0,242.0,Yes
165,22,Dal Makhani,Main Course,40.0,10.0,514.0,Yes
166,22,Garlic Naan,Breads,128.0,19.0,433.0,Yes
167,23,Chicken Burger,Fast Food,246.0,31.0,491.0,Yes
168,23,Paneer Tikka,Starters,158.0,24.0,445.0,Yes
169,23,Brownie,Desserts,40.0,8.0,366.0,No
170,23,Cold Coffee,Beverages,127.0,17.0,50.0,Yes
171,23,Lassi,Beverages,255.0,17.0,582.0,Yes
172,23,Paneer Butter Masala,Main Course,182.0,19.0,244.0,Yes
173,23,Kulcha,Breads,71.0,19.0,400.0,Yes
174,24,Veg Burger,Fast Food,40.0,25.0,407.0,Yes
175,24,Ice Cream,Desserts,134.0,11.0,513.0,Yes
176,24,Brownie,Desserts,117.0,19.0,374.0,Yes
177,24,Fresh Lime Soda,Beverages,132.0,7.0,595.0,Yes
178,24,Butter Naan,Breads,89.0,11.0,600.0,No
179,24,Chole Bhature,Main Course,170.0,20.0,627.0,Yes
180,24,Butter Naan,Breads,314.0,13.0,572.0,Yes
181,24,Gulab Jamun,Desserts,40.0,3.0,406.0,Yes
182,24,Garlic Naan,Breads,172.0,23.0,481.0,Yes
183,25,Chole Bhature,Main Course,242.0,30.0,694.0,Yes
184,25,Cheese Pizza,Fast Food,258.0,17.0,369.0,Yes
185,25,Butter Naan,Breads,178.0,13.0,538.0,No
186,25,Dal Makhani,Main Course,273.0,12.0,375.0,Yes
187,25,Dal Makhani,Main Course,40.0,17.0,405.0,No
188,25,Cold Coffee,Beverages,80.0,13.0,227.0,Yes
189,25,French Fries,Fast Food,40.0,29.0,164.0,Yes
190,25,Chicken Burger,Fast Food,190.0,25.0,613.0,Yes
191,25,Gulab Jamun,Desserts,84.0,28.0,424.0,Yes
192,26,French Fries,Fast Food,231.0,32.0,491.0,Yes
193,26,Gulab Jamun,Desserts,96.0,3.0,495.0,Yes
194,26,Paneer Tikka,Starters,216.0,11.0,427.0,Yes
195,26,Kulcha,Breads,58.0,20.0,198.0,Yes
196,26,Cold Coffee,Beverages,288.0,34.0,443.0,Yes
197,26,Ice Cream,Desserts,214.0,22.0,441.0,Yes
198,26,Mojito,Beverages,81.0,29.0,467.0,Yes
199,26,Tandoori Roti,Breads,230.0,26.0,544.0,Yes
200,26,Mojito,Beverages,291.0,21.0,271.0,Yes
201,27,Kulcha,Breads,217.0,17.0,268.0,Yes
202,27,Butter Naan,Breads,310.0,16.0,434.0,Yes
203,27,Chicken 65,Starters,114.0,17.0,539.0,Yes
204,27,Brownie,Desserts,364.0,6.0,403.0,Yes
205,27,Brownie,Desserts,40.0,14.0,417.0,Yes
206,27,Ice Cream,Desserts,194.0,31.0,365.0,Yes
207,27,Paneer Butter Masala,Main Course,320.0,19.0,323.0,Yes
208,27,Biryani,Main Course,197.0,19.0,429.0,Yes
209,28,Gulab Jamun,Desserts,117.0,12.0,570.0,Yes
210,28,Chicken Burger,Fast Food,274.0,11.0,379.0,Yes
211,28,Cheese Pizza,Fast Food,214.0,24.0,428.0,No
212,28,Fresh Lime Soda,Beverages,283.0,17.0,632.0,Yes
213,28,Masala Chai,Beverages,409.0,18.0,456.0,Yes
214,28,Lassi,Beverages,95.0,16.0,426.0,Yes
215,28,Veg Sandwich,Fast Food,242.0,16.0,511.0,Yes
216,28,Chole Bhature,Main Course,146.0,26.0,462.0,Yes
217,29,Lassi,Beverages,213.0,14.0,387.0,Yes
218,29,Fish Fingers,Starters,146.0,24.0,196.0,Yes
219,29,Kulcha,Breads,116.0,27.0,428.0,Yes
220,29,Cold Coffee,Beverages,290.0,24.0,539.0,Yes
221,29,Kheer,Desserts,217.0,12.0,411.0,No
222,29,Lassi,Beverages,67.0,16.0,318.0,Yes
223,30,Rasmalai,Desserts,40.0,21.0,449.0,Yes
224,30,French Fries,Fast Food,293.0,8.0,562.0,Yes
225,30,Kheer,Desserts,40.0,16.0,696.0,Yes
226,30,Chicken Burger,Fast Food,177.0,12.0,387.0,Yes
227,30,French Fries,Fast Food,256.0,15.0,458.0,Yes
228,30,Chole Bhature,Main Course,214.0,22.0,555.0,Yes
229,31,Kulcha,Breads,358.0,18.0,448.0,No
230,31,Kulcha,Breads,73.0,25.0,604.0,Yes
231,31,Lassi,Beverages,241.0,6.0,339.0,Yes
232,31,Garlic Naan,Breads,184.0,11.0,721.0,Yes
233,31,Masala Chai,Beverages,216.0,25.0,542.0,Yes
234,31,Garlic Naan,Breads,190.0,8.0,518.0,Yes
235,31,Mojito,Beverages,361.0,14.0,315.0,Yes
236,31,Garlic Naan,Breads,255.0,25.0,571.0,Yes
237,31,Kulcha,Breads,167.0,16.0,50.0,Yes
238,32,Paneer Tikka,Starters,184.0,13.0,68.0,No
239,32,Cheese Pizza,Fast Food,350.0,19.0,132.0,No
240,32,Gulab Jamun,Desserts,213.0,32.0,580.0,Yes
241,32,Veg Sandwich,Fast Food,266.0,8.0,318.0,Yes
242,32,Mojito,Beverages,101.0,18.0,516.0,Yes
243,32,French Fries,Fast Food,219.0,10.0,372.0,Yes
244,33,Spring Rolls,Starters,273.0,22.0,459.0,Yes
245,33,Veg Manchurian,Starters,100.0,19.0,229.0,Yes
246,33,Tandoori Roti,Breads,105.0,6.0,659.0,Yes
247,33,Gulab Jamun,Desserts,339.0,9.0,283.0,Yes
248,33,Fresh Lime Soda,Beverages,151.0,27.0,491.0,Yes
249,33,Kulcha,Breads,304.0,31.0,472.0,Yes
250,33,Cold Coffee,Beverages,206.0,28.0,562.0,Yes
251,34,Fish Fingers,Starters,276.0,21.0,556.0,Yes
252,34,Rasmalai,Desserts,152.0,13.0,349.0,Yes
253,34,Tandoori Roti,Breads,384.0,9.0,541.0,Yes
254,34,Kulcha,Breads,358.0,21.0,352.0,Yes
255,34,Ice Cream,Desserts,230.0,14.0,263.0,Yes
256,34,Fish Fingers,Starters,301.0,28.0,352.0,Yes
257,34,Butter Naan,Breads,136.0,19.0,385.0,Yes
258,34,Gulab Jamun,Desserts,106.0,5.0,181.0,Yes
259,34,Chole Bhature,Main Course,71.0,9.0,431.0,Yes
260,35,Spring Rolls,Starters,107.0,11.0,,Yes
261,35,Masala Chai,Beverages,68.0,7.0,388.0,Yes
262,35,Fish Fingers,Starters,273.0,30.0,407.0,Yes
263,35,Veg Sandwich,Fast Food,275.0,11.0,485.0,Yes
264,35,Cheese Pizza,Fast Food,101.0,21.0,277.0,Yes
265,35,Kheer,Desserts,113.0,17.0,642.0,Yes
266,36,Kheer,Desserts,256.0,12.0,241.0,Yes
267,36,Kheer,Desserts,106.0,23.0,432.0,No
268,36,Garlic Naan,Breads,238.0,13.0,450.0,Yes
269,36,Butter Chicken,Main Course,204.0,28.0,636.0,Yes
270,36,Chicken 65,Starters,261.0,28.0,397.0,No
271,36,Rasmalai,Desserts,117.0,17.0,380.0,Yes
272,37,Lassi,Beverages,162.0,17.0,374.0,Yes
273,37,Masala Chai,Beverages,138.0,16.0,520.0,Yes
274,37,Chicken 65,Starters,102.0,28.0,562.0,Yes
275,37,Gulab Jamun,Desserts,187.0,3.0,73.0,Yes
276,37,Kulcha,Breads,190.0,23.0,665.0,Yes
277,37,Fresh Lime Soda,Beverages,143.0,13.0,217.0,Yes
278,38,Butter Chicken,Main Course,233.0,18.0,328.0,No
279,38,Cheese Pizza,Fast Food,182.0,17.0,545.0,Yes
280,38,Kulcha,Breads,141.0,17.0,527.0,Yes
281,38,French Fries,Fast Food,156.0,12.0,207.0,No
282,38,Tandoori Roti,Breads,86.0,12.0,544.0,Yes
283,38,Biryani,Main Course,113.0,16.0,245.0,Yes
284,38,Lassi,Beverages,184.0,20.0,453.0,Yes
285,39,Kulcha,Breads,338.0,17.0,443.0,No
286,39,Spring Rolls,Starters,129.0,35.0,527.0,Yes
287,39,Lassi,Beverages,259.0,26.0,512.0,Yes
288,39,Mojito,Beverages,282.0,16.0,739.0,Yes
289,39,Rasmalai,Desserts,40.0,15.0,659.0,Yes
290,39,Veg Sandwich,Fast Food,164.0,23.0,329.0,No
291,40,Rasmalai,Desserts,220.0,15.0,575.0,Yes
292,40,Kulcha,Breads,206.0,3.0,278.0,No
293,40,Butter Naan,Breads,92.0,29.0,213.0,Yes
294,40,Gulab Jamun,Desserts,155.0,34.0,587.0,No
295,40,Kulcha,Breads,103.0,10.0,252.0,Yes
296,40,Chicken 65,Starters,198.0,14.0,434.0,Yes
297,40,Garlic Naan,Breads,207.0,18.0,422.0,Yes
298,40,Chicken Burger,Fast Food,187.0,11.0,183.0,Yes
299,41,Biryani,Main Course,184.0,11.0,546.0,Yes
300,41,Tandoori Roti,Breads,67.0,15.0,423.0,No
301,41,Garlic Naan,Breads,293.0,14.0,427.0,Yes
302,41,Chole Bhature,Main Course,235.0,24.0,455.0,Yes
303,41,Garlic Naan,Breads,342.0,14.0,659.0,Yes
304,41,Veg Manchurian,Starters,242.0,19.0,448.0,Yes
305,41,Veg Sandwich,Fast Food,264.0,12.0,421.0,Yes
306,41,Garlic Naan,Breads,158.0,30.0,302.0,Yes
307,42,Brownie,Desserts,359.0,14.0,191.0,Yes
308,42,Brownie,Desserts,101.0,11.0,648.0,Yes
309,42,Tandoori Roti,Breads,58.0,20.0,620.0,Yes
310,42,Momos,Starters,429.0,17.0,416.0,Yes
311,42,Chicken 65,Starters,75.0,14.0,727.0,Yes
312,42,Gulab Jamun,Desserts,258.0,27.0,497.0,Yes
313,42,Lassi,Beverages,276.0,33.0,331.0,Yes
314,42,Gulab Jamun,Desserts,246.0,12.0,94.0,Yes
315,43,Ice Cream,Desserts,203.0,18.0,388.0,Yes
316,43,Cold Coffee,Beverages,122.0,19.0,463.0,No
317,43,Fried Rice,Main Course,356.0,22.0,488.0,Yes
318,43,Tandoori Roti,Breads,112.0,10.0,252.0,Yes
319,43,Chicken Burger,Fast Food,153.0,18.0,432.0,Yes
320,43,Dal Makhani,Main Course,106.0,3.0,337.0,No
321,43,Veg Burger,Fast Food,264.0,14.0,388.0,Yes
322,43,Fresh Lime Soda,Beverages,40.0,18.0,461.0,No
323,43,Kheer,Desserts,128.0,25.0,579.0,Yes
324,44,Cheese Pizza,Fast Food,370.0,10.0,442.0,No
325,44,Veg Manchurian,Starters,73.0,22.0,472.0,Yes
326,44,Kulcha,Breads,40.0,20.0,370.0,Yes
327,44,Kulcha,Breads,73.0,15.0,709.0,Yes
328,44,Chole Bhature,Main Course,231.0,11.0,350.0,Yes
329,44,Cold Coffee,Beverages,40.0,9.0,652.0,No
330,44,Rasmalai,Desserts,262.0,21.0,458.0,Yes
331,44,Kulcha,Breads,307.0,20.0,357.0,Yes
332,45,Masala Chai,Beverages,171.0,15.0,358.0,Yes
333,45,Butter Naan,Breads,332.0,9.0,324.0,Yes
334,45,Tandoori Roti,Breads,40.0,26.0,451.0,Yes
335,45,French Fries,Fast Food,336.0,12.0,280.0,Yes
336,45,Veg Burger,Fast Food,75.0,21.0,347.0,Yes
337,45,Mojito,Beverages,207.0,14.0,615.0,Yes
338,45,Kheer,Desserts,293.0,18.0,557.0,Yes
339,46,Masala Chai,Beverages,168.0,17.0,75.0,Yes
340,46,Paneer Butter Masala,Main Course,225.0,18.0,532.0,Yes
341,46,Garlic Naan,Breads,244.0,12.0,371.0,Yes
342,46,Paneer Tikka,Starters,136.0,26.0,636.0,No
343,46,Kulcha,Breads,251.0,33.0,478.0,Yes
344,46,Kheer,Desserts,92.0,6.0,262.0,No
345,46,Cold Coffee,Beverages,139.0,12.0,408.0,Yes
346,46,Rasmalai,Desserts,163.0,18.0,766.0,Yes
347,47,Veg Burger,Fast Food,258.0,20.0,559.0,Yes
348,47,Kulcha,Breads,107.0,11.0,537.0,Yes
349,47,Veg Manchurian,Starters,179.0,18.0,228.0,Yes
350,47,Kulcha,Breads,137.0,14.0,327.0,Yes
351,47,Lassi,Beverages,373.0,34.0,570.0,Yes
352,47,Tandoori Roti,Breads,188.0,13.0,244.0,Yes
353,47,Cold Coffee,Beverages,210.0,28.0,516.0,Yes
354,47,Fresh Lime Soda,Beverages,189.0,23.0,397.0,Yes
355,47,Rasmalai,Desserts,155.0,9.0,350.0,No
356,48,Masala Chai,Beverages,207.0,14.0,228.0,Yes
357,48,Fresh Lime Soda,Beverages,190.0,20.0,344.0,Yes
358,48,Butter Chicken,Main Course,178.0,3.0,511.0,Yes
359,48,Garlic Naan,Breads,205.0,29.0,368.0,No
360,48,Kulcha,Breads,246.0,27.0,403.0,No
361,48,Cold Coffee,Beverages,210.0,19.0,160.0,Yes
362,48,Tandoori Roti,Breads,214.0,10.0,271.0,Yes
363,49,Butter Naan,Breads,227.0,28.0,517.0,Yes
364,49,Cold Coffee,Beverages,232.0,20.0,530.0,No
365,49,Chicken 65,Starters,331.0,13.0,318.0,Yes
366,49,Veg Burger,Fast Food,245.0,4.0,385.0,Yes
367,49,Kheer,Desserts,203.0,13.0,112.0,Yes
368,49,Garlic Naan,Breads,304.0,13.0,316.0,Yes
369,49,Garlic Naan,Breads,299.0,3.0,626.0,Yes
370,49,Masala Chai,Beverages,380.0,10.0,326.0,Yes
371,50,French Fries,Fast Food,223.0,20.0,547.0,Yes
372,50,Rasmalai,Desserts,224.0,24.0,915.0,Yes
373,50,Chicken 65,Starters,40.0,28.0,621.0,Yes
374,50,Kheer,Desserts,81.0,11.0,475.0,Yes
375,50,Paneer Tikka,Starters,67.0,13.0,435.0,Yes
376,50,Fish Fingers,Starters,118.0,16.0,269.0,No
377,50,Paneer Butter Masala,Main Course,95.0,21.0,384.0,No
378,51,Veg Sandwich,Fast Food,191.0,23.0,427.0,Yes
379,51,Garlic Naan,Breads,149.0,10.0,467.0,Yes
380,51,Rasmalai,Desserts,359.0,25.0,174.0,Yes
381,51,Chole Bhature,Main Course,40.0,12.0,169.0,Yes
382,51,Tandoori Roti,Breads,64.0,3.0,434.0,Yes
383,51,Brownie,Desserts,75.0,8.0,300.0,No
384,51,French Fries,Fast Food,122.0,15.0,189.0,No
385,51,Spring Rolls,Starters,268.0,20.0,462.0,No
386,52,Kulcha,Breads,140.0,26.0,473.0,Yes
387,52,French Fries,Fast Food,197.0,25.0,149.0,Yes
388,52,Fish Fingers,Starters,197.0,12.0,291.0,Yes
389,52,Veg Sandwich,Fast Food,251.0,28.0,590.0,Yes
390,52,Gulab Jamun,Desserts,180.0,15.0,586.0,Yes
391,52,Cold Coffee,Beverages,91.0,31.0,342.0,No
392,52,Fried Rice,Main Course,175.0,13.0,405.0,Yes
393,52,Veg Sandwich,Fast Food,98.0,15.0,423.0,Yes
394,53,Paneer Butter Masala,Main Course,170.0,3.0,771.0,Yes
395,53,Fresh Lime Soda,Beverages,322.0,8.0,306.0,Yes
396,53,Garlic Naan,Breads,164.0,23.0,470.0,Yes
397,53,Fresh Lime Soda,Beverages,81.0,36.0,340.0,Yes
398,53,Veg Manchurian,Starters,342.0,13.0,558.0,Yes
399,53,Chicken Burger,Fast Food,213.0,11.0,488.0,Yes
400,54,Fresh Lime Soda,Beverages,196.0,25.0,283.0,Yes
401,54,Cheese Pizza,Fast Food,172.0,24.0,125.0,Yes
402,54,Fresh Lime Soda,Beverages,76.0,18.0,427.0,Yes
403,54,Cheese Pizza,Fast Food,171.0,24.0,384.0,Yes
404,54,Lassi,Beverages,272.0,20.0,232.0,Yes
405,54,Momos,Starters,194.0,17.0,299.0,Yes
406,54,Veg Sandwich,Fast Food,43.0,8.0,272.0,Yes
407,55,Paneer Tikka,Starters,275.0,15.0,583.0,Yes
408,55,Garlic Naan,Breads,87.0,12.0,315.0,Yes
409,55,Butter Naan,Breads,153.0,19.0,494.0,Yes
410,55,Chole Bhature,Main Course,293.0,3.0,703.0,Yes
411,55,Paneer Butter Masala,Main Course,84.0,18.0,544.0,Yes
412,55,Veg Manchurian,Starters,237.0,26.0,552.0,Yes
413,55,Brownie,Desserts,217.0,24.0,214.0,Yes
414,56,Chicken Burger,Fast Food,116.0,10.0,50.0,Yes
415,56,Garlic Naan,Breads,95.0,9.0,260.0,Yes
416,56,Kulcha,Breads,240.0,11.0,526.0,Yes
417,56,Butter Naan,Breads,40.0,12.0,341.0,Yes
418,56,French Fries,Fast Food,286.0,18.0,443.0,Yes
419,56,Lassi,Beverages,81.0,24.0,391.0,Yes
420,56,Kheer,Desserts,40.0,23.0,443.0,Yes
421,56,Butter Naan,Breads,149.0,15.0,239.0,Yes
422,57,Chole Bhature,Main Course,284.0,23.0,241.0,Yes
423,57,Lassi,Beverages,184.0,12.0,208.0,Yes
424,57,Veg Burger,Fast Food,319.0,15.0,273.0,Yes
425,57,Ice Cream,Desserts,72.0,16.0,81.0,Yes
426,57,Chole Bhature,Main Course,166.0,27.0,539.0,Yes
427,57,Tandoori Roti,Breads,223.0,37.0,438.0,Yes
428,58,Rasmalai,Desserts,97.0,24.0,420.0,Yes
429,58,Chole Bhature,Main Course,183.0,20.0,340.0,Yes
430,58,Rasmalai,Desserts,348.0,4.0,522.0,Yes
431,58,Veg Sandwich,Fast Food,191.0,21.0,342.0,Yes
432,58,Cheese Pizza,Fast Food,316.0,25.0,284.0,Yes
433,58,Paneer Tikka,Starters,280.0,20.0,312.0,Yes
434,59,Veg Sandwich,Fast Food,40.0,24.0,291.0,Yes
435,59,Spring Rolls,Starters,227.0,29.0,278.0,Yes
436,59,Masala Chai,Beverages,301.0,8.0,622.0,Yes
437,59,Chicken Burger,Fast Food,343.0,25.0,465.0,Yes
438,59,Chicken Burger,Fast Food,260.0,15.0,200.0,Yes
439,59,Masala Chai,Beverages,113.0,36.0,225.0,Yes
440,59,Cold Coffee,Beverages,266.0,17.0,346.0,Yes
441,60,Kulcha,Breads,332.0,18.0,539.0,Yes
442,60,Butter Chicken,Main Course,395.0,16.0,471.0,Yes
443,60,Paneer Butter Masala,Main Course,243.0,15.0,473.0,No
444,60,Cheese Pizza,Fast Food,281.0,24.0,417.0,Yes
445,60,French Fries,Fast Food,40.0,6.0,675.0,Yes
446,60,Lassi,Beverages,94.0,27.0,216.0,Yes
447,60,Cheese Pizza,Fast Food,93.0,23.0,633.0,Yes
448,60,Paneer Tikka,Starters,238.0,20.0,195.0,Yes
449,61,Chicken 65,Starters,40.0,14.0,423.0,Yes
450,61,Veg Manchurian,Starters,175.0,35.0,168.0,Yes
451,61,Veg Burger,Fast Food,152.0,31.0,497.0,Yes
452,61,Spring Rolls,Starters,81.0,3.0,341.0,Yes
453,61,Paneer Tikka,Starters,88.0,14.0,743.0,Yes
454,61,Garlic Naan,Breads,88.0,12.0,537.0,Yes
455,61,Fried Rice,Main Course,206.0,29.0,522.0,Yes
456,61,Butter Naan,Breads,117.0,22.0,417.0,Yes
457,62,Ice Cream,Desserts,40.0,35.0,240.0,Yes
458,62,Cold Coffee,Beverages,170.0,14.0,417.0,Yes
459,62,Fish Fingers,Starters,197.0,22.0,328.0,Yes
460,62,Butter Naan,Breads,277.0,12.0,320.0,Yes
461,62,Paneer Tikka,Starters,40.0,19.0,627.0,Yes
462,62,Cold Coffee,Beverages,157.0,32.0,236.0,Yes
463,62,Momos,Starters,57.0,29.0,374.0,Yes
464,63,Kheer,Desserts,92.0,20.0,449.0,Yes
465,63,Cold Coffee,Beverages,265.0,15.0,196.0,Yes
466,63,Lassi,Beverages,155.0,17.0,568.0,No
467,63,Kheer,Desserts,44.0,14.0,444.0,Yes
468,63,Veg Burger,Fast Food,319.0,12.0,277.0,Yes
469,63,Butter Naan,Breads,239.0,3.0,315.0,Yes
470,63,Mojito,Beverages,233.0,20.0,430.0,Yes
471,64,French Fries,Fast Food,40.0,7.0,601.0,Yes
472,64,Kulcha,Breads,171.0,16.0,281.0,Yes
473,64,Cheese Pizza,Fast Food,181.0,14.0,528.0,Yes
474,64,Brownie,Desserts,85.0,24.0,646.0,Yes
475,64,Chole Bhature,Main Course,235.0,8.0,523.0,Yes
476,64,Mojito,Beverages,135.0,13.0,420.0,Yes
477,64,French Fries,Fast Food,157.0,14.0,502.0,Yes
478,65,Tandoori Roti,Breads,190.0,3.0,553.0,Yes
479,65,Butter Naan,Breads,287.0,22.0,499.0,Yes
480,65,Chole Bhature,Main Course,159.0,8.0,426.0,No
481,65,Kheer,Desserts,319.0,20.0,649.0,Yes
482,65,Cold Coffee,Beverages,333.0,17.0,330.0,Yes
483,65,Mojito,Beverages,141.0,16.0,253.0,No
484,65,Cheese Pizza,Fast Food,230.0,25.0,122.0,Yes
485,66,Butter Chicken,Main Course,340.0,13.0,355.0,Yes
486,66,Butter Chicken,Main Course,207.0,11.0,311.0,Yes
487,66,French Fries,Fast Food,105.0,17.0,312.0,Yes
488,66,Gulab Jamun,Desserts,213.0,7.0,466.0,Yes
489,66,Kulcha,Breads,78.0,26.0,521.0,Yes
490,66,Veg Burger,Fast Food,40.0,24.0,50.0,Yes
491,67,Veg Sandwich,Fast Food,74.0,26.0,318.0,Yes
492,67,Butter Chicken,Main Course,320.0,23.0,335.0,Yes
493,67,Veg Burger,Fast Food,128.0,30.0,328.0,Yes
494,67,Spring Rolls,Starters,40.0,10.0,418.0,Yes
495,67,Spring Rolls,Starters,109.0,37.0,302.0,Yes
496,67,Butter Naan,Breads,123.0,10.0,532.0,Yes
497,67,Fried Rice,Main Course,154.0,24.0,573.0,Yes
498,67,Chicken 65,Starters,212.0,20.0,219.0,Yes
499,67,Masala Chai,Beverages,43.0,6.0,410.0,Yes
500,68,Garlic Naan,Breads,387.0,13.0,553.0,Yes
501,68,Fresh Lime Soda,Beverages,227.0,18.0,363.0,Yes
502,68,Chicken 65,Starters,141.0,14.0,490.0,Yes
503,68,Veg Manchurian,Starters,257.0,14.0,334.0,Yes
504,68,Momos,Starters,127.0,26.0,531.0,No
505,68,Mojito,Beverages,312.0,11.0,307.0,Yes
506,68,Cold Coffee,Beverages,328.0,28.0,251.0,Yes
507,68,Fried Rice,Main Course,99.0,20.0,586.0,Yes
508,69,Garlic Naan,Breads,98.0,18.0,563.0,Yes
509,69,French Fries,Fast Food,161.0,17.0,613.0,Yes
510,69,Mojito,Beverages,142.0,28.0,377.0,Yes
511,69,Spring Rolls,Starters,82.0,22.0,307.0,Yes
512,69,Fried Rice,Main Course,74.0,33.0,462.0,Yes
513,69,Cheese Pizza,Fast Food,151.0,15.0,629.0,Yes
514,69,Kheer,Desserts,324.0,13.0,439.0,Yes
515,69,Chicken Burger,Fast Food,146.0,24.0,346.0,Yes
516,70,Paneer Butter Masala,Main Course,40.0,9.0,556.0,Yes
517,70,Dal Makhani,Main Course,115.0,24.0,455.0,Yes
518,70,Tandoori Roti,Breads,115.0,16.0,306.0,No
519,70,Chicken 65,Starters,145.0,3.0,382.0,Yes
520,70,Cheese Pizza,Fast Food,127.0,18.0,479.0,Yes
521,70,Kulcha,Breads,235.0,13.0,303.0,Yes
522,71,Butter Chicken,Main Course,166.0,26.0,322.0,Yes
523,71,Gulab Jamun,Desserts,118.0,9.0,476.0,Yes
524,71,Veg Sandwich,Fast Food,153.0,9.0,280.0,No
525,71,Veg Manchurian,Starters,240.0,19.0,299.0,Yes
526,71,Butter Naan,Breads,231.0,26.0,498.0,Yes
527,71,Dal Makhani,Main Course,198.0,31.0,598.0,No
528,72,Paneer Butter Masala,Main Course,185.0,26.0,497.0,Yes
529,72,French Fries,Fast Food,131.0,30.0,653.0,Yes
530,72,Kulcha,Breads,287.0,23.0,541.0,Yes
531,72,Paneer Butter Masala,Main Course,149.0,26.0,206.0,Yes
532,72,Gulab Jamun,Desserts,150.0,3.0,460.0,Yes
533,72,Lassi,Beverages,272.0,31.0,367.0,Yes
534,73,French Fries,Fast Food,200.0,17.0,671.0,No
535,73,Garlic Naan,Breads,209.0,32.0,586.0,No
536,73,Biryani,Main Course,247.0,13.0,237.0,Yes
537,73,Butter Naan,Breads,188.0,18.0,225.0,Yes
538,73,Brownie,Desserts,277.0,19.0,488.0,Yes
539,73,Tandoori Roti,Breads,332.0,11.0,87.0,Yes
540,73,Chicken 65,Starters,127.0,31.0,401.0,Yes
541,74,Tandoori Roti,Breads,162.0,13.0,399.0,Yes
542,74,Spring Rolls,Starters,128.0,14.0,556.0,Yes
543,74,Momos,Starters,413.0,11.0,319.0,Yes
544,74,Butter Naan,Breads,129.0,30.0,513.0,Yes
545,74,Kulcha,Breads,156.0,13.0,634.0,No
546,74,Kheer,Desserts,183.0,17.0,75.0,No
547,75,Chicken 65,Starters,251.0,17.0,416.0,No
548,75,Garlic Naan,Breads,189.0,25.0,65.0,Yes
549,75,Ice Cream,Desserts,72.0,33.0,216.0,Yes
550,75,Spring Rolls,Starters,111.0,28.0,407.0,Yes
551,75,Veg Burger,Fast Food,185.0,30.0,313.0,Yes
552,75,Cold Coffee,Beverages,131.0,24.0,423.0,Yes
553,76,Garlic Naan,Breads,272.0,12.0,429.0,Yes
554,76,Cold Coffee,Beverages,173.0,14.0,207.0,Yes
555,76,Spring Rolls,Starters,142.0,13.0,587.0,Yes
556,76,Paneer Tikka,Starters,231.0,21.0,372.0,No
557,76,Spring Rolls,Starters,99.0,19.0,612.0,Yes
558,76,Lassi,Beverages,102.0,21.0,332.0,Yes
559,76,Momos,Starters,179.0,16.0,467.0,Yes
560,77,Rasmalai,Desserts,165.0,13.0,163.0,Yes
561,77,Butter Chicken,Main Course,199.0,22.0,409.0,Yes
562,77,Kheer,Desserts,173.0,29.0,643.0,Yes
563,77,Ice Cream,Desserts,276.0,20.0,414.0,Yes
564,77,Brownie,Desserts,85.0,3.0,605.0,Yes
565,77,Chole Bhature,Main Course,190.0,45.0,312.0,Yes
566,77,Chole Bhature,Main Course,218.0,26.0,302.0,Yes
567,77,Fried Rice,Main Course,155.0,16.0,338.0,Yes
568,78,Garlic Naan,Breads,215.0,18.0,94.0,Yes
569,78,Lassi,Beverages,189.0,20.0,393.0,No
570,78,Spring Rolls,Starters,328.0,20.0,403.0,Yes
571,78,Garlic Naan,Breads,261.0,36.0,378.0,Yes
572,78,Rasmalai,Desserts,274.0,32.0,365.0,Yes
573,78,Mojito,Beverages,74.0,21.0,602.0,Yes
574,79,Fried Rice,Main Course,154.0,26.0,271.0,Yes
575,79,Masala Chai,Beverages,157.0,17.0,379.0,Yes
576,79,French Fries,Fast Food,102.0,15.0,104.0,Yes
577,79,Brownie,Desserts,242.0,18.0,572.0,Yes
578,79,Tandoori Roti,Breads,171.0,3.0,447.0,Yes
579,79,Momos,Starters,120.0,26.0,,Yes
580,79,Butter Naan,Breads,361.0,10.0,436.0,Yes
581,79,Masala Chai,Beverages,233.0,15.0,,Yes
582,80,Veg Sandwich,Fast Food,161.0,3.0,295.0,Yes
583,80,Masala Chai,Beverages,163.0,26.0,441.0,Yes
584,80,Fresh Lime Soda,Beverages,143.0,14.0,317.0,Yes
585,80,Spring Rolls,Starters,262.0,6.0,272.0,Yes
586,80,Biryani,Main Course,45.0,22.0,627.0,Yes
587,80,Paneer Tikka,Starters,231.0,23.0,321.0,Yes
588,80,Garlic Naan,Breads,223.0,11.0,313.0,No
589,81,Garlic Naan,Breads,176.0,18.0,668.0,Yes
590,81,Kulcha,Breads,257.0,18.0,656.0,Yes
591,81,Chole Bhature,Main Course,396.0,18.0,457.0,Yes
592,81,Tandoori Roti,Breads,68.0,19.0,298.0,Yes
593,81,Butter Chicken,Main Course,40.0,25.0,415.0,No
594,81,Paneer Butter Masala,Main Course,101.0,3.0,308.0,Yes
595,82,Fish Fingers,Starters,119.0,17.0,138.0,Yes
596,82,Butter Chicken,Main Course,218.0,23.0,204.0,No
597,82,Butter Chicken,Main Course,40.0,26.0,377.0,Yes
598,82,Momos,Starters,237.0,18.0,386.0,No
599,82,Gulab Jamun,Desserts,273.0,24.0,457.0,Yes
600,82,Fish Fingers,Starters,220.0,14.0,483.0,Yes
601,82,Paneer Tikka,Starters,319.0,26.0,119.0,Yes
602,83,Kheer,Desserts,220.0,22.0,569.0,Yes
603,83,Rasmalai,Desserts,291.0,21.0,214.0,Yes
604,83,Chole Bhature,Main Course,169.0,11.0,225.0,Yes
605,83,Rasmalai,Desserts,305.0,14.0,698.0,Yes
606,83,Butter Naan,Breads,145.0,12.0,490.0,Yes
607,83,Kheer,Desserts,172.0,20.0,,Yes
608,83,Tandoori Roti,Breads,131.0,14.0,243.0,Yes
609,83,Chole Bhature,Main Course,266.0,19.0,423.0,Yes
610,84,Kheer,Desserts,239.0,20.0,739.0,Yes
611,84,Spring Rolls,Starters,218.0,3.0,325.0,Yes
612,84,Garlic Naan,Breads,96.0,21.0,337.0,Yes
613,84,Chicken Burger,Fast Food,225.0,12.0,429.0,Yes
614,84,Tandoori Roti,Breads,132.0,15.0,433.0,No
615,84,Lassi,Beverages,220.0,29.0,569.0,Yes
616,84,Dal Makhani,Main Course,264.0,21.0,326.0,Yes
617,84,Paneer Butter Masala,Main Course,235.0,27.0,579.0,Yes
618,85,Chicken Burger,Fast Food,181.0,15.0,518.0,Yes
619,85,Rasmalai,Desserts,40.0,30.0,584.0,Yes
620,85,Butter Chicken,Main Course,154.0,15.0,711.0,Yes
621,85,Kulcha,Breads,86.0,15.0,662.0,Yes
622,85,Kulcha,Breads,83.0,19.0,364.0,Yes
623,85,Mojito,Beverages,365.0,13.0,196.0,No
624,85,Masala Chai,Beverages,201.0,13.0,489.0,Yes
625,86,Garlic Naan,Breads,219.0,8.0,675.0,Yes
626,86,Fresh Lime Soda,Beverages,125.0,13.0,486.0,Yes
627,86,Tandoori Roti,Breads,326.0,7.0,330.0,Yes
628,86,Veg Sandwich,Fast Food,266.0,13.0,423.0,Yes
629,86,Garlic Naan,Breads,142.0,21.0,212.0,Yes
630,86,Dal Makhani,Main Course,208.0,21.0,502.0,Yes
631,86,Biryani,Main Course,132.0,29.0,85.0,Yes
632,87,Butter Naan,Breads,120.0,37.0,404.0,Yes
633,87,Chole Bhature,Main Course,281.0,19.0,660.0,Yes
634,87,Gulab Jamun,Desserts,162.0,19.0,531.0,Yes
635,87,Rasmalai,Desserts,317.0,3.0,477.0,Yes
636,87,Chole Bhature,Main Course,103.0,17.0,319.0,Yes
637,87,Rasmalai,Desserts,40.0,26.0,203.0,Yes
638,87,Veg Manchurian,Starters,173.0,17.0,280.0,Yes
639,88,Fresh Lime Soda,Beverages,237.0,15.0,292.0,Yes
640,88,Brownie,Desserts,49.0,10.0,463.0,Yes
641,88,Butter Naan,Breads,40.0,31.0,377.0,Yes
642,88,Kulcha,Breads,101.0,22.0,337.0,Yes
643,88,Veg Burger,Fast Food,260.0,9.0,251.0,Yes
644,88,Rasmalai,Desserts,233.0,27.0,429.0,No
645,88,French Fries,Fast Food,200.0,11.0,322.0,No
646,89,Veg Sandwich,Fast Food,120.0,28.0,608.0,Yes
647,89,Kulcha,Breads,226.0,34.0,492.0,Yes
648,89,Fried Rice,Main Course,286.0,16.0,376.0,Yes
649,89,Paneer Tikka,Starters,165.0,10.0,333.0,Yes
650,89,Chole Bhature,Main Course,209.0,13.0,483.0,Yes
651,89,Paneer Butter Masala,Main Course,113.0,11.0,401.0,Yes
652,89,Kheer,Desserts,40.0,26.0,505.0,Yes
653,90,Rasmalai,Desserts,253.0,23.0,382.0,Yes
654,90,Cheese Pizza,Fast Food,201.0,21.0,182.0,Yes
655,90,Veg Manchurian,Starters,198.0,14.0,677.0,Yes
656,90,Rasmalai,Desserts,162.0,16.0,216.0,Yes
657,90,Chicken 65,Starters,144.0,3.0,678.0,Yes
658,90,Kheer,Desserts,232.0,15.0,475.0,Yes
659,90,Cheese Pizza,Fast Food,93.0,16.0,233.0,Yes
660,91,Garlic Naan,Breads,42.0,24.0,384.0,Yes
661,91,Veg Sandwich,Fast Food,40.0,11.0,595.0,Yes
662,91,Chicken 65,Starters,114.0,22.0,289.0,Yes
663,91,Kheer,Desserts,201.0,22.0,300.0,Yes
664,91,Kulcha,Breads,167.0,20.0,314.0,Yes
665,91,Garlic Naan,Breads,161.0,10.0,415.0,Yes
666,92,Fresh Lime Soda,Beverages,276.0,8.0,294.0,No
667,92,Momos,Starters,40.0,22.0,160.0,Yes
668,92,Rasmalai,Desserts,225.0,22.0,536.0,Yes
669,92,Tandoori Roti,Breads,213.0,5.0,380.0,No
670,92,Fried Rice,Main Course,197.0,22.0,485.0,Yes
671,92,Spring Rolls,Starters,141.0,17.0,385.0,Yes
672,92,Veg Manchurian,Starters,66.0,10.0,389.0,Yes
673,92,Ice Cream,Desserts,104.0,6.0,172.0,Yes
674,93,Garlic Naan,Breads,242.0,20.0,422.0,Yes
675,93,Veg Manchurian,Starters,150.0,13.0,97.0,Yes
676,93,Chole Bhature,Main Course,233.0,14.0,493.0,No
677,93,Fresh Lime Soda,Beverages,95.0,31.0,428.0,Yes
678,93,Butter Naan,Breads,169.0,9.0,424.0,Yes
679,93,Kulcha,Breads,235.0,3.0,379.0,Yes
680,93,Brownie,Desserts,169.0,21.0,148.0,Yes
681,93,Kulcha,Breads,252.0,23.0,516.0,Yes
682,93,Tandoori Roti,Breads,120.0,26.0,278.0,No
683,94,Veg Manchurian,Starters,40.0,20.0,390.0,No
684,94,Fried Rice,Main Course,289.0,9.0,348.0,Yes
685,94,Gulab Jamun,Desserts,140.0,24.0,237.0,Yes
686,94,Butter Naan,Breads,294.0,12.0,333.0,Yes
687,94,Cheese Pizza,Fast Food,183.0,9.0,458.0,Yes
688,94,Gulab Jamun,Desserts,203.0,13.0,442.0,Yes
689,94,Paneer Butter Masala,Main Course,208.0,22.0,565.0,Yes
690,94,Chole Bhature,Main Course,217.0,21.0,234.0,Yes
691,94,Chole Bhature,Main Course,41.0,13.0,449.0,Yes
692,95,Kulcha,Breads,217.0,3.0,419.0,Yes
693,95,Butter Naan,Breads,281.0,36.0,616.0,No
694,95,Masala Chai,Beverages,133.0,13.0,473.0,Yes
695,95,Biryani,Main Course,252.0,26.0,489.0,Yes
696,95,Gulab Jamun,Desserts,69.0,6.0,618.0,Yes
697,95,Spring Rolls,Starters,165.0,10.0,230.0,Yes
698,95,Biryani,Main Course,131.0,30.0,363.0,Yes
699,95,Gulab Jamun,Desserts,245.0,20.0,391.0,Yes
700,96,Rasmalai,Desserts,40.0,24.0,288.0,Yes
701,96,Tandoori Roti,Breads,40.0,3.0,488.0,Yes
702,96,Butter Naan,Breads,252.0,3.0,321.0,Yes
703,96,Chole Bhature,Main Course,212.0,19.0,322.0,Yes
704,96,Chicken 65,Starters,172.0,25.0,465.0,Yes
705,96,Mojito,Beverages,238.0,14.0,209.0,Yes
706,96,Lassi,Beverages,201.0,24.0,298.0,Yes
707,96,Kulcha,Breads,200.0,17.0,150.0,Yes
708,96,Tandoori Roti,Breads,165.0,19.0,330.0,Yes
709,97,Rasmalai,Desserts,278.0,8.0,722.0,Yes
710,97,Veg Burger,Fast Food,179.0,16.0,537.0,Yes
711,97,Fish Fingers,Starters,45.0,36.0,297.0,Yes
712,97,Rasmalai,Desserts,259.0,18.0,247.0,No
713,97,Fresh Lime Soda,Beverages,271.0,22.0,857.0,Yes
714,97,Brownie,Desserts,214.0,12.0,121.0,Yes
715,97,Spring Rolls,Starters,113.0,20.0,343.0,Yes
716,97,Veg Manchurian,Starters,248.0,20.0,212.0,Yes
717,98,Biryani,Main Course,143.0,11.0,451.0,Yes
718,98,Mojito,Beverages,218.0,13.0,154.0,Yes
719,98,Butter Chicken,Main Course,433.0,20.0,448.0,Yes
720,98,Ice Cream,Desserts,40.0,23.0,559.0,Yes
721,98,Garlic Naan,Breads,210.0,19.0,420.0,Yes
722,98,Veg Sandwich,Fast Food,100.0,12.0,365.0,Yes
723,98,Chicken 65,Starters,278.0,20.0,288.0,Yes
724,99,Kheer,Desserts,121.0,3.0,467.0,Yes
725,99,Gulab Jamun,Desserts,161.0,19.0,854.0,Yes
726,99,Rasmalai,Desserts,139.0,19.0,305.0,Yes
727,99,Lassi,Beverages,164.0,10.0,235.0,Yes
728,99,Butter Chicken,Main Course,40.0,9.0,434.0,No
729,99,Cheese Pizza,Fast Food,151.0,16.0,332.0,Yes
730,100,Kheer,Desserts,193.0,18.0,404.0,Yes
731,100,French Fries,Fast Food,150.0,23.0,99.0,Yes
732,100,Tandoori Roti,Breads,111.0,11.0,496.0,Yes
733,100,Butter Naan,Breads,131.0,10.0,425.0,Yes
734,100,Lassi,Beverages,252.0,23.0,539.0,Yes
735,100,Chole Bhature,Main Course,190.0,20.0,361.0,Yes
736,100,Chole Bhature,Main Course,150.0,10.0,503.0,Yes
737,100,Veg Sandwich,Fast Food,40.0,7.0,680.0,Yes
738,100,Gulab Jamun,Desserts,169.0,19.0,218.0,Yes
739,101,Cheese Pizza,Fast Food,223.0,28.0,617.0,Yes
740,101,Brownie,Desserts,43.0,27.0,401.0,Yes
741,101,Cheese Pizza,Fast Food,40.0,5.0,117.0,Yes
742,101,Spring Rolls,Starters,234.0,16.0,302.0,Yes
743,101,Gulab Jamun,Desserts,171.0,32.0,355.0,Yes
744,101,Fish Fingers,Starters,209.0,23.0,217.0,Yes
745,101,Paneer Butter Masala,Main Course,230.0,25.0,550.0,Yes
746,101,Garlic Naan,Breads,166.0,25.0,473.0,Yes
747,102,Tandoori Roti,Breads,186.0,25.0,661.0,Yes
748,102,Lassi,Beverages,263.0,17.0,326.0,Yes
749,102,Dal Makhani,Main Course,227.0,19.0,568.0,Yes
750,102,Cheese Pizza,Fast Food,94.0,26.0,190.0,Yes
751,102,Veg Burger,Fast Food,164.0,22.0,383.0,Yes
752,102,Gulab Jamun,Desserts,219.0,29.0,314.0,Yes
753,102,Rasmalai,Desserts,53.0,8.0,386.0,Yes
754,102,Garlic Naan,Breads,292.0,15.0,723.0,Yes
755,102,Rasmalai,Desserts,65.0,4.0,435.0,Yes
756,103,Masala Chai,Beverages,128.0,11.0,403.0,Yes
757,103,Paneer Butter Masala,Main Course,69.0,22.0,429.0,Yes
758,103,Ice Cream,Desserts,147.0,19.0,686.0,Yes
759,103,Tandoori Roti,Breads,157.0,14.0,500.0,Yes
760,103,Veg Burger,Fast Food,120.0,21.0,523.0,Yes
761,103,Butter Naan,Breads,305.0,15.0,201.0,Yes
762,103,Gulab Jamun,Desserts,156.0,19.0,307.0,Yes
763,103,Butter Chicken,Main Course,191.0,31.0,314.0,Yes
764,103,Masala Chai,Beverages,107.0,25.0,214.0,Yes
765,104,Cold Coffee,Beverages,181.0,13.0,151.0,Yes
766,104,Butter Naan,Breads,167.0,12.0,475.0,Yes
767,104,Biryani,Main Course,197.0,19.0,257.0,Yes
768,104,Ice Cream,Desserts,129.0,20.0,266.0,Yes
769,104,Cheese Pizza,Fast Food,176.0,20.0,512.0,Yes
770,104,Dal Makhani,Main Course,131.0,14.0,429.0,Yes
771,105,Butter Naan,Breads,114.0,6.0,453.0,Yes
772,105,Cold Coffee,Beverages,156.0,22.0,314.0,Yes
773,105,Garlic Naan,Breads,187.0,3.0,491.0,Yes
774,105,Butter Naan,Breads,131.0,16.0,377.0,Yes
775,105,Momos,Starters,148.0,18.0,402.0,Yes
776,105,Rasmalai,Desserts,199.0,7.0,515.0,Yes
777,105,Cold Coffee,Beverages,168.0,20.0,380.0,No
778,105,Ice Cream,Desserts,84.0,38.0,418.0,Yes
779,105,Gulab Jamun,Desserts,40.0,17.0,341.0,No
780,106,Biryani,Main Course,165.0,4.0,404.0,Yes
781,106,Veg Sandwich,Fast Food,101.0,29.0,383.0,Yes
782,106,Kheer,Desserts,244.0,25.0,466.0,Yes
783,106,Fish Fingers,Starters,194.0,26.0,306.0,No
784,106,Brownie,Desserts,247.0,14.0,413.0,No
785,106,Paneer Tikka,Starters,71.0,7.0,388.0,No
786,107,Lassi,Beverages,276.0,16.0,653.0,Yes
787,107,Butter Chicken,Main Course,215.0,16.0,622.0,Yes
788,107,Kheer,Desserts,297.0,7.0,394.0,Yes
789,107,Paneer Tikka,Starters,226.0,23.0,491.0,No
790,107,Tandoori Roti,Breads,165.0,15.0,384.0,Yes
791,107,Spring Rolls,Starters,112.0,7.0,477.0,Yes
792,107,Veg Burger,Fast Food,231.0,32.0,311.0,Yes
793,108,Garlic Naan,Breads,212.0,15.0,378.0,Yes
794,108,Ice Cream,Desserts,123.0,18.0,607.0,Yes
795,108,Cold Coffee,Beverages,141.0,21.0,310.0,Yes
796,108,Veg Manchurian,Starters,48.0,16.0,687.0,Yes
797,108,Butter Chicken,Main Course,106.0,10.0,268.0,Yes
798,108,Veg Sandwich,Fast Food,342.0,26.0,495.0,Yes
799,108,Fish Fingers,Starters,301.0,25.0,383.0,No
800,108,French Fries,Fast Food,139.0,26.0,416.0,Yes
801,108,Paneer Tikka,Starters,97.0,22.0,352.0,Yes
802,109,Tandoori Roti,Breads,279.0,10.0,485.0,Yes
803,109,Butter Naan,Breads,194.0,19.0,441.0,Yes
804,109,Chicken Burger,Fast Food,162.0,22.0,442.0,Yes
805,109,Masala Chai,Beverages,190.0,27.0,198.0,Yes
806,109,Fried Rice,Main Course,232.0,19.0,475.0,Yes
807,109,Chicken 65,Starters,234.0,23.0,342.0,Yes
808,109,Chole Bhature,Main Course,121.0,21.0,621.0,No
809,109,Rasmalai,Desserts,161.0,9.0,518.0,Yes
810,110,Paneer Butter Masala,Main Course,104.0,20.0,249.0,No
811,110,Chicken Burger,Fast Food,154.0,17.0,355.0,Yes
812,110,Chicken Burger,Fast Food,201.0,20.0,323.0,No
813,110,Mojito,Beverages,130.0,28.0,364.0,Yes
814,110,Chicken Burger,Fast Food,206.0,7.0,669.0,Yes
815,110,Garlic Naan,Breads,221.0,3.0,248.0,Yes
816,111,Garlic Naan,Breads,115.0,31.0,778.0,Yes
817,111,Butter Naan,Breads,227.0,26.0,587.0,Yes
818,111,Cold Coffee,Beverages,80.0,17.0,386.0,Yes
819,111,Cheese Pizza,Fast Food,304.0,34.0,732.0,Yes
820,111,Fried Rice,Main Course,224.0,21.0,333.0,Yes
821,111,Veg Sandwich,Fast Food,185.0,26.0,542.0,Yes
822,111,Biryani,Main Course,229.0,11.0,690.0,Yes
823,111,Veg Manchurian,Starters,222.0,19.0,534.0,Yes
824,111,Chicken Burger,Fast Food,122.0,12.0,344.0,No
825,112,Gulab Jamun,Desserts,89.0,18.0,94.0,Yes
826,112,Fresh Lime Soda,Beverages,136.0,3.0,361.0,Yes
827,112,Momos,Starters,160.0,27.0,443.0,Yes
828,112,Momos,Starters,110.0,14.0,614.0,Yes
829,112,Gulab Jamun,Desserts,81.0,35.0,463.0,Yes
830,112,Fresh Lime Soda,Beverages,63.0,9.0,524.0,Yes
831,113,Fish Fingers,Starters,246.0,21.0,417.0,No
832,113,Butter Naan,Breads,170.0,11.0,458.0,Yes
833,113,Chole Bhature,Main Course,325.0,17.0,439.0,Yes
834,113,Paneer Tikka,Starters,272.0,13.0,461.0,Yes
835,113,Kulcha,Breads,251.0,12.0,205.0,Yes
836,113,Momos,Starters,159.0,24.0,179.0,Yes
837,113,Butter Chicken,Main Course,201.0,16.0,366.0,No
838,113,Veg Burger,Fast Food,207.0,4.0,578.0,Yes
839,114,Chole Bhature,Main Course,99.0,20.0,505.0,Yes
840,114,Kheer,Desserts,311.0,17.0,180.0,Yes
841,114,Rasmalai,Desserts,40.0,28.0,316.0,Yes
842,114,Lassi,Beverages,146.0,8.0,342.0,Yes
843,114,Ice Cream,Desserts,336.0,18.0,278.0,Yes
844,114,Paneer Tikka,Starters,274.0,3.0,398.0,Yes
845,114,Butter Naan,Breads,147.0,15.0,184.0,Yes
846,114,Fish Fingers,Starters,166.0,14.0,256.0,Yes
847,115,Butter Chicken,Main Course,143.0,3.0,726.0,Yes
848,115,Butter Chicken,Main Course,40.0,16.0,375.0,Yes
849,115,Veg Manchurian,Starters,128.0,16.0,495.0,No
850,115,Fish Fingers,Starters,66.0,3.0,320.0,Yes
851,115,Paneer Butter Masala,Main Course,40.0,10.0,318.0,Yes
852,115,Brownie,Desserts,188.0,28.0,444.0,Yes
853,115,French Fries,Fast Food,210.0,12.0,308.0,Yes
854,115,Gulab Jamun,Desserts,127.0,16.0,333.0,Yes
855,116,Cold Coffee,Beverages,209.0,22.0,591.0,Yes
856,116,Lassi,Beverages,204.0,20.0,573.0,Yes
857,116,Gulab Jamun,Desserts,244.0,15.0,243.0,Yes
858,116,Masala Chai,Beverages,136.0,11.0,417.0,Yes
859,116,Cold Coffee,Beverages,223.0,14.0,345.0,No
860,116,Masala Chai,Beverages,40.0,13.0,870.0,Yes
861,116,Paneer Tikka,Starters,281.0,28.0,472.0,Yes
862,116,Veg Sandwich,Fast Food,263.0,15.0,278.0,Yes
863,116,Dal Makhani,Main Course,313.0,9.0,473.0,No
864,117,Butter Chicken,Main Course,340.0,25.0,361.0,Yes
865,117,Fried Rice,Main Course,295.0,19.0,379.0,Yes
866,117,Cheese Pizza,Fast Food,246.0,10.0,184.0,Yes
867,117,Cold Coffee,Beverages,158.0,12.0,181.0,Yes
868,117,Dal Makhani,Main Course,182.0,13.0,257.0,No
869,117,Gulab Jamun,Desserts,178.0,10.0,574.0,Yes
870,117,Momos,Starters,340.0,23.0,335.0,Yes
871,118,Kulcha,Breads,216.0,12.0,499.0,Yes
872,118,Tandoori Roti,Breads,244.0,24.0,344.0,Yes
873,118,Chicken 65,Starters,243.0,21.0,439.0,Yes
874,118,Kheer,Desserts,188.0,9.0,462.0,Yes
875,118,Cheese Pizza,Fast Food,154.0,7.0,294.0,Yes
876,118,Kulcha,Breads,218.0,14.0,314.0,Yes
877,118,Biryani,Main Course,40.0,26.0,234.0,Yes
878,119,Paneer Tikka,Starters,185.0,14.0,439.0,Yes
879,119,Veg Sandwich,Fast Food,202.0,16.0,441.0,Yes
880,119,French Fries,Fast Food,181.0,7.0,580.0,Yes
881,119,Mojito,Beverages,316.0,10.0,167.0,Yes
882,119,Fresh Lime Soda,Beverages,292.0,9.0,594.0,Yes
883,119,French Fries,Fast Food,284.0,16.0,373.0,Yes
884,119,Chicken Burger,Fast Food,90.0,18.0,473.0,Yes
885,119,Paneer Butter Masala,Main Course,212.0,22.0,559.0,Yes
886,120,Dal Makhani,Main Course,175.0,40.0,467.0,Yes
887,120,Lassi,Beverages,215.0,21.0,460.0,Yes
888,120,Gulab Jamun,Desserts,215.0,26.0,50.0,Yes
889,120,Dal Makhani,Main Course,158.0,4.0,604.0,Yes
890,120,Cheese Pizza,Fast Food,53.0,11.0,300.0,Yes
891,120,Chole Bhature,Main Course,70.0,15.0,85.0,Yes
892,120,Fresh Lime Soda,Beverages,317.0,21.0,285.0,Yes
893,120,Cheese Pizza,Fast Food,231.0,20.0,258.0,Yes
894,121,Garlic Naan,Breads,243.0,16.0,570.0,Yes
895,121,Momos,Starters,136.0,7.0,546.0,Yes
896,121,Fried Rice,Main Course,159.0,17.0,439.0,Yes
897,121,Dal Makhani,Main Course,91.0,15.0,319.0,Yes
898,121,Dal Makhani,Main Course,144.0,27.0,283.0,Yes
899,121,Gulab Jamun,Desserts,105.0,29.0,252.0,Yes
900,122,Kulcha,Breads,185.0,23.0,501.0,Yes
901,122,Momos,Starters,53.0,12.0,138.0,Yes
902,122,Cold Coffee,Beverages,254.0,26.0,551.0,No
903,122,Garlic Naan,Breads,177.0,16.0,315.0,No
904,122,Paneer Tikka,Starters,42.0,22.0,254.0,Yes
905,122,Rasmalai,Desserts,40.0,28.0,307.0,Yes
906,122,Momos,Starters,201.0,16.0,569.0,Yes
907,123,Veg Burger,Fast Food,47.0,24.0,392.0,No
908,123,Chicken 65,Starters,220.0,14.0,344.0,Yes
909,123,Lassi,Beverages,262.0,12.0,320.0,Yes
910,123,Chicken Burger,Fast Food,158.0,6.0,359.0,Yes
911,123,Chicken Burger,Fast Food,161.0,23.0,320.0,Yes
912,123,Momos,Starters,40.0,18.0,328.0,No
913,123,Fresh Lime Soda,Beverages,73.0,20.0,454.0,Yes
914,123,Momos,Starters,234.0,21.0,510.0,Yes
915,123,Cold Coffee,Beverages,210.0,34.0,620.0,Yes
916,124,Ice Cream,Desserts,201.0,4.0,680.0,Yes
917,124,Spring Rolls,Starters,155.0,23.0,470.0,Yes
918,124,Lassi,Beverages,169.0,14.0,348.0,Yes
919,124,Gulab Jamun,Desserts,40.0,8.0,326.0,Yes
920,124,Butter Naan,Breads,184.0,22.0,313.0,No
921,124,Brownie,Desserts,241.0,16.0,345.0,Yes
922,124,Kulcha,Breads,184.0,23.0,364.0,Yes
923,124,Garlic Naan,Breads,212.0,23.0,481.0,Yes
924,124,Kheer,Desserts,119.0,14.0,487.0,Yes
925,125,Paneer Butter Masala,Main Course,167.0,11.0,406.0,Yes
926,125,Brownie,Desserts,250.0,25.0,553.0,Yes
927,125,Momos,Starters,182.0,21.0,565.0,No
928,125,Mojito,Beverages,122.0,25.0,504.0,Yes
929,125,Tandoori Roti,Breads,243.0,4.0,317.0,Yes
930,125,Fresh Lime Soda,Beverages,124.0,29.0,267.0,Yes
931,125,Fish Fingers,Starters,84.0,8.0,343.0,No
932,125,Veg Manchurian,Starters,216.0,32.0,342.0,Yes
933,126,Lassi,Beverages,111.0,30.0,656.0,Yes
934,126,Butter Naan,Breads,40.0,13.0,432.0,Yes
935,126,Kulcha,Breads,196.0,35.0,317.0,No
936,126,Masala Chai,Beverages,76.0,11.0,563.0,Yes
937,126,Garlic Naan,Breads,178.0,30.0,,Yes
938,126,Lassi,Beverages,118.0,24.0,580.0,No
939,126,Veg Sandwich,Fast Food,311.0,6.0,442.0,No
940,126,Kheer,Desserts,79.0,15.0,364.0,Yes
941,127,Fresh Lime Soda,Beverages,205.0,21.0,309.0,Yes
942,127,Spring Rolls,Starters,289.0,28.0,427.0,Yes
943,127,Garlic Naan,Breads,335.0,17.0,122.0,Yes
944,127,Fresh Lime Soda,Beverages,97.0,14.0,538.0,Yes
945,127,Gulab Jamun,Desserts,91.0,17.0,771.0,Yes
946,127,Fresh Lime Soda,Beverages,200.0,30.0,220.0,Yes
947,127,Dal Makhani,Main Course,40.0,5.0,562.0,Yes
948,128,Chicken 65,Starters,159.0,15.0,658.0,Yes
949,128,Paneer Butter Masala,Main Course,277.0,21.0,579.0,Yes
950,128,Paneer Tikka,Starters,166.0,20.0,218.0,No
951,128,Mojito,Beverages,111.0,15.0,396.0,Yes
952,128,Ice Cream,Desserts,268.0,27.0,828.0,Yes
953,128,Veg Manchurian,Starters,387.0,27.0,176.0,Yes
954,128,French Fries,Fast Food,308.0,33.0,421.0,Yes
955,128,Tandoori Roti,Breads,40.0,19.0,534.0,Yes
956,128,Cheese Pizza,Fast Food,202.0,14.0,388.0,Yes
957,129,Butter Naan,Breads,296.0,21.0,620.0,No
958,129,Gulab Jamun,Desserts,278.0,16.0,525.0,Yes
959,129,Veg Manchurian,Starters,315.0,19.0,500.0,No
960,129,Veg Burger,Fast Food,43.0,14.0,377.0,Yes
961,129,Ice Cream,Desserts,87.0,19.0,654.0,Yes
962,129,French Fries,Fast Food,207.0,28.0,506.0,Yes
963,129,Kheer,Desserts,334.0,17.0,299.0,Yes
964,129,Cold Coffee,Beverages,250.0,5.0,489.0,No
965,129,Fried Rice,Main Course,40.0,11.0,452.0,Yes
966,130,Chicken Burger,Fast Food,65.0,14.0,203.0,Yes
967,130,Garlic Naan,Breads,244.0,27.0,400.0,Yes
968,130,Cheese Pizza,Fast Food,377.0,16.0,199.0,Yes
969,130,Cold Coffee,Beverages,51.0,16.0,448.0,Yes
970,130,French Fries,Fast Food,404.0,9.0,305.0,Yes
971,130,Fried Rice,Main Course,223.0,18.0,309.0,Yes
972,131,Butter Naan,Breads,176.0,8.0,333.0,Yes
973,131,Masala Chai,Beverages,80.0,26.0,511.0,No
974,131,Fresh Lime Soda,Beverages,175.0,18.0,433.0,Yes
975,131,Biryani,Main Course,139.0,4.0,348.0,Yes
976,131,Fish Fingers,Starters,223.0,25.0,410.0,Yes
977,131,Garlic Naan,Breads,125.0,22.0,426.0,Yes
978,132,Veg Burger,Fast Food,86.0,3.0,319.0,Yes
979,132,Rasmalai,Desserts,317.0,22.0,622.0,No
980,132,Chicken 65,Starters,176.0,17.0,50.0,Yes
981,132,Veg Burger,Fast Food,40.0,21.0,428.0,Yes
982,132,Gulab Jamun,Desserts,40.0,19.0,550.0,No
983,132,Garlic Naan,Breads,208.0,13.0,50.0,No
984,132,Cheese Pizza,Fast Food,216.0,10.0,476.0,No
985,132,Masala Chai,Beverages,242.0,25.0,457.0,Yes
986,133,Veg Burger,Fast Food,148.0,22.0,247.0,Yes
987,133,Fish Fingers,Starters,298.0,12.0,671.0,Yes
988,133,Cold Coffee,Beverages,157.0,21.0,418.0,Yes
989,133,Brownie,Desserts,40.0,22.0,284.0,Yes
990,133,Paneer Tikka,Starters,169.0,18.0,245.0,Yes
991,133,Tandoori Roti,Breads,125.0,28.0,202.0,Yes
992,133,Cheese Pizza,Fast Food,233.0,14.0,549.0,Yes
993,133,Brownie,Desserts,243.0,12.0,502.0,No
994,134,Fresh Lime Soda,Beverages,128.0,31.0,418.0,Yes
995,134,Veg Sandwich,Fast Food,149.0,14.0,346.0,Yes
996,134,Chole Bhature,Main Course,153.0,23.0,325.0,Yes
997,134,Garlic Naan,Breads,104.0,26.0,604.0,Yes
998,134,Mojito,Beverages,109.0,15.0,586.0,Yes
999,134,Fish Fingers,Starters,221.0,30.0,504.0,Yes
1000,134,Ice Cream,Desserts,223.0,15.0,253.0,Yes
1001,135,Biryani,Main Course,71.0,17.0,611.0,Yes
1002,135,Fried Rice,Main Course,85.0,17.0,151.0,Yes
1003,135,Paneer Butter Masala,Main Course,304.0,11.0,740.0,No
1004,135,Dal Makhani,Main Course,221.0,30.0,139.0,Yes
1005,135,Tandoori Roti,Breads,40.0,14.0,406.0,Yes
1006,135,Chole Bhature,Main Course,236.0,30.0,353.0,Yes
1007,136,Veg Burger,Fast Food,141.0,16.0,454.0,Yes
1008,136,Gulab Jamun,Desserts,68.0,3.0,448.0,Yes
1009,136,Fish Fingers,Starters,58.0,27.0,68.0,Yes
1010,136,Spring Rolls,Starters,109.0,7.0,299.0,No
1011,136,Fresh Lime Soda,Beverages,100.0,27.0,821.0,Yes
1012,136,Mojito,Beverages,69.0,12.0,378.0,Yes
1013,136,Spring Rolls,Starters,84.0,22.0,192.0,No
1014,136,Mojito,Beverages,234.0,18.0,513.0,Yes
1015,137,Dal Makhani,Main Course,178.0,23.0,479.0,Yes
1016,137,Biryani,Main Course,163.0,22.0,613.0,Yes
1017,137,Fried Rice,Main Course,40.0,3.0,594.0,Yes
1018,137,Paneer Tikka,Starters,260.0,29.0,383.0,Yes
1019,137,Brownie,Desserts,337.0,41.0,572.0,Yes
1020,137,Masala Chai,Beverages,232.0,23.0,425.0,No
1021,137,Veg Manchurian,Starters,208.0,21.0,740.0,Yes
1022,138,French Fries,Fast Food,111.0,16.0,400.0,Yes
1023,138,French Fries,Fast Food,236.0,19.0,206.0,Yes
1024,138,Fish Fingers,Starters,186.0,17.0,398.0,Yes
1025,138,Fried Rice,Main Course,255.0,27.0,274.0,Yes
1026,138,Veg Sandwich,Fast Food,353.0,6.0,293.0,No
1027,138,Brownie,Desserts,160.0,23.0,140.0,Yes
1028,138,Dal Makhani,Main Course,379.0,3.0,632.0,Yes
1029,139,Garlic Naan,Breads,142.0,18.0,66.0,Yes
1030,139,Gulab Jamun,Desserts,246.0,16.0,575.0,Yes
1031,139,Gulab Jamun,Desserts,54.0,29.0,142.0,Yes
1032,139,Cold Coffee,Beverages,202.0,6.0,694.0,Yes
1033,139,Gulab Jamun,Desserts,265.0,30.0,360.0,Yes
1034,139,Veg Manchurian,Starters,151.0,17.0,379.0,Yes
1035,140,Veg Manchurian,Starters,144.0,16.0,576.0,Yes
1036,140,French Fries,Fast Food,267.0,8.0,506.0,Yes
1037,140,Spring Rolls,Starters,54.0,29.0,256.0,Yes
1038,140,Tandoori Roti,Breads,251.0,23.0,354.0,Yes
1039,140,Cold Coffee,Beverages,145.0,16.0,473.0,Yes
1040,140,Biryani,Main Course,255.0,35.0,660.0,Yes
1041,140,Tandoori Roti,Breads,232.0,20.0,319.0,Yes
1042,140,Fresh Lime Soda,Beverages,238.0,28.0,572.0,Yes
1043,141,Rasmalai,Desserts,205.0,13.0,420.0,Yes
1044,141,Veg Burger,Fast Food,245.0,27.0,435.0,No
1045,141,Tandoori Roti,Breads,265.0,26.0,356.0,Yes
1046,141,Momos,Starters,128.0,31.0,507.0,Yes
1047,141,French Fries,Fast Food,230.0,13.0,91.0,Yes
1048,141,Butter Naan,Breads,223.0,21.0,502.0,Yes
1049,141,Masala Chai,Beverages,180.0,13.0,440.0,Yes
1050,141,Spring Rolls,Starters,293.0,22.0,198.0,Yes
1051,142,Paneer Tikka,Starters,163.0,12.0,639.0,Yes
1052,142,Garlic Naan,Breads,160.0,29.0,433.0,Yes
1053,142,Veg Burger,Fast Food,143.0,10.0,347.0,Yes
1054,142,Butter Naan,Breads,181.0,9.0,496.0,Yes
1055,142,Chole Bhature,Main Course,103.0,6.0,201.0,Yes
1056,142,Paneer Tikka,Starters,136.0,22.0,646.0,Yes
1057,142,Chicken 65,Starters,158.0,20.0,389.0,Yes
1058,142,Veg Sandwich,Fast Food,40.0,21.0,396.0,Yes
1059,142,Chole Bhature,Main Course,40.0,31.0,490.0,No
1060,143,Chole Bhature,Main Course,40.0,22.0,853.0,Yes
1061,143,Chole Bhature,Main Course,180.0,23.0,314.0,Yes
1062,143,Veg Manchurian,Starters,139.0,30.0,495.0,Yes
1063,143,Chole Bhature,Main Course,276.0,16.0,467.0,Yes
1064,143,Veg Sandwich,Fast Food,173.0,22.0,,No
1065,143,Spring Rolls,Starters,340.0,16.0,463.0,Yes
1066,144,Paneer Butter Masala,Main Course,40.0,27.0,223.0,No
1067,144,Veg Sandwich,Fast Food,121.0,8.0,186.0,Yes
1068,144,Masala Chai,Beverages,267.0,11.0,181.0,Yes
1069,144,Veg Sandwich,Fast Food,43.0,26.0,345.0,Yes
1070,144,Brownie,Desserts,175.0,25.0,488.0,Yes
1071,144,Rasmalai,Desserts,197.0,28.0,206.0,Yes
1072,144,Chicken Burger,Fast Food,152.0,25.0,676.0,Yes
1073,144,Brownie,Desserts,355.0,8.0,411.0,Yes
1074,144,Tandoori Roti,Breads,224.0,16.0,504.0,Yes
1075,145,French Fries,Fast Food,383.0,10.0,211.0,Yes
1076,145,Cold Coffee,Beverages,237.0,14.0,501.0,Yes
1077,145,Butter Naan,Breads,197.0,16.0,296.0,Yes
1078,145,Veg Burger,Fast Food,188.0,14.0,567.0,No
1079,145,Chicken Burger,Fast Food,189.0,7.0,609.0,Yes
1080,145,Garlic Naan,Breads,167.0,34.0,359.0,No
1081,145,Chicken 65,Starters,108.0,15.0,,No
1082,145,Butter Naan,Breads,156.0,12.0,331.0,Yes
1083,146,Kheer,Desserts,328.0,15.0,721.0,No
1084,146,French Fries,Fast Food,274.0,17.0,498.0,Yes
1085,146,Cold Coffee,Beverages,132.0,26.0,599.0,Yes
1086,146,Veg Manchurian,Starters,233.0,13.0,489.0,Yes
1087,146,Mojito,Beverages,117.0,6.0,439.0,No
1088,146,Kheer,Desserts,40.0,14.0,455.0,Yes
1089,146,Fried Rice,Main Course,320.0,12.0,248.0,Yes
1090,146,Masala Chai,Beverages,251.0,19.0,411.0,No
1091,146,Kulcha,Breads,46.0,26.0,83.0,Yes
1092,147,Butter Naan,Breads,197.0,27.0,417.0,Yes
1093,147,Chicken 65,Starters,157.0,9.0,314.0,Yes
1094,147,Brownie,Desserts,377.0,13.0,468.0,Yes
1095,147,Kheer,Desserts,104.0,15.0,155.0,No
1096,147,Veg Sandwich,Fast Food,175.0,15.0,602.0,Yes
1097,147,Rasmalai,Desserts,103.0,14.0,535.0,Yes
1098,147,Tandoori Roti,Breads,176.0,16.0,374.0,Yes
1099,147,Kulcha,Breads,90.0,14.0,412.0,No
1100,147,Cold Coffee,Beverages,75.0,9.0,582.0,Yes
1101,148,Kheer,Desserts,225.0,20.0,318.0,Yes
1102,148,Fish Fingers,Starters,199.0,3.0,218.0,Yes
1103,148,Masala Chai,Beverages,236.0,12.0,368.0,Yes
1104,148,Kulcha,Breads,212.0,11.0,307.0,Yes
1105,148,Rasmalai,Desserts,147.0,19.0,155.0,No
1106,148,Fish Fingers,Starters,207.0,17.0,416.0,No
1107,149,Veg Burger,Fast Food,113.0,17.0,543.0,Yes
1108,149,Kheer,Desserts,241.0,27.0,264.0,Yes
1109,149,Biryani,Main Course,241.0,13.0,59.0,Yes
1110,149,Paneer Tikka,Starters,263.0,24.0,622.0,Yes
1111,149,Veg Sandwich,Fast Food,48.0,19.0,,No
1112,149,Masala Chai,Beverages,282.0,6.0,362.0,Yes
1113,149,Cold Coffee,Beverages,188.0,23.0,462.0,Yes
1114,149,Lassi,Beverages,177.0,15.0,386.0,Yes
1115,150,Brownie,Desserts,247.0,11.0,364.0,No
1116,150,Veg Manchurian,Starters,158.0,3.0,106.0,Yes
1117,150,Ice Cream,Desserts,45.0,16.0,475.0,Yes
1118,150,Paneer Butter Masala,Main Course,124.0,5.0,541.0,Yes
1119,150,Garlic Naan,Breads,205.0,16.0,436.0,Yes
1120,150,Kulcha,Breads,85.0,26.0,447.0,Yes
1121,150,Lassi,Beverages,166.0,15.0,410.0,Yes
1122,150,Butter Naan,Breads,223.0,4.0,282.0,Yes
1123,151,Biryani,Main Course,150.0,15.0,293.0,Yes
1124,151,Butter Naan,Breads,249.0,12.0,239.0,Yes
1125,151,Chicken Burger,Fast Food,137.0,30.0,402.0,Yes
1126,151,Chicken Burger,Fast Food,136.0,15.0,137.0,No
1127,151,Kheer,Desserts,163.0,19.0,465.0,Yes
1128,151,Gulab Jamun,Desserts,165.0,12.0,,Yes
1129,152,Garlic Naan,Breads,146.0,10.0,284.0,Yes
1130,152,Tandoori Roti,Breads,149.0,15.0,318.0,No
1131,152,Butter Chicken,Main Course,208.0,17.0,532.0,Yes
1132,152,Butter Chicken,Main Course,187.0,15.0,324.0,Yes
1133,152,Momos,Starters,144.0,9.0,364.0,Yes
1134,152,Garlic Naan,Breads,223.0,24.0,426.0,Yes
1135,152,French Fries,Fast Food,484.0,20.0,139.0,Yes
1136,152,Ice Cream,Desserts,217.0,27.0,360.0,Yes
1137,153,Rasmalai,Desserts,48.0,3.0,385.0,Yes
1138,153,Gulab Jamun,Desserts,88.0,16.0,343.0,Yes
1139,153,Chicken 65,Starters,312.0,24.0,315.0,Yes
1140,153,Veg Burger,Fast Food,142.0,25.0,417.0,Yes
1141,153,Cold Coffee,Beverages,208.0,27.0,284.0,Yes
1142,153,Veg Sandwich,Fast Food,265.0,14.0,63.0,Yes
1143,153,Fish Fingers,Starters,74.0,10.0,601.0,Yes
1144,153,Fish Fingers,Starters,168.0,15.0,624.0,Yes
1145,154,Garlic Naan,Breads,109.0,14.0,404.0,Yes
1146,154,Paneer Tikka,Starters,175.0,20.0,482.0,Yes
1147,154,Rasmalai,Desserts,105.0,3.0,459.0,Yes
1148,154,Paneer Tikka,Starters,40.0,20.0,509.0,Yes
1149,154,Fresh Lime Soda,Beverages,281.0,16.0,701.0,Yes
1150,154,Fresh Lime Soda,Beverages,54.0,29.0,284.0,Yes
1151,154,Paneer Tikka,Starters,183.0,19.0,602.0,Yes
1152,155,Fish Fingers,Starters,81.0,35.0,78.0,Yes
1153,155,Kulcha,Breads,172.0,22.0,554.0,Yes
1154,155,Fish Fingers,Starters,51.0,3.0,596.0,Yes
1155,155,Fried Rice,Main Course,201.0,3.0,323.0,Yes
1156,155,Ice Cream,Desserts,113.0,27.0,345.0,Yes
1157,155,Fresh Lime Soda,Beverages,163.0,15.0,650.0,Yes
1158,156,Dal Makhani,Main Course,261.0,23.0,430.0,Yes
1159,156,Spring Rolls,Starters,197.0,10.0,530.0,No
1160,156,Mojito,Beverages,146.0,7.0,377.0,Yes
1161,156,Tandoori Roti,Breads,181.0,28.0,528.0,Yes
1162,156,Cold Coffee,Beverages,91.0,26.0,50.0,Yes
1163,156,Chicken 65,Starters,217.0,12.0,189.0,Yes
1164,156,Fish Fingers,Starters,73.0,29.0,467.0,Yes
1165,156,Tandoori Roti,Breads,213.0,25.0,364.0,Yes
1166,156,Lassi,Beverages,304.0,16.0,50.0,Yes
1167,157,Fresh Lime Soda,Beverages,324.0,3.0,360.0,Yes
1168,157,Butter Chicken,Main Course,247.0,3.0,378.0,Yes
1169,157,Paneer Tikka,Starters,165.0,25.0,472.0,Yes
1170,157,Chicken Burger,Fast Food,59.0,12.0,239.0,Yes
1171,157,Chicken Burger,Fast Food,40.0,12.0,622.0,Yes
1172,157,Chole Bhature,Main Course,220.0,21.0,218.0,Yes
1173,158,Spring Rolls,Starters,40.0,22.0,551.0,Yes
1174,158,Veg Burger,Fast Food,194.0,24.0,349.0,Yes
1175,158,Fresh Lime Soda,Beverages,185.0,12.0,457.0,Yes
1176,158,Cheese Pizza,Fast Food,163.0,22.0,517.0,Yes
1177,158,Chicken Burger,Fast Food,148.0,22.0,295.0,Yes
1178,158,Veg Manchurian,Starters,341.0,29.0,444.0,Yes
1179,158,Kheer,Desserts,111.0,19.0,218.0,Yes
1180,159,Biryani,Main Course,216.0,3.0,238.0,Yes
1181,159,Veg Manchurian,Starters,213.0,29.0,455.0,Yes
1182,159,Cheese Pizza,Fast Food,151.0,10.0,323.0,Yes
1183,159,Paneer Tikka,Starters,40.0,14.0,730.0,Yes
1184,159,Paneer Tikka,Starters,191.0,21.0,121.0,No
1185,159,Fresh Lime Soda,Beverages,306.0,30.0,432.0,Yes
1186,160,Gulab Jamun,Desserts,235.0,12.0,358.0,Yes
1187,160,Momos,Starters,422.0,14.0,674.0,Yes
1188,160,Fresh Lime Soda,Beverages,364.0,21.0,381.0,Yes
1189,160,Spring Rolls,Starters,60.0,22.0,402.0,Yes
1190,160,Fresh Lime Soda,Beverages,170.0,14.0,445.0,Yes
1191,160,Lassi,Beverages,222.0,17.0,576.0,Yes
1192,160,Mojito,Beverages,178.0,16.0,231.0,Yes
1193,161,Veg Sandwich,Fast Food,161.0,17.0,50.0,No
1194,161,Tandoori Roti,Breads,226.0,25.0,729.0,Yes
1195,161,Kheer,Desserts,96.0,17.0,468.0,Yes
1196,161,Chicken 65,Starters,175.0,12.0,179.0,Yes
1197,161,Chole Bhature,Main Course,186.0,27.0,400.0,Yes
1198,161,Lassi,Beverages,174.0,21.0,513.0,Yes
1199,161,Brownie,Desserts,209.0,8.0,468.0,Yes
1200,162,Kheer,Desserts,123.0,12.0,238.0,Yes
1201,162,Gulab Jamun,Desserts,172.0,13.0,356.0,Yes
1202,162,Lassi,Beverages,90.0,25.0,341.0,Yes
1203,162,Butter Naan,Breads,114.0,4.0,652.0,Yes
1204,162,Veg Manchurian,Starters,40.0,20.0,499.0,Yes
1205,162,Brownie,Desserts,145.0,21.0,474.0,Yes
1206,162,Tandoori Roti,Breads,255.0,22.0,353.0,Yes
1207,162,Ice Cream,Desserts,143.0,34.0,564.0,Yes
1208,162,Biryani,Main Course,117.0,20.0,459.0,Yes
1209,163,Dal Makhani,Main Course,178.0,32.0,384.0,Yes
1210,163,Cheese Pizza,Fast Food,172.0,24.0,258.0,Yes
1211,163,Veg Burger,Fast Food,132.0,29.0,395.0,Yes
1212,163,Lassi,Beverages,107.0,19.0,421.0,Yes
1213,163,Fresh Lime Soda,Beverages,300.0,26.0,430.0,Yes
1214,163,Momos,Starters,329.0,28.0,453.0,Yes
1215,163,Momos,Starters,103.0,32.0,590.0,Yes
1216,163,Butter Naan,Breads,70.0,13.0,199.0,Yes
1217,164,Momos,Starters,83.0,28.0,413.0,Yes
1218,164,Fresh Lime Soda,Beverages,120.0,24.0,526.0,Yes
1219,164,Cold Coffee,Beverages,300.0,22.0,496.0,Yes
1220,164,Cheese Pizza,Fast Food,105.0,18.0,395.0,No
1221,164,Paneer Butter Masala,Main Course,40.0,20.0,143.0,Yes
1222,164,Chicken Burger,Fast Food,244.0,14.0,344.0,Yes
1223,165,Veg Sandwich,Fast Food,134.0,13.0,365.0,Yes
1224,165,Chicken 65,Starters,263.0,9.0,401.0,Yes
1225,165,Momos,Starters,370.0,12.0,,No
1226,165,French Fries,Fast Food,255.0,35.0,632.0,Yes
1227,165,Masala Chai,Beverages,167.0,21.0,368.0,Yes
1228,165,Momos,Starters,278.0,17.0,655.0,Yes
1229,165,Brownie,Desserts,40.0,22.0,512.0,Yes
1230,165,Butter Naan,Breads,40.0,4.0,597.0,Yes
1231,166,Fried Rice,Main Course,226.0,24.0,651.0,Yes
1232,166,Cold Coffee,Beverages,148.0,31.0,838.0,Yes
1233,166,Garlic Naan,Breads,293.0,21.0,391.0,No
1234,166,Cheese Pizza,Fast Food,198.0,19.0,404.0,No
1235,166,Gulab Jamun,Desserts,80.0,21.0,434.0,Yes
1236,166,Biryani,Main Course,302.0,22.0,290.0,No
1237,166,Spring Rolls,Starters,81.0,17.0,269.0,Yes
1238,166,Cheese Pizza,Fast Food,193.0,12.0,591.0,Yes
1239,166,Kheer,Desserts,232.0,25.0,375.0,Yes
1240,167,Tandoori Roti,Breads,197.0,25.0,454.0,Yes
1241,167,Chicken Burger,Fast Food,243.0,12.0,528.0,Yes
1242,167,Paneer Butter Masala,Main Course,127.0,34.0,429.0,Yes
1243,167,Paneer Butter Masala,Main Course,279.0,14.0,367.0,Yes
1244,167,Masala Chai,Beverages,156.0,3.0,50.0,Yes
1245,167,Butter Chicken,Main Course,154.0,3.0,442.0,Yes
1246,167,Veg Burger,Fast Food,165.0,3.0,320.0,Yes
1247,168,Paneer Butter Masala,Main Course,177.0,29.0,331.0,Yes
1248,168,Veg Manchurian,Starters,40.0,3.0,321.0,Yes
1249,168,Veg Sandwich,Fast Food,91.0,16.0,425.0,Yes
1250,168,Kulcha,Breads,228.0,22.0,309.0,Yes
1251,168,Veg Sandwich,Fast Food,236.0,5.0,420.0,Yes
1252,168,Kheer,Desserts,199.0,19.0,244.0,Yes
1253,168,Spring Rolls,Starters,96.0,23.0,337.0,Yes
1254,168,Brownie,Desserts,233.0,13.0,827.0,Yes
1255,168,Biryani,Main Course,154.0,27.0,756.0,Yes
1256,169,Masala Chai,Beverages,279.0,15.0,385.0,No
1257,169,Ice Cream,Desserts,40.0,3.0,397.0,No
1258,169,Tandoori Roti,Breads,127.0,9.0,405.0,Yes
1259,169,Fresh Lime Soda,Beverages,126.0,10.0,550.0,No
1260,169,Dal Makhani,Main Course,63.0,23.0,435.0,Yes
1261,169,Butter Naan,Breads,302.0,14.0,198.0,No
1262,169,Ice Cream,Desserts,122.0,17.0,548.0,Yes
1263,169,Rasmalai,Desserts,252.0,16.0,388.0,Yes
1264,170,Tandoori Roti,Breads,242.0,26.0,449.0,Yes
1265,170,French Fries,Fast Food,205.0,19.0,440.0,No
1266,170,Rasmalai,Desserts,204.0,10.0,157.0,Yes
1267,170,Gulab Jamun,Desserts,101.0,14.0,498.0,Yes
1268,170,Tandoori Roti,Breads,155.0,19.0,410.0,Yes
1269,170,Cheese Pizza,Fast Food,224.0,14.0,291.0,Yes
1270,170,Chole Bhature,Main Course,40.0,20.0,50.0,Yes
1271,171,Butter Chicken,Main Course,194.0,25.0,377.0,Yes
1272,171,Brownie,Desserts,212.0,14.0,399.0,No
1273,171,Chicken Burger,Fast Food,165.0,23.0,357.0,Yes
1274,171,Masala Chai,Beverages,73.0,20.0,380.0,Yes
1275,171,Chicken Burger,Fast Food,117.0,23.0,699.0,Yes
1276,171,Veg Sandwich,Fast Food,222.0,24.0,422.0,No
1277,171,Biryani,Main Course,308.0,23.0,316.0,Yes
1278,172,Brownie,Desserts,233.0,21.0,340.0,No
1279,172,Chicken 65,Starters,291.0,7.0,455.0,Yes
1280,172,Dal Makhani,Main Course,141.0,5.0,417.0,Yes
1281,172,Fresh Lime Soda,Beverages,142.0,13.0,241.0,Yes
1282,172,Chole Bhature,Main Course,360.0,3.0,75.0,Yes
1283,172,Gulab Jamun,Desserts,227.0,21.0,191.0,Yes
1284,172,Spring Rolls,Starters,126.0,23.0,358.0,Yes
1285,172,Paneer Butter Masala,Main Course,251.0,17.0,321.0,Yes
1286,172,Dal Makhani,Main Course,48.0,17.0,303.0,Yes
1287,173,Kulcha,Breads,269.0,25.0,363.0,Yes
1288,173,Kulcha,Breads,176.0,15.0,320.0,Yes
1289,173,Fish Fingers,Starters,83.0,18.0,356.0,Yes
1290,173,Fresh Lime Soda,Beverages,314.0,15.0,760.0,Yes
1291,173,Biryani,Main Course,342.0,12.0,388.0,Yes
1292,173,Kheer,Desserts,40.0,14.0,456.0,Yes
1293,173,Veg Manchurian,Starters,198.0,11.0,388.0,Yes
1294,173,Veg Manchurian,Starters,225.0,16.0,602.0,Yes
1295,173,Cheese Pizza,Fast Food,171.0,5.0,159.0,Yes
1296,174,Masala Chai,Beverages,146.0,8.0,157.0,Yes
1297,174,Veg Manchurian,Starters,141.0,24.0,330.0,Yes
1298,174,Dal Makhani,Main Course,209.0,29.0,457.0,Yes
1299,174,Chicken Burger,Fast Food,96.0,17.0,334.0,Yes
1300,174,Fresh Lime Soda,Beverages,225.0,19.0,357.0,Yes
1301,174,Paneer Tikka,Starters,187.0,15.0,160.0,No
1302,174,Momos,Starters,40.0,24.0,554.0,Yes
1303,175,Lassi,Beverages,196.0,25.0,,Yes
1304,175,Veg Burger,Fast Food,139.0,12.0,510.0,Yes
1305,175,Mojito,Beverages,305.0,12.0,621.0,Yes
1306,175,Butter Naan,Breads,145.0,19.0,345.0,Yes
1307,175,Brownie,Desserts,202.0,9.0,554.0,Yes
1308,175,Cheese Pizza,Fast Food,40.0,10.0,594.0,Yes
1309,175,Fish Fingers,Starters,383.0,13.0,630.0,Yes
1310,175,Ice Cream,Desserts,296.0,21.0,328.0,Yes
1311,175,Cheese Pizza,Fast Food,306.0,16.0,469.0,No
1312,176,Fish Fingers,Starters,40.0,14.0,308.0,Yes
1313,176,Veg Sandwich,Fast Food,191.0,15.0,323.0,Yes
1314,176,Momos,Starters,179.0,11.0,151.0,Yes
1315,176,Veg Sandwich,Fast Food,139.0,16.0,512.0,Yes
1316,176,Paneer Butter Masala,Main Course,161.0,21.0,291.0,No
1317,176,Cheese Pizza,Fast Food,178.0,4.0,305.0,Yes
1318,177,Tandoori Roti,Breads,40.0,8.0,208.0,Yes
1319,177,Lassi,Beverages,235.0,20.0,560.0,Yes
1320,177,Veg Sandwich,Fast Food,61.0,24.0,313.0,Yes
1321,177,Gulab Jamun,Desserts,341.0,16.0,640.0,Yes
1322,177,Cold Coffee,Beverages,438.0,21.0,667.0,No
1323,177,Fresh Lime Soda,Beverages,150.0,28.0,390.0,Yes
1324,177,Mojito,Beverages,231.0,22.0,373.0,Yes
1325,178,Kulcha,Breads,46.0,7.0,574.0,Yes
1326,178,Fresh Lime Soda,Beverages,196.0,25.0,324.0,Yes
1327,178,Fish Fingers,Starters,148.0,15.0,149.0,Yes
1328,178,Brownie,Desserts,148.0,15.0,398.0,Yes
1329,178,Fried Rice,Main Course,157.0,28.0,312.0,Yes
1330,178,Momos,Starters,255.0,20.0,404.0,Yes
1331,178,French Fries,Fast Food,247.0,15.0,321.0,Yes
1332,178,Spring Rolls,Starters,147.0,19.0,124.0,Yes
1333,179,Ice Cream,Desserts,164.0,23.0,396.0,Yes
1334,179,Rasmalai,Desserts,190.0,21.0,413.0,Yes
1335,179,Lassi,Beverages,40.0,29.0,792.0,Yes
1336,179,Chicken 65,Starters,317.0,16.0,267.0,Yes
1337,179,Cold Coffee,Beverages,316.0,19.0,539.0,Yes
1338,179,Butter Chicken,Main Course,90.0,22.0,458.0,Yes
1339,179,Kulcha,Breads,304.0,24.0,425.0,Yes
1340,179,Fresh Lime Soda,Beverages,350.0,15.0,630.0,Yes
1341,179,Dal Makhani,Main Course,230.0,23.0,846.0,No
1342,180,Veg Burger,Fast Food,40.0,6.0,576.0,Yes
1343,180,Chicken 65,Starters,262.0,19.0,567.0,Yes
1344,180,Kulcha,Breads,79.0,33.0,608.0,Yes
1345,180,Tandoori Roti,Breads,331.0,5.0,560.0,Yes
1346,180,Chole Bhature,Main Course,180.0,37.0,439.0,Yes
1347,180,Mojito,Beverages,100.0,22.0,146.0,Yes
1348,181,Momos,Starters,275.0,14.0,373.0,Yes
1349,181,Butter Naan,Breads,202.0,15.0,644.0,Yes
1350,181,Butter Naan,Breads,154.0,22.0,484.0,No
1351,181,Veg Manchurian,Starters,183.0,11.0,58.0,Yes
1352,181,Momos,Starters,279.0,9.0,701.0,No
1353,181,Tandoori Roti,Breads,124.0,28.0,419.0,Yes
1354,181,Cheese Pizza,Fast Food,322.0,21.0,472.0,No
1355,181,Tandoori Roti,Breads,75.0,24.0,539.0,Yes
1356,182,Butter Naan,Breads,195.0,26.0,461.0,No
1357,182,Brownie,Desserts,289.0,18.0,566.0,No
1358,182,Fresh Lime Soda,Beverages,203.0,34.0,349.0,Yes
1359,182,Gulab Jamun,Desserts,171.0,12.0,341.0,Yes
1360,182,Kheer,Desserts,133.0,34.0,713.0,Yes
1361,182,Chicken 65,Starters,169.0,29.0,375.0,Yes
1362,182,Veg Burger,Fast Food,219.0,30.0,365.0,Yes
1363,182,Gulab Jamun,Desserts,90.0,21.0,278.0,Yes
1364,183,Rasmalai,Desserts,183.0,20.0,502.0,Yes
1365,183,Gulab Jamun,Desserts,242.0,20.0,528.0,Yes
1366,183,Masala Chai,Beverages,320.0,24.0,558.0,Yes
1367,183,Lassi,Beverages,100.0,19.0,463.0,Yes
1368,183,Momos,Starters,389.0,3.0,533.0,Yes
1369,183,Chole Bhature,Main Course,229.0,23.0,196.0,Yes
1370,184,Tandoori Roti,Breads,198.0,33.0,227.0,Yes
1371,184,Butter Naan,Breads,244.0,13.0,652.0,Yes
1372,184,Kheer,Desserts,255.0,21.0,288.0,Yes
1373,184,Spring Rolls,Starters,167.0,15.0,268.0,Yes
1374,184,Garlic Naan,Breads,166.0,3.0,508.0,Yes
1375,184,Chicken 65,Starters,142.0,12.0,184.0,Yes
1376,184,Lassi,Beverages,217.0,33.0,354.0,Yes
1377,184,Momos,Starters,303.0,22.0,376.0,No
1378,185,Chicken Burger,Fast Food,355.0,4.0,421.0,Yes
1379,185,Dal Makhani,Main Course,148.0,20.0,226.0,Yes
1380,185,Tandoori Roti,Breads,252.0,4.0,496.0,Yes
1381,185,Biryani,Main Course,134.0,21.0,294.0,Yes
1382,185,Gulab Jamun,Desserts,103.0,30.0,,Yes
1383,185,Kulcha,Breads,76.0,19.0,516.0,Yes
1384,186,Paneer Butter Masala,Main Course,174.0,17.0,508.0,Yes
1385,186,Paneer Tikka,Starters,229.0,14.0,478.0,Yes
1386,186,Garlic Naan,Breads,156.0,15.0,289.0,Yes
1387,186,Dal Makhani,Main Course,113.0,20.0,170.0,Yes
1388,186,Rasmalai,Desserts,40.0,16.0,400.0,No
1389,186,Lassi,Beverages,85.0,32.0,288.0,No
1390,187,Veg Burger,Fast Food,121.0,12.0,542.0,Yes
1391,187,Mojito,Beverages,332.0,10.0,526.0,Yes
1392,187,Butter Naan,Breads,203.0,11.0,439.0,Yes
1393,187,Ice Cream,Desserts,61.0,15.0,249.0,Yes
1394,187,Veg Burger,Fast Food,149.0,18.0,624.0,Yes
1395,187,Fried Rice,Main Course,184.0,10.0,402.0,Yes
1396,188,Cheese Pizza,Fast Food,40.0,24.0,278.0,Yes
1397,188,Tandoori Roti,Breads,350.0,25.0,416.0,Yes
1398,188,Butter Naan,Breads,153.0,14.0,345.0,Yes
1399,188,Rasmalai,Desserts,179.0,14.0,483.0,Yes
1400,188,Butter Chicken,Main Course,312.0,18.0,565.0,Yes
1401,188,Fish Fingers,Starters,60.0,20.0,412.0,No
1402,188,Veg Burger,Fast Food,54.0,15.0,528.0,Yes
1403,189,Paneer Butter Masala,Main Course,40.0,16.0,332.0,Yes
1404,189,Butter Chicken,Main Course,204.0,25.0,504.0,Yes
1405,189,Chicken Burger,Fast Food,267.0,27.0,345.0,Yes
1406,189,Spring Rolls,Starters,40.0,23.0,248.0,Yes
1407,189,Kulcha,Breads,205.0,6.0,,Yes
1408,189,French Fries,Fast Food,232.0,14.0,149.0,Yes
1409,190,Fresh Lime Soda,Beverages,58.0,27.0,347.0,Yes
1410,190,Butter Chicken,Main Course,150.0,13.0,172.0,Yes
1411,190,Cheese Pizza,Fast Food,155.0,27.0,283.0,Yes
1412,190,Cheese Pizza,Fast Food,40.0,24.0,412.0,Yes
1413,190,Fresh Lime Soda,Beverages,197.0,21.0,138.0,Yes
1414,190,Lassi,Beverages,169.0,19.0,393.0,Yes
1415,190,Rasmalai,Desserts,175.0,27.0,465.0,Yes
1416,190,Cheese Pizza,Fast Food,236.0,16.0,50.0,Yes
1417,190,Fried Rice,Main Course,150.0,17.0,370.0,Yes
1418,191,Veg Burger,Fast Food,173.0,19.0,542.0,Yes
1419,191,Kheer,Desserts,102.0,16.0,630.0,Yes
1420,191,Mojito,Beverages,40.0,15.0,72.0,Yes
1421,191,Chole Bhature,Main Course,156.0,18.0,,Yes
1422,191,Lassi,Beverages,198.0,12.0,561.0,Yes
1423,191,Veg Burger,Fast Food,222.0,13.0,368.0,Yes
1424,191,Veg Sandwich,Fast Food,319.0,17.0,198.0,No
1425,192,Brownie,Desserts,77.0,16.0,568.0,Yes
1426,192,Brownie,Desserts,135.0,9.0,401.0,Yes
1427,192,Fresh Lime Soda,Beverages,209.0,22.0,144.0,Yes
1428,192,Kulcha,Breads,208.0,20.0,333.0,Yes
1429,192,Garlic Naan,Breads,282.0,21.0,271.0,Yes
1430,192,Kulcha,Breads,222.0,3.0,328.0,Yes
1431,192,Fish Fingers,Starters,143.0,23.0,855.0,Yes
1432,192,Rasmalai,Desserts,153.0,29.0,603.0,Yes
1433,193,Garlic Naan,Breads,60.0,28.0,294.0,Yes
1434,193,Ice Cream,Desserts,180.0,36.0,477.0,Yes
1435,193,Mojito,Beverages,122.0,21.0,170.0,Yes
1436,193,Veg Sandwich,Fast Food,275.0,12.0,50.0,Yes
1437,193,Masala Chai,Beverages,147.0,13.0,474.0,Yes
1438,193,Masala Chai,Beverages,76.0,20.0,297.0,Yes
1439,193,Brownie,Desserts,173.0,26.0,564.0,Yes
1440,194,Tandoori Roti,Breads,294.0,11.0,444.0,Yes
1441,194,Spring Rolls,Starters,210.0,28.0,350.0,Yes
1442,194,Veg Burger,Fast Food,45.0,24.0,601.0,Yes
1443,194,Veg Burger,Fast Food,208.0,9.0,724.0,Yes
1444,194,Fish Fingers,Starters,190.0,12.0,564.0,Yes
1445,194,Veg Burger,Fast Food,329.0,5.0,480.0,Yes
1446,194,Kheer,Desserts,296.0,17.0,422.0,Yes
1447,194,Masala Chai,Beverages,168.0,30.0,234.0,Yes
1448,194,Paneer Tikka,Starters,156.0,35.0,306.0,Yes
1449,195,Garlic Naan,Breads,41.0,17.0,562.0,Yes
1450,195,Fish Fingers,Starters,176.0,14.0,475.0,Yes
1451,195,Kulcha,Breads,404.0,15.0,710.0,Yes
1452,195,Paneer Butter Masala,Main Course,217.0,11.0,649.0,Yes
1453,195,Fresh Lime Soda,Beverages,148.0,5.0,444.0,Yes
1454,195,Gulab Jamun,Desserts,138.0,32.0,460.0,Yes
1455,196,Rasmalai,Desserts,131.0,24.0,400.0,Yes
1456,196,Garlic Naan,Breads,209.0,3.0,227.0,No
1457,196,Paneer Butter Masala,Main Course,200.0,7.0,310.0,Yes
1458,196,Mojito,Beverages,263.0,22.0,575.0,Yes
1459,196,Lassi,Beverages,181.0,12.0,611.0,Yes
1460,196,Veg Burger,Fast Food,184.0,9.0,645.0,Yes
1461,196,Butter Naan,Breads,186.0,25.0,444.0,Yes
1462,196,Spring Rolls,Starters,267.0,23.0,354.0,Yes
1463,197,Kulcha,Breads,147.0,23.0,417.0,Yes
1464,197,Rasmalai,Desserts,179.0,14.0,359.0,Yes
1465,197,Butter Chicken,Main Course,44.0,22.0,304.0,Yes
1466,197,Fresh Lime Soda,Beverages,189.0,17.0,429.0,Yes
1467,197,Lassi,Beverages,182.0,21.0,268.0,Yes
1468,197,Lassi,Beverages,173.0,18.0,270.0,Yes
1469,197,Ice Cream,Desserts,91.0,13.0,426.0,Yes
1470,198,Gulab Jamun,Desserts,82.0,25.0,308.0,Yes
1471,198,Chicken Burger,Fast Food,179.0,23.0,178.0,Yes
1472,198,Momos,Starters,302.0,10.0,599.0,Yes
1473,198,Momos,Starters,226.0,3.0,377.0,Yes
1474,198,Butter Naan,Breads,109.0,31.0,431.0,Yes
1475,198,Chicken Burger,Fast Food,40.0,28.0,482.0,Yes
1476,198,French Fries,Fast Food,217.0,18.0,186.0,Yes
1477,199,Rasmalai,Desserts,322.0,16.0,615.0,Yes
1478,199,Fried Rice,Main Course,181.0,16.0,140.0,Yes
1479,199,Butter Chicken,Main Course,116.0,28.0,508.0,No
1480,199,Kulcha,Breads,227.0,22.0,400.0,Yes
1481,199,Kulcha,Breads,137.0,11.0,331.0,Yes
1482,199,Chicken 65,Starters,192.0,11.0,402.0,Yes
1483,199,Cold Coffee,Beverages,187.0,16.0,153.0,Yes
1484,199,Kulcha,Breads,85.0,16.0,79.0,Yes
1485,199,Veg Sandwich,Fast Food,272.0,28.0,527.0,Yes
1486,200,Chicken Burger,Fast Food,205.0,8.0,446.0,Yes
1487,200,Lassi,Beverages,306.0,8.0,783.0,Yes
1488,200,Momos,Starters,253.0,9.0,248.0,Yes
1489,200,Chicken Burger,Fast Food,134.0,17.0,343.0,Yes
1490,200,Kulcha,Breads,40.0,7.0,398.0,Yes
1491,200,Dal Makhani,Main Course,197.0,25.0,300.0,Yes
1492,201,Brownie,Desserts,193.0,18.0,274.0,Yes
1493,201,Tandoori Roti,Breads,235.0,21.0,747.0,Yes
1494,201,Chicken Burger,Fast Food,276.0,5.0,539.0,Yes
1495,201,Lassi,Beverages,51.0,29.0,355.0,Yes
1496,201,Brownie,Desserts,208.0,28.0,470.0,Yes
1497,201,Ice Cream,Desserts,253.0,12.0,260.0,Yes
1498,202,Momos,Starters,182.0,23.0,384.0,Yes
1499,202,Momos,Starters,327.0,22.0,354.0,Yes
1500,202,Rasmalai,Desserts,166.0,13.0,471.0,Yes
1501,202,Ice Cream,Desserts,144.0,19.0,629.0,Yes
1502,202,Fresh Lime Soda,Beverages,221.0,17.0,366.0,Yes
1503,202,Cheese Pizza,Fast Food,298.0,21.0,513.0,Yes
1504,202,Veg Sandwich,Fast Food,127.0,7.0,592.0,Yes
1505,202,Mojito,Beverages,275.0,9.0,525.0,Yes
1506,202,Cold Coffee,Beverages,303.0,14.0,393.0,No
1507,203,Lassi,Beverages,352.0,28.0,290.0,Yes
1508,203,Cheese Pizza,Fast Food,122.0,16.0,439.0,No
1509,203,Paneer Butter Masala,Main Course,227.0,7.0,308.0,Yes
1510,203,French Fries,Fast Food,40.0,24.0,407.0,Yes
1511,203,Fried Rice,Main Course,160.0,14.0,376.0,Yes
1512,203,Cold Coffee,Beverages,216.0,8.0,289.0,Yes
1513,203,Spring Rolls,Starters,88.0,3.0,667.0,Yes
1514,204,Masala Chai,Beverages,241.0,11.0,435.0,Yes
1515,204,Veg Sandwich,Fast Food,75.0,22.0,,Yes
1516,204,Tandoori Roti,Breads,265.0,3.0,,Yes
1517,204,Garlic Naan,Breads,46.0,14.0,390.0,Yes
1518,204,Tandoori Roti,Breads,307.0,7.0,403.0,Yes
1519,204,Mojito,Beverages,40.0,9.0,198.0,Yes
1520,204,Paneer Butter Masala,Main Course,40.0,24.0,302.0,Yes
1521,204,Cheese Pizza,Fast Food,196.0,6.0,576.0,Yes
1522,204,Butter Naan,Breads,94.0,26.0,560.0,Yes
1523,205,Paneer Butter Masala,Main Course,203.0,20.0,248.0,Yes
1524,205,Paneer Tikka,Starters,40.0,19.0,432.0,Yes
1525,205,Gulab Jamun,Desserts,146.0,11.0,270.0,Yes
1526,205,Dal Makhani,Main Course,46.0,25.0,295.0,Yes
1527,205,Ice Cream,Desserts,94.0,23.0,321.0,Yes
1528,205,Chicken 65,Starters,126.0,27.0,227.0,Yes
1529,205,Biryani,Main Course,81.0,3.0,,Yes
1530,205,Masala Chai,Beverages,126.0,32.0,311.0,No
1531,206,Kheer,Desserts,238.0,11.0,522.0,Yes
1532,206,Cold Coffee,Beverages,310.0,13.0,374.0,Yes
1533,206,Paneer Butter Masala,Main Course,160.0,20.0,548.0,Yes
1534,206,French Fries,Fast Food,123.0,26.0,430.0,No
1535,206,Veg Burger,Fast Food,321.0,20.0,189.0,Yes
1536,206,Cheese Pizza,Fast Food,244.0,18.0,357.0,Yes
1537,206,Fish Fingers,Starters,226.0,11.0,371.0,Yes
1538,206,Veg Manchurian,Starters,133.0,23.0,351.0,Yes
1539,206,Dal Makhani,Main Course,192.0,19.0,473.0,Yes
1540,207,Fried Rice,Main Course,137.0,27.0,555.0,No
1541,207,Lassi,Beverages,349.0,10.0,427.0,Yes
1542,207,Dal Makhani,Main Course,40.0,9.0,511.0,Yes
1543,207,French Fries,Fast Food,169.0,10.0,516.0,Yes
1544,207,Fresh Lime Soda,Beverages,210.0,3.0,565.0,Yes
1545,207,Lassi,Beverages,185.0,13.0,198.0,No
1546,208,Fresh Lime Soda,Beverages,221.0,14.0,377.0,Yes
1547,208,Cold Coffee,Beverages,184.0,22.0,443.0,No
1548,208,Gulab Jamun,Desserts,316.0,3.0,314.0,No
1549,208,Lassi,Beverages,277.0,34.0,574.0,Yes
1550,208,Kulcha,Breads,225.0,25.0,526.0,Yes
1551,208,Veg Burger,Fast Food,128.0,22.0,255.0,No
1552,208,Veg Burger,Fast Food,192.0,14.0,,Yes
1553,208,Veg Sandwich,Fast Food,132.0,18.0,249.0,Yes
1554,209,Masala Chai,Beverages,146.0,27.0,121.0,Yes
1555,209,Masala Chai,Beverages,185.0,29.0,533.0,Yes
1556,209,Rasmalai,Desserts,187.0,24.0,,Yes
1557,209,Butter Naan,Breads,246.0,27.0,435.0,No
1558,209,Dal Makhani,Main Course,270.0,9.0,226.0,Yes
1559,209,Gulab Jamun,Desserts,250.0,37.0,413.0,Yes
1560,209,Kheer,Desserts,259.0,3.0,491.0,Yes
1561,209,Tandoori Roti,Breads,135.0,34.0,516.0,Yes
1562,209,Garlic Naan,Breads,187.0,13.0,592.0,Yes
1563,210,Fried Rice,Main Course,297.0,11.0,575.0,Yes
1564,210,Masala Chai,Beverages,271.0,20.0,524.0,Yes
1565,210,Gulab Jamun,Desserts,231.0,9.0,453.0,Yes
1566,210,Kheer,Desserts,168.0,9.0,282.0,Yes
1567,210,Kulcha,Breads,40.0,4.0,313.0,No
1568,210,Chicken 65,Starters,279.0,7.0,219.0,Yes
1569,211,Chicken Burger,Fast Food,352.0,10.0,404.0,Yes
1570,211,Biryani,Main Course,225.0,16.0,393.0,Yes
1571,211,Gulab Jamun,Desserts,107.0,12.0,448.0,Yes
1572,211,Veg Burger,Fast Food,71.0,29.0,131.0,Yes
1573,211,Brownie,Desserts,199.0,9.0,470.0,Yes
1574,211,Paneer Butter Masala,Main Course,92.0,22.0,522.0,Yes
1575,211,Mojito,Beverages,261.0,14.0,625.0,Yes
1576,211,Kheer,Desserts,184.0,17.0,482.0,Yes
1577,212,Fish Fingers,Starters,40.0,16.0,454.0,Yes
1578,212,Tandoori Roti,Breads,127.0,17.0,650.0,Yes
1579,212,Fish Fingers,Starters,107.0,24.0,306.0,Yes
1580,212,Mojito,Beverages,187.0,22.0,523.0,Yes
1581,212,Paneer Tikka,Starters,213.0,23.0,373.0,Yes
1582,212,Paneer Butter Masala,Main Course,141.0,26.0,123.0,Yes
1583,212,Garlic Naan,Breads,143.0,16.0,426.0,Yes
1584,212,Butter Naan,Breads,261.0,19.0,367.0,Yes
1585,212,Fresh Lime Soda,Beverages,255.0,20.0,419.0,Yes
1586,213,Cold Coffee,Beverages,324.0,25.0,798.0,Yes
1587,213,Mojito,Beverages,40.0,28.0,622.0,Yes
1588,213,Garlic Naan,Breads,118.0,17.0,412.0,Yes
1589,213,Fresh Lime Soda,Beverages,139.0,15.0,895.0,Yes
1590,213,Cheese Pizza,Fast Food,180.0,22.0,456.0,Yes
1591,213,Lassi,Beverages,188.0,9.0,544.0,Yes
1592,214,Garlic Naan,Breads,175.0,5.0,424.0,Yes
1593,214,Veg Manchurian,Starters,207.0,27.0,197.0,Yes
1594,214,Kulcha,Breads,169.0,12.0,275.0,Yes
1595,214,Fried Rice,Main Course,200.0,14.0,475.0,Yes
1596,214,Butter Chicken,Main Course,99.0,16.0,442.0,Yes
1597,214,Veg Burger,Fast Food,217.0,19.0,393.0,No
1598,214,Fish Fingers,Starters,127.0,30.0,432.0,Yes
1599,214,Masala Chai,Beverages,77.0,3.0,579.0,Yes
1600,215,Tandoori Roti,Breads,64.0,19.0,220.0,Yes
1601,215,Chicken 65,Starters,192.0,20.0,520.0,Yes
1602,215,Fresh Lime Soda,Beverages,171.0,17.0,239.0,Yes
1603,215,Kulcha,Breads,157.0,18.0,406.0,Yes
1604,215,Kulcha,Breads,164.0,9.0,205.0,Yes
1605,215,Chole Bhature,Main Course,315.0,22.0,753.0,Yes
1606,215,Kheer,Desserts,216.0,23.0,264.0,Yes
1607,215,Chole Bhature,Main Course,312.0,3.0,496.0,Yes
1608,215,Rasmalai,Desserts,190.0,29.0,380.0,Yes
1609,216,Veg Manchurian,Starters,183.0,3.0,116.0,No
1610,216,Rasmalai,Desserts,213.0,27.0,443.0,No
1611,216,Rasmalai,Desserts,167.0,20.0,429.0,Yes
1612,216,Cheese Pizza,Fast Food,239.0,10.0,438.0,Yes
1613,216,Kulcha,Breads,88.0,26.0,235.0,Yes
1614,216,Cold Coffee,Beverages,159.0,22.0,201.0,Yes
1615,216,French Fries,Fast Food,106.0,35.0,541.0,Yes
1616,216,Rasmalai,Desserts,210.0,23.0,144.0,Yes
1617,216,Brownie,Desserts,236.0,33.0,325.0,Yes
1618,217,Ice Cream,Desserts,344.0,14.0,418.0,Yes
1619,217,Fresh Lime Soda,Beverages,59.0,21.0,422.0,Yes
1620,217,Momos,Starters,159.0,11.0,433.0,Yes
1621,217,French Fries,Fast Food,123.0,26.0,438.0,No
1622,217,Kulcha,Breads,136.0,26.0,335.0,Yes
1623,217,Biryani,Main Course,267.0,18.0,113.0,Yes
1624,217,Fresh Lime Soda,Beverages,232.0,17.0,483.0,Yes
1625,217,Veg Sandwich,Fast Food,199.0,19.0,406.0,Yes
1626,218,Veg Manchurian,Starters,439.0,22.0,134.0,Yes
1627,218,Veg Burger,Fast Food,44.0,21.0,314.0,Yes
1628,218,Butter Naan,Breads,276.0,20.0,456.0,Yes
1629,218,Brownie,Desserts,97.0,22.0,425.0,Yes
1630,218,Spring Rolls,Starters,95.0,10.0,648.0,No
1631,218,Mojito,Beverages,231.0,14.0,318.0,Yes
1632,218,Kulcha,Breads,180.0,20.0,197.0,No
1633,218,Kheer,Desserts,168.0,3.0,396.0,Yes
1634,219,Fish Fingers,Starters,311.0,7.0,379.0,Yes
1635,219,Dal Makhani,Main Course,160.0,9.0,332.0,Yes
1636,219,Garlic Naan,Breads,61.0,10.0,424.0,Yes
1637,219,French Fries,Fast Food,214.0,15.0,601.0,Yes
1638,219,French Fries,Fast Food,245.0,33.0,382.0,Yes
1639,219,Garlic Naan,Breads,85.0,16.0,702.0,Yes
1640,219,Paneer Tikka,Starters,89.0,24.0,245.0,Yes
1641,219,Spring Rolls,Starters,147.0,13.0,262.0,No
1642,219,Fresh Lime Soda,Beverages,250.0,29.0,535.0,Yes
1643,220,Mojito,Beverages,182.0,6.0,419.0,Yes
1644,220,Dal Makhani,Main Course,236.0,17.0,599.0,Yes
1645,220,Kulcha,Breads,162.0,13.0,548.0,Yes
1646,220,Lassi,Beverages,258.0,29.0,478.0,No
1647,220,Cheese Pizza,Fast Food,107.0,3.0,141.0,Yes
1648,220,Lassi,Beverages,127.0,28.0,583.0,Yes
1649,220,Lassi,Beverages,143.0,24.0,193.0,Yes
1650,220,Fresh Lime Soda,Beverages,291.0,15.0,497.0,No
1651,221,Paneer Butter Masala,Main Course,228.0,21.0,219.0,Yes
1652,221,Fresh Lime Soda,Beverages,127.0,26.0,476.0,Yes
1653,221,Butter Naan,Breads,82.0,21.0,243.0,Yes
1654,221,Tandoori Roti,Breads,66.0,13.0,385.0,Yes
1655,221,Spring Rolls,Starters,71.0,25.0,293.0,Yes
1656,221,Fresh Lime Soda,Beverages,177.0,21.0,676.0,Yes
1657,221,Cheese Pizza,Fast Food,233.0,15.0,251.0,Yes
1658,221,Fried Rice,Main Course,67.0,10.0,377.0,Yes
1659,222,Spring Rolls,Starters,288.0,16.0,315.0,Yes
1660,222,Kheer,Desserts,190.0,31.0,286.0,Yes
1661,222,Butter Naan,Breads,221.0,15.0,430.0,Yes
1662,222,Cheese Pizza,Fast Food,237.0,28.0,391.0,Yes
1663,222,Chole Bhature,Main Course,282.0,21.0,205.0,Yes
1664,222,Biryani,Main Course,162.0,36.0,382.0,Yes
1665,223,Paneer Tikka,Starters,151.0,15.0,330.0,Yes
1666,223,Chicken Burger,Fast Food,56.0,3.0,283.0,Yes
1667,223,Dal Makhani,Main Course,148.0,22.0,344.0,No
1668,223,Fried Rice,Main Course,191.0,8.0,142.0,Yes
1669,223,Brownie,Desserts,211.0,23.0,547.0,Yes
1670,223,Garlic Naan,Breads,288.0,28.0,503.0,No
1671,224,Spring Rolls,Starters,128.0,20.0,351.0,Yes
1672,224,Tandoori Roti,Breads,159.0,21.0,589.0,Yes
1673,224,Dal Makhani,Main Course,248.0,17.0,414.0,No
1674,224,Chicken 65,Starters,212.0,27.0,678.0,Yes
1675,224,Veg Burger,Fast Food,191.0,16.0,423.0,Yes
1676,224,Kulcha,Breads,272.0,22.0,323.0,Yes
1677,225,Paneer Tikka,Starters,181.0,18.0,302.0,Yes
1678,225,Garlic Naan,Breads,120.0,8.0,377.0,Yes
1679,225,French Fries,Fast Food,281.0,26.0,396.0,Yes
1680,225,Lassi,Beverages,340.0,17.0,348.0,Yes
1681,225,Paneer Butter Masala,Main Course,40.0,19.0,265.0,Yes
1682,225,Butter Naan,Breads,310.0,8.0,593.0,Yes
1683,226,Kulcha,Breads,198.0,8.0,150.0,Yes
1684,226,Ice Cream,Desserts,213.0,10.0,104.0,Yes
1685,226,Chicken Burger,Fast Food,358.0,24.0,228.0,No
1686,226,Veg Burger,Fast Food,40.0,27.0,196.0,Yes
1687,226,Tandoori Roti,Breads,188.0,21.0,322.0,Yes
1688,226,Kheer,Desserts,92.0,3.0,468.0,Yes
1689,226,Veg Sandwich,Fast Food,394.0,8.0,250.0,Yes
1690,227,Paneer Butter Masala,Main Course,249.0,3.0,281.0,Yes
1691,227,Fish Fingers,Starters,198.0,11.0,477.0,Yes
1692,227,Chole Bhature,Main Course,217.0,18.0,286.0,Yes
1693,227,Paneer Butter Masala,Main Course,143.0,18.0,431.0,Yes
1694,227,Chicken Burger,Fast Food,308.0,23.0,343.0,Yes
1695,227,Lassi,Beverages,230.0,23.0,301.0,Yes
1696,227,Butter Chicken,Main Course,232.0,16.0,443.0,Yes
1697,227,Fresh Lime Soda,Beverages,270.0,26.0,269.0,Yes
1698,228,Garlic Naan,Breads,79.0,32.0,667.0,Yes
1699,228,Biryani,Main Course,245.0,15.0,355.0,Yes
1700,228,Veg Manchurian,Starters,91.0,19.0,381.0,Yes
1701,228,Fish Fingers,Starters,171.0,8.0,543.0,No
1702,228,Momos,Starters,220.0,21.0,132.0,Yes
1703,228,Veg Burger,Fast Food,43.0,9.0,516.0,Yes
1704,228,Cold Coffee,Beverages,135.0,9.0,498.0,Yes
1705,228,Chole Bhature,Main Course,150.0,20.0,247.0,Yes
1706,229,Butter Naan,Breads,177.0,28.0,585.0,Yes
1707,229,Kulcha,Breads,108.0,15.0,521.0,No
1708,229,Rasmalai,Desserts,187.0,20.0,607.0,Yes
1709,229,Kulcha,Breads,199.0,13.0,588.0,Yes
1710,229,Paneer Butter Masala,Main Course,105.0,17.0,313.0,Yes
1711,229,Kheer,Desserts,72.0,17.0,409.0,No
1712,229,Paneer Butter Masala,Main Course,157.0,26.0,286.0,Yes
1713,230,Paneer Tikka,Starters,212.0,8.0,759.0,No
1714,230,Masala Chai,Beverages,120.0,5.0,365.0,Yes
1715,230,Lassi,Beverages,200.0,25.0,560.0,Yes
1716,230,Momos,Starters,236.0,24.0,565.0,Yes
1717,230,Tandoori Roti,Breads,202.0,11.0,413.0,Yes
1718,230,Paneer Butter Masala,Main Course,115.0,26.0,580.0,Yes
1719,230,Ice Cream,Desserts,293.0,8.0,559.0,Yes
1720,230,Ice Cream,Desserts,128.0,20.0,524.0,Yes
1721,231,French Fries,Fast Food,50.0,24.0,167.0,Yes
1722,231,Lassi,Beverages,162.0,25.0,599.0,Yes
1723,231,Mojito,Beverages,252.0,13.0,309.0,No
1724,231,Chole Bhature,Main Course,167.0,18.0,531.0,Yes
1725,231,Fresh Lime Soda,Beverages,174.0,14.0,346.0,Yes
1726,231,Garlic Naan,Breads,282.0,18.0,628.0,Yes
1727,232,Brownie,Desserts,265.0,13.0,332.0,Yes
1728,232,Cold Coffee,Beverages,170.0,16.0,573.0,Yes
1729,232,Chicken Burger,Fast Food,131.0,18.0,450.0,Yes
1730,232,Masala Chai,Beverages,243.0,21.0,459.0,Yes
1731,232,Tandoori Roti,Breads,137.0,14.0,437.0,Yes
1732,232,Tandoori Roti,Breads,163.0,10.0,334.0,Yes
1733,232,Cheese Pizza,Fast Food,195.0,27.0,258.0,Yes
1734,232,Veg Manchurian,Starters,80.0,24.0,338.0,Yes
1735,232,Cold Coffee,Beverages,103.0,17.0,265.0,Yes
1736,233,Veg Sandwich,Fast Food,378.0,11.0,428.0,Yes
1737,233,Lassi,Beverages,226.0,25.0,238.0,Yes
1738,233,Butter Chicken,Main Course,220.0,4.0,446.0,Yes
1739,233,Brownie,Desserts,174.0,24.0,439.0,Yes
1740,233,French Fries,Fast Food,169.0,17.0,181.0,Yes
1741,233,Dal Makhani,Main Course,106.0,30.0,430.0,Yes
1742,234,Veg Manchurian,Starters,241.0,13.0,530.0,Yes
1743,234,Dal Makhani,Main Course,154.0,6.0,387.0,Yes
1744,234,Chicken 65,Starters,296.0,3.0,510.0,Yes
1745,234,Tandoori Roti,Breads,194.0,38.0,744.0,Yes
1746,234,Fried Rice,Main Course,40.0,29.0,341.0,No
1747,234,Kheer,Desserts,162.0,13.0,295.0,Yes
1748,234,Gulab Jamun,Desserts,298.0,3.0,300.0,Yes
1749,234,Chicken Burger,Fast Food,240.0,3.0,365.0,Yes
1750,234,Chicken 65,Starters,71.0,19.0,407.0,Yes
1751,235,Kheer,Desserts,263.0,3.0,464.0,Yes
1752,235,Veg Manchurian,Starters,112.0,29.0,333.0,Yes
1753,235,Kheer,Desserts,106.0,13.0,484.0,Yes
1754,235,Cheese Pizza,Fast Food,242.0,17.0,253.0,No
1755,235,Veg Burger,Fast Food,73.0,23.0,478.0,Yes
1756,235,Biryani,Main Course,216.0,30.0,281.0,No
1757,235,Biryani,Main Course,357.0,20.0,324.0,No
1758,235,Chicken 65,Starters,175.0,8.0,246.0,No
1759,236,French Fries,Fast Food,169.0,24.0,294.0,No
1760,236,Mojito,Beverages,373.0,17.0,309.0,No
1761,236,Veg Burger,Fast Food,64.0,13.0,616.0,Yes
1762,236,Fried Rice,Main Course,335.0,22.0,408.0,Yes
1763,236,Cheese Pizza,Fast Food,50.0,3.0,428.0,Yes
1764,236,Kulcha,Breads,144.0,13.0,459.0,Yes
1765,237,Fish Fingers,Starters,59.0,29.0,679.0,Yes
1766,237,French Fries,Fast Food,242.0,15.0,309.0,Yes
1767,237,Dal Makhani,Main Course,152.0,20.0,551.0,Yes
1768,237,Fresh Lime Soda,Beverages,220.0,28.0,482.0,Yes
1769,237,Rasmalai,Desserts,272.0,17.0,227.0,Yes
1770,237,Kulcha,Breads,295.0,35.0,444.0,Yes
1771,237,Veg Manchurian,Starters,130.0,21.0,347.0,No
1772,237,Garlic Naan,Breads,182.0,18.0,286.0,Yes
1773,237,Biryani,Main Course,115.0,17.0,370.0,Yes
1774,238,French Fries,Fast Food,231.0,20.0,490.0,Yes
1775,238,Butter Naan,Breads,167.0,11.0,243.0,Yes
1776,238,Veg Manchurian,Starters,269.0,14.0,305.0,Yes
1777,238,Chicken 65,Starters,295.0,14.0,73.0,Yes
1778,238,Fish Fingers,Starters,199.0,13.0,291.0,Yes
1779,238,Butter Naan,Breads,167.0,3.0,121.0,Yes
1780,238,Paneer Tikka,Starters,138.0,22.0,360.0,Yes
1781,239,Garlic Naan,Breads,152.0,17.0,533.0,Yes
1782,239,Veg Burger,Fast Food,183.0,17.0,316.0,Yes
1783,239,Dal Makhani,Main Course,144.0,19.0,597.0,Yes
1784,239,Lassi,Beverages,201.0,11.0,354.0,Yes
1785,239,French Fries,Fast Food,279.0,18.0,192.0,Yes
1786,239,Garlic Naan,Breads,219.0,12.0,227.0,Yes
1787,239,Spring Rolls,Starters,187.0,11.0,521.0,Yes
1788,239,Chicken 65,Starters,188.0,28.0,452.0,Yes
1789,240,Veg Manchurian,Starters,135.0,13.0,345.0,Yes
1790,240,Chole Bhature,Main Course,224.0,6.0,440.0,Yes
1791,240,Gulab Jamun,Desserts,97.0,35.0,482.0,Yes
1792,240,Butter Naan,Breads,238.0,18.0,160.0,Yes
1793,240,Kheer,Desserts,181.0,21.0,314.0,Yes
1794,240,Lassi,Beverages,173.0,23.0,416.0,Yes
1795,240,French Fries,Fast Food,204.0,22.0,585.0,Yes
1796,240,Veg Burger,Fast Food,104.0,33.0,690.0,Yes
1797,241,Veg Burger,Fast Food,130.0,23.0,673.0,Yes
1798,241,Cheese Pizza,Fast Food,309.0,4.0,376.0,Yes
1799,241,Kheer,Desserts,134.0,24.0,541.0,Yes
1800,241,Rasmalai,Desserts,73.0,12.0,163.0,Yes
1801,241,Chicken Burger,Fast Food,172.0,15.0,469.0,Yes
1802,241,Garlic Naan,Breads,342.0,20.0,355.0,Yes
1803,242,Kheer,Desserts,252.0,15.0,373.0,Yes
1804,242,Kheer,Desserts,195.0,8.0,353.0,Yes
1805,242,Chole Bhature,Main Course,108.0,24.0,245.0,Yes
1806,242,Gulab Jamun,Desserts,95.0,12.0,282.0,Yes
1807,242,Biryani,Main Course,330.0,26.0,473.0,Yes
1808,242,Dal Makhani,Main Course,143.0,17.0,636.0,Yes
1809,242,Cheese Pizza,Fast Food,152.0,9.0,522.0,Yes
1810,243,Butter Naan,Breads,158.0,16.0,366.0,Yes
1811,243,Kheer,Desserts,166.0,21.0,354.0,Yes
1812,243,Chicken Burger,Fast Food,207.0,26.0,621.0,Yes
1813,243,Chole Bhature,Main Course,98.0,26.0,569.0,Yes
1814,243,Ice Cream,Desserts,293.0,18.0,364.0,Yes
1815,243,Tandoori Roti,Breads,40.0,18.0,667.0,Yes
1816,244,Butter Chicken,Main Course,208.0,16.0,487.0,Yes
1817,244,French Fries,Fast Food,73.0,15.0,522.0,Yes
1818,244,Brownie,Desserts,230.0,13.0,667.0,No
1819,244,Lassi,Beverages,48.0,20.0,527.0,Yes
1820,244,Dal Makhani,Main Course,291.0,18.0,514.0,Yes
1821,244,Paneer Butter Masala,Main Course,180.0,31.0,448.0,Yes
1822,244,Brownie,Desserts,284.0,8.0,382.0,Yes
1823,245,Rasmalai,Desserts,228.0,22.0,314.0,Yes
1824,245,Cold Coffee,Beverages,40.0,3.0,257.0,Yes
1825,245,Spring Rolls,Starters,430.0,3.0,374.0,Yes
1826,245,Chicken Burger,Fast Food,153.0,18.0,387.0,Yes
1827,245,Veg Burger,Fast Food,91.0,26.0,155.0,Yes
1828,245,Rasmalai,Desserts,348.0,21.0,263.0,Yes
1829,246,Tandoori Roti,Breads,117.0,27.0,198.0,Yes
1830,246,Momos,Starters,184.0,17.0,391.0,Yes
1831,246,Paneer Butter Masala,Main Course,229.0,23.0,461.0,Yes
1832,246,Veg Manchurian,Starters,280.0,20.0,324.0,Yes
1833,246,Cheese Pizza,Fast Food,78.0,18.0,458.0,Yes
1834,246,Cheese Pizza,Fast Food,40.0,21.0,269.0,Yes
1835,246,Dal Makhani,Main Course,98.0,19.0,85.0,Yes
1836,246,Biryani,Main Course,310.0,25.0,221.0,Yes
1837,246,Masala Chai,Beverages,163.0,19.0,287.0,Yes
1838,247,Paneer Butter Masala,Main Course,135.0,17.0,398.0,Yes
1839,247,Garlic Naan,Breads,168.0,18.0,456.0,Yes
1840,247,Fried Rice,Main Course,149.0,21.0,575.0,Yes
1841,247,Paneer Butter Masala,Main Course,220.0,31.0,,Yes
1842,247,Masala Chai,Beverages,127.0,20.0,436.0,Yes
1843,247,Chole Bhature,Main Course,145.0,22.0,431.0,Yes
1844,247,Cold Coffee,Beverages,285.0,9.0,408.0,Yes
1845,247,Kheer,Desserts,139.0,24.0,481.0,Yes
1846,248,Paneer Tikka,Starters,136.0,26.0,396.0,Yes
1847,248,Butter Naan,Breads,68.0,15.0,747.0,Yes
1848,248,Fresh Lime Soda,Beverages,162.0,19.0,443.0,Yes
1849,248,Butter Naan,Breads,176.0,30.0,509.0,Yes
1850,248,French Fries,Fast Food,238.0,15.0,504.0,Yes
1851,248,Mojito,Beverages,152.0,21.0,709.0,Yes
1852,248,Ice Cream,Desserts,320.0,17.0,433.0,No
1853,248,Cold Coffee,Beverages,81.0,16.0,66.0,Yes
1854,249,Momos,Starters,262.0,12.0,385.0,Yes
1855,249,Cold Coffee,Beverages,139.0,26.0,605.0,Yes
1856,249,Fried Rice,Main Course,307.0,7.0,498.0,Yes
1857,249,Gulab Jamun,Desserts,101.0,19.0,544.0,Yes
1858,249,Garlic Naan,Breads,156.0,19.0,307.0,Yes
1859,249,Tandoori Roti,Breads,278.0,16.0,319.0,Yes
1860,250,Veg Burger,Fast Food,210.0,25.0,190.0,Yes
1861,250,Kheer,Desserts,221.0,14.0,500.0,Yes
1862,250,Kheer,Desserts,133.0,11.0,293.0,Yes
1863,250,Lassi,Beverages,194.0,22.0,306.0,Yes
1864,250,Rasmalai,Desserts,184.0,12.0,343.0,Yes
1865,250,Fried Rice,Main Course,135.0,12.0,217.0,Yes
1866,250,Brownie,Desserts,173.0,27.0,412.0,No
1867,251,Cheese Pizza,Fast Food,153.0,24.0,326.0,Yes
1868,251,Butter Chicken,Main Course,197.0,5.0,399.0,Yes
1869,251,Momos,Starters,150.0,3.0,332.0,Yes
1870,251,Tandoori Roti,Breads,40.0,13.0,474.0,Yes
1871,251,Tandoori Roti,Breads,98.0,12.0,171.0,Yes
1872,251,Butter Naan,Breads,205.0,14.0,393.0,No
1873,251,Lassi,Beverages,283.0,10.0,589.0,Yes
1874,252,Fried Rice,Main Course,157.0,26.0,383.0,Yes
1875,252,Mojito,Beverages,40.0,8.0,360.0,Yes
1876,252,Brownie,Desserts,40.0,22.0,522.0,No
1877,252,Dal Makhani,Main Course,46.0,15.0,386.0,Yes
1878,252,Tandoori Roti,Breads,241.0,21.0,337.0,Yes
1879,252,Chole Bhature,Main Course,52.0,18.0,380.0,Yes
1880,252,Momos,Starters,106.0,34.0,425.0,Yes
1881,253,Biryani,Main Course,121.0,13.0,524.0,Yes
1882,253,Veg Burger,Fast Food,287.0,22.0,552.0,Yes
1883,253,Tandoori Roti,Breads,68.0,17.0,227.0,Yes
1884,253,Masala Chai,Beverages,252.0,25.0,251.0,Yes
1885,253,Cheese Pizza,Fast Food,126.0,10.0,433.0,Yes
1886,253,Cheese Pizza,Fast Food,170.0,18.0,350.0,Yes
1887,253,French Fries,Fast Food,344.0,25.0,378.0,Yes
1888,253,Paneer Butter Masala,Main Course,42.0,4.0,157.0,Yes
1889,253,Mojito,Beverages,219.0,16.0,584.0,Yes
1890,254,Garlic Naan,Breads,244.0,3.0,276.0,Yes
1891,254,Paneer Butter Masala,Main Course,40.0,14.0,446.0,No
1892,254,Chicken 65,Starters,186.0,17.0,223.0,Yes
1893,254,Mojito,Beverages,387.0,19.0,635.0,Yes
1894,254,Rasmalai,Desserts,253.0,22.0,491.0,Yes
1895,254,Paneer Tikka,Starters,130.0,13.0,384.0,Yes
1896,254,Masala Chai,Beverages,165.0,3.0,397.0,Yes
1897,254,Gulab Jamun,Desserts,231.0,7.0,239.0,Yes
1898,254,Cheese Pizza,Fast Food,185.0,21.0,374.0,No
1899,255,Fish Fingers,Starters,211.0,19.0,342.0,No
1900,255,Fried Rice,Main Course,176.0,17.0,403.0,Yes
1901,255,Mojito,Beverages,166.0,20.0,542.0,Yes
1902,255,Fish Fingers,Starters,219.0,3.0,191.0,Yes
1903,255,Brownie,Desserts,233.0,11.0,576.0,Yes
1904,255,Gulab Jamun,Desserts,46.0,24.0,268.0,Yes
1905,255,Fresh Lime Soda,Beverages,281.0,12.0,254.0,Yes
1906,255,Cold Coffee,Beverages,187.0,6.0,257.0,Yes
1907,256,French Fries,Fast Food,258.0,29.0,365.0,Yes
1908,256,Tandoori Roti,Breads,135.0,5.0,495.0,Yes
1909,256,Paneer Butter Masala,Main Course,140.0,8.0,441.0,Yes
1910,256,Dal Makhani,Main Course,61.0,19.0,341.0,Yes
1911,256,Masala Chai,Beverages,197.0,6.0,429.0,Yes
1912,256,Dal Makhani,Main Course,40.0,20.0,386.0,Yes
1913,256,Cold Coffee,Beverages,40.0,17.0,504.0,Yes
1914,257,Paneer Butter Masala,Main Course,140.0,7.0,335.0,Yes
1915,257,Brownie,Desserts,40.0,20.0,512.0,Yes
1916,257,Momos,Starters,137.0,15.0,566.0,Yes
1917,257,Rasmalai,Desserts,318.0,23.0,247.0,Yes
1918,257,Ice Cream,Desserts,291.0,22.0,435.0,No
1919,257,Tandoori Roti,Breads,207.0,26.0,120.0,Yes
1920,257,Veg Sandwich,Fast Food,166.0,8.0,461.0,Yes
1921,257,Garlic Naan,Breads,106.0,42.0,512.0,Yes
1922,258,Tandoori Roti,Breads,75.0,25.0,338.0,Yes
1923,258,Fried Rice,Main Course,188.0,16.0,125.0,Yes
1924,258,French Fries,Fast Food,125.0,8.0,50.0,Yes
1925,258,Veg Manchurian,Starters,132.0,15.0,179.0,Yes
1926,258,Veg Sandwich,Fast Food,277.0,20.0,415.0,Yes
1927,258,Chicken 65,Starters,226.0,22.0,440.0,Yes
1928,258,Chole Bhature,Main Course,319.0,3.0,479.0,Yes
1929,259,Mojito,Beverages,146.0,29.0,455.0,Yes
1930,259,Veg Burger,Fast Food,169.0,29.0,372.0,Yes
1931,259,Kulcha,Breads,217.0,12.0,419.0,Yes
1932,259,Kulcha,Breads,365.0,24.0,463.0,No
1933,259,Fresh Lime Soda,Beverages,56.0,36.0,216.0,Yes
1934,259,Cheese Pizza,Fast Food,186.0,21.0,494.0,Yes
1935,259,Veg Sandwich,Fast Food,116.0,23.0,215.0,Yes
1936,259,French Fries,Fast Food,329.0,7.0,322.0,Yes
1937,259,Veg Sandwich,Fast Food,231.0,16.0,627.0,Yes
1938,260,Kulcha,Breads,293.0,21.0,292.0,Yes
1939,260,Butter Naan,Breads,168.0,6.0,273.0,Yes
1940,260,Brownie,Desserts,158.0,25.0,463.0,No
1941,260,Mojito,Beverages,155.0,11.0,514.0,Yes
1942,260,Masala Chai,Beverages,128.0,23.0,477.0,Yes
1943,260,Biryani,Main Course,276.0,11.0,333.0,Yes
1944,260,Veg Burger,Fast Food,179.0,15.0,298.0,Yes
1945,261,Dal Makhani,Main Course,118.0,7.0,284.0,No
1946,261,Veg Burger,Fast Food,242.0,25.0,444.0,Yes
1947,261,Lassi,Beverages,157.0,17.0,611.0,Yes
1948,261,Biryani,Main Course,256.0,3.0,272.0,Yes
1949,261,Momos,Starters,133.0,30.0,494.0,Yes
1950,261,Momos,Starters,50.0,23.0,830.0,Yes
1951,262,Cheese Pizza,Fast Food,254.0,11.0,625.0,Yes
1952,262,Veg Manchurian,Starters,210.0,12.0,407.0,Yes
1953,262,Lassi,Beverages,158.0,12.0,217.0,Yes
1954,262,Garlic Naan,Breads,125.0,17.0,519.0,Yes
1955,262,Chole Bhature,Main Course,65.0,6.0,415.0,Yes
1956,262,Masala Chai,Beverages,150.0,14.0,262.0,No
1957,262,Masala Chai,Beverages,101.0,9.0,131.0,Yes
1958,262,Brownie,Desserts,210.0,21.0,649.0,No
1959,263,Ice Cream,Desserts,233.0,17.0,471.0,No
1960,263,Brownie,Desserts,146.0,11.0,497.0,Yes
1961,263,French Fries,Fast Food,208.0,7.0,394.0,Yes
1962,263,Chicken 65,Starters,105.0,25.0,335.0,Yes
1963,263,Spring Rolls,Starters,333.0,27.0,236.0,Yes
1964,263,Spring Rolls,Starters,119.0,23.0,408.0,Yes
1965,263,French Fries,Fast Food,154.0,18.0,381.0,Yes
1966,263,Momos,Starters,270.0,15.0,470.0,Yes
1967,263,Gulab Jamun,Desserts,221.0,27.0,389.0,No
1968,264,Veg Burger,Fast Food,194.0,20.0,302.0,Yes
1969,264,Momos,Starters,165.0,10.0,503.0,Yes
1970,264,Brownie,Desserts,321.0,3.0,549.0,No
1971,264,Dal Makhani,Main Course,176.0,28.0,439.0,Yes
1972,264,Garlic Naan,Breads,267.0,17.0,407.0,Yes
1973,264,Tandoori Roti,Breads,266.0,37.0,320.0,Yes
1974,264,Brownie,Desserts,190.0,12.0,364.0,Yes
1975,265,Veg Manchurian,Starters,133.0,10.0,476.0,Yes
1976,265,Cold Coffee,Beverages,198.0,10.0,225.0,Yes
1977,265,Chicken 65,Starters,258.0,14.0,,Yes
1978,265,Veg Burger,Fast Food,172.0,18.0,365.0,Yes
1979,265,Gulab Jamun,Desserts,53.0,6.0,608.0,Yes
1980,265,Spring Rolls,Starters,300.0,10.0,474.0,Yes
1981,266,Garlic Naan,Breads,299.0,7.0,398.0,Yes
1982,266,Chole Bhature,Main Course,132.0,19.0,584.0,Yes
1983,266,Fish Fingers,Starters,215.0,22.0,67.0,Yes
1984,266,Lassi,Beverages,242.0,17.0,723.0,Yes
1985,266,Kheer,Desserts,233.0,15.0,683.0,Yes
1986,266,Cold Coffee,Beverages,173.0,20.0,192.0,Yes
1987,266,Momos,Starters,123.0,12.0,372.0,Yes
1988,266,Spring Rolls,Starters,70.0,4.0,415.0,Yes
1989,267,Chole Bhature,Main Course,47.0,23.0,695.0,Yes
1990,267,Paneer Butter Masala,Main Course,200.0,20.0,66.0,Yes
1991,267,Veg Sandwich,Fast Food,236.0,17.0,471.0,Yes
1992,267,Garlic Naan,Breads,74.0,15.0,584.0,Yes
1993,267,Dal Makhani,Main Course,111.0,15.0,535.0,Yes
1994,267,Brownie,Desserts,242.0,26.0,292.0,Yes
1995,268,Mojito,Beverages,165.0,10.0,256.0,Yes
1996,268,Brownie,Desserts,94.0,17.0,638.0,Yes
1997,268,Masala Chai,Beverages,294.0,22.0,263.0,Yes
1998,268,Kulcha,Breads,88.0,15.0,461.0,Yes
1999,268,Fried Rice,Main Course,230.0,19.0,386.0,Yes
2000,268,French Fries,Fast Food,199.0,13.0,183.0,Yes
2001,268,Tandoori Roti,Breads,153.0,19.0,380.0,Yes
2002,269,Fresh Lime Soda,Beverages,42.0,16.0,308.0,Yes
2003,269,Veg Burger,Fast Food,300.0,22.0,50.0,No
2004,269,Ice Cream,Desserts,184.0,8.0,182.0,Yes
2005,269,Fried Rice,Main Course,40.0,25.0,,Yes
2006,269,Dal Makhani,Main Course,45.0,26.0,715.0,Yes
2007,269,Biryani,Main Course,161.0,10.0,389.0,Yes
2008,269,Dal Makhani,Main Course,285.0,28.0,394.0,Yes
2009,270,Kulcha,Breads,97.0,19.0,385.0,Yes
2010,270,Fried Rice,Main Course,190.0,14.0,428.0,Yes
2011,270,Cheese Pizza,Fast Food,40.0,20.0,570.0,Yes
2012,270,Butter Chicken,Main Course,162.0,19.0,159.0,Yes
2013,270,Paneer Butter Masala,Main Course,226.0,25.0,646.0,Yes
2014,270,Kulcha,Breads,40.0,22.0,139.0,Yes
2015,270,French Fries,Fast Food,215.0,13.0,475.0,Yes
2016,271,Chicken 65,Starters,218.0,18.0,331.0,Yes
2017,271,Chicken 65,Starters,194.0,25.0,440.0,Yes
2018,271,Gulab Jamun,Desserts,251.0,6.0,409.0,Yes
2019,271,Mojito,Beverages,136.0,24.0,479.0,No
2020,271,Mojito,Beverages,133.0,19.0,378.0,Yes
2021,271,Garlic Naan,Breads,215.0,20.0,410.0,Yes
2022,271,Spring Rolls,Starters,59.0,29.0,558.0,Yes
2023,271,Cold Coffee,Beverages,188.0,22.0,490.0,Yes
2024,272,Veg Sandwich,Fast Food,117.0,27.0,95.0,Yes
2025,272,Paneer Tikka,Starters,40.0,12.0,450.0,Yes
2026,272,Tandoori Roti,Breads,191.0,18.0,389.0,Yes
2027,272,Paneer Tikka,Starters,151.0,7.0,193.0,Yes
2028,272,Butter Naan,Breads,64.0,9.0,187.0,Yes
2029,272,Butter Chicken,Main Course,50.0,15.0,558.0,Yes
2030,273,Cheese Pizza,Fast Food,219.0,10.0,296.0,Yes
2031,273,Butter Chicken,Main Course,350.0,14.0,236.0,Yes
2032,273,Ice Cream,Desserts,154.0,13.0,271.0,No
2033,273,Fresh Lime Soda,Beverages,183.0,28.0,201.0,Yes
2034,273,Cheese Pizza,Fast Food,214.0,25.0,467.0,Yes
2035,273,Cold Coffee,Beverages,273.0,22.0,295.0,Yes
2036,273,Chicken Burger,Fast Food,341.0,22.0,742.0,Yes
2037,273,Brownie,Desserts,40.0,37.0,529.0,Yes
2038,274,Veg Sandwich,Fast Food,222.0,10.0,511.0,Yes
2039,274,Cold Coffee,Beverages,287.0,3.0,485.0,Yes
2040,274,Brownie,Desserts,121.0,22.0,245.0,Yes
2041,274,French Fries,Fast Food,294.0,17.0,512.0,Yes
2042,274,Veg Burger,Fast Food,266.0,20.0,269.0,Yes
2043,274,Butter Chicken,Main Course,236.0,17.0,428.0,Yes
2044,275,Veg Manchurian,Starters,147.0,3.0,408.0,Yes
2045,275,Garlic Naan,Breads,126.0,20.0,394.0,Yes
2046,275,Garlic Naan,Breads,132.0,35.0,353.0,Yes
2047,275,Spring Rolls,Starters,187.0,33.0,248.0,Yes
2048,275,Dal Makhani,Main Course,255.0,12.0,365.0,Yes
2049,275,Butter Naan,Breads,215.0,27.0,246.0,Yes
2050,275,Butter Chicken,Main Course,203.0,12.0,496.0,No
2051,276,Chole Bhature,Main Course,267.0,23.0,279.0,Yes
2052,276,Fish Fingers,Starters,80.0,16.0,215.0,Yes
2053,276,Butter Naan,Breads,226.0,29.0,281.0,Yes
2054,276,French Fries,Fast Food,227.0,11.0,588.0,Yes
2055,276,Veg Manchurian,Starters,271.0,17.0,514.0,Yes
2056,276,Momos,Starters,255.0,8.0,474.0,Yes
2057,277,Fried Rice,Main Course,124.0,18.0,348.0,Yes
2058,277,Biryani,Main Course,182.0,25.0,228.0,Yes
2059,277,Chicken 65,Starters,40.0,14.0,565.0,Yes
2060,277,Fresh Lime Soda,Beverages,99.0,13.0,575.0,Yes
2061,277,Brownie,Desserts,304.0,23.0,461.0,Yes
2062,277,Gulab Jamun,Desserts,270.0,14.0,503.0,Yes
2063,277,French Fries,Fast Food,108.0,30.0,556.0,Yes
2064,278,French Fries,Fast Food,239.0,15.0,504.0,Yes
2065,278,Veg Sandwich,Fast Food,178.0,13.0,487.0,Yes
2066,278,Paneer Tikka,Starters,40.0,25.0,245.0,No
2067,278,Chole Bhature,Main Course,245.0,6.0,337.0,Yes
2068,278,Lassi,Beverages,220.0,24.0,296.0,Yes
2069,278,Masala Chai,Beverages,96.0,26.0,685.0,Yes
2070,278,Momos,Starters,98.0,3.0,628.0,Yes
2071,278,Ice Cream,Desserts,166.0,10.0,408.0,Yes
2072,279,Mojito,Beverages,355.0,23.0,517.0,Yes
2073,279,Gulab Jamun,Desserts,194.0,21.0,654.0,Yes
2074,279,Veg Manchurian,Starters,98.0,24.0,394.0,Yes
2075,279,Momos,Starters,174.0,8.0,463.0,Yes
2076,279,Veg Manchurian,Starters,232.0,16.0,617.0,Yes
2077,279,Brownie,Desserts,187.0,3.0,482.0,Yes
2078,279,Butter Naan,Breads,75.0,29.0,681.0,Yes
2079,280,Garlic Naan,Breads,270.0,17.0,490.0,Yes
2080,280,Mojito,Beverages,112.0,22.0,280.0,Yes
2081,280,Veg Burger,Fast Food,349.0,10.0,154.0,Yes
2082,280,Gulab Jamun,Desserts,165.0,22.0,747.0,Yes
2083,280,French Fries,Fast Food,114.0,18.0,399.0,No
2084,280,Kheer,Desserts,85.0,9.0,117.0,Yes
2085,281,Paneer Tikka,Starters,317.0,11.0,87.0,Yes
2086,281,Lassi,Beverages,145.0,27.0,477.0,Yes
2087,281,Fresh Lime Soda,Beverages,225.0,30.0,556.0,Yes
2088,281,Garlic Naan,Breads,40.0,14.0,465.0,Yes
2089,281,Kulcha,Breads,197.0,22.0,802.0,Yes
2090,281,Kulcha,Breads,92.0,3.0,50.0,No
2091,281,Paneer Butter Masala,Main Course,262.0,16.0,176.0,Yes
2092,282,Mojito,Beverages,158.0,14.0,346.0,Yes
2093,282,Veg Burger,Fast Food,40.0,22.0,507.0,Yes
2094,282,Butter Naan,Breads,191.0,17.0,426.0,Yes
2095,282,Rasmalai,Desserts,184.0,3.0,274.0,Yes
2096,282,Kheer,Desserts,199.0,12.0,532.0,Yes
2097,282,Gulab Jamun,Desserts,58.0,36.0,711.0,Yes
2098,282,Gulab Jamun,Desserts,154.0,6.0,319.0,Yes
2099,283,Dal Makhani,Main Course,289.0,15.0,459.0,Yes
2100,283,Rasmalai,Desserts,184.0,22.0,475.0,Yes
2101,283,Ice Cream,Desserts,153.0,29.0,476.0,Yes
2102,283,Cheese Pizza,Fast Food,286.0,16.0,375.0,No
2103,283,Veg Burger,Fast Food,421.0,17.0,588.0,Yes
2104,283,French Fries,Fast Food,48.0,20.0,338.0,Yes
2105,283,Ice Cream,Desserts,318.0,12.0,335.0,Yes
2106,283,Dal Makhani,Main Course,232.0,9.0,419.0,Yes
2107,284,French Fries,Fast Food,125.0,19.0,386.0,Yes
2108,284,Dal Makhani,Main Course,345.0,21.0,204.0,Yes
2109,284,Butter Naan,Breads,97.0,14.0,295.0,Yes
2110,284,Kulcha,Breads,307.0,13.0,394.0,Yes
2111,284,Chicken Burger,Fast Food,234.0,40.0,378.0,Yes
2112,284,Rasmalai,Desserts,329.0,14.0,546.0,Yes
2113,284,Kheer,Desserts,104.0,24.0,344.0,Yes
2114,284,French Fries,Fast Food,262.0,24.0,493.0,No
2115,285,Veg Burger,Fast Food,218.0,14.0,508.0,Yes
2116,285,Lassi,Beverages,40.0,38.0,496.0,No
2117,285,Fish Fingers,Starters,228.0,21.0,288.0,Yes
2118,285,Paneer Tikka,Starters,126.0,19.0,326.0,Yes
2119,285,Butter Chicken,Main Course,73.0,17.0,452.0,Yes
2120,285,Ice Cream,Desserts,178.0,26.0,424.0,Yes
2121,285,Masala Chai,Beverages,322.0,36.0,380.0,No
2122,285,Fish Fingers,Starters,79.0,8.0,392.0,Yes
2123,285,Dal Makhani,Main Course,252.0,15.0,403.0,Yes
2124,286,Dal Makhani,Main Course,133.0,15.0,416.0,Yes
2125,286,Paneer Butter Masala,Main Course,267.0,25.0,64.0,Yes
2126,286,Brownie,Desserts,241.0,23.0,386.0,Yes
2127,286,Paneer Butter Masala,Main Course,149.0,22.0,419.0,No
2128,286,Fried Rice,Main Course,159.0,35.0,476.0,Yes
2129,286,Lassi,Beverages,132.0,23.0,465.0,Yes
2130,286,Fresh Lime Soda,Beverages,214.0,24.0,329.0,Yes
2131,286,Veg Manchurian,Starters,203.0,11.0,520.0,Yes
2132,287,Fried Rice,Main Course,181.0,11.0,392.0,Yes
2133,287,Butter Naan,Breads,201.0,25.0,583.0,Yes
2134,287,French Fries,Fast Food,264.0,22.0,510.0,Yes
2135,287,Veg Manchurian,Starters,156.0,9.0,,Yes
2136,287,Butter Chicken,Main Course,184.0,16.0,363.0,Yes
2137,287,Butter Chicken,Main Course,204.0,25.0,442.0,No
2138,287,Tandoori Roti,Breads,136.0,8.0,376.0,Yes
2139,287,Dal Makhani,Main Course,40.0,26.0,414.0,Yes
2140,288,Garlic Naan,Breads,339.0,28.0,482.0,Yes
2141,288,Fish Fingers,Starters,134.0,15.0,633.0,Yes
2142,288,Cold Coffee,Beverages,223.0,7.0,350.0,Yes
2143,288,Brownie,Desserts,307.0,26.0,461.0,Yes
2144,288,Cheese Pizza,Fast Food,302.0,8.0,311.0,Yes
2145,288,Butter Naan,Breads,170.0,13.0,512.0,Yes
2146,288,Momos,Starters,252.0,22.0,246.0,Yes
2147,289,Butter Naan,Breads,339.0,20.0,161.0,Yes
2148,289,Ice Cream,Desserts,71.0,11.0,647.0,Yes
2149,289,Paneer Butter Masala,Main Course,101.0,9.0,564.0,Yes
2150,289,French Fries,Fast Food,260.0,13.0,476.0,Yes
2151,289,Butter Naan,Breads,157.0,22.0,354.0,Yes
2152,289,Veg Sandwich,Fast Food,227.0,18.0,311.0,Yes
2153,290,Fish Fingers,Starters,263.0,18.0,547.0,Yes
2154,290,Rasmalai,Desserts,226.0,17.0,576.0,No
2155,290,Veg Burger,Fast Food,203.0,21.0,355.0,Yes
2156,290,Butter Naan,Breads,138.0,19.0,266.0,Yes
2157,290,Butter Chicken,Main Course,193.0,19.0,246.0,Yes
2158,290,Kheer,Desserts,296.0,29.0,605.0,Yes
2159,291,Chole Bhature,Main Course,164.0,19.0,349.0,No
2160,291,Veg Burger,Fast Food,246.0,16.0,433.0,Yes
2161,291,Paneer Butter Masala,Main Course,213.0,9.0,395.0,Yes
2162,291,Lassi,Beverages,263.0,48.0,135.0,Yes
2163,291,Kulcha,Breads,123.0,13.0,214.0,Yes
2164,291,Masala Chai,Beverages,356.0,17.0,375.0,Yes
2165,291,Lassi,Beverages,236.0,13.0,510.0,No
2166,291,Butter Chicken,Main Course,128.0,29.0,421.0,Yes
2167,292,Brownie,Desserts,305.0,22.0,50.0,Yes
2168,292,Biryani,Main Course,70.0,31.0,353.0,Yes
2169,292,Chicken Burger,Fast Food,40.0,14.0,347.0,Yes
2170,292,Fried Rice,Main Course,295.0,11.0,384.0,Yes
2171,292,Dal Makhani,Main Course,279.0,14.0,274.0,Yes
2172,292,Ice Cream,Desserts,214.0,24.0,391.0,Yes
2173,293,Garlic Naan,Breads,237.0,13.0,105.0,No
2174,293,Chole Bhature,Main Course,259.0,9.0,310.0,Yes
2175,293,Lassi,Beverages,201.0,25.0,388.0,Yes
2176,293,Ice Cream,Desserts,134.0,29.0,354.0,Yes
2177,293,Dal Makhani,Main Course,157.0,5.0,417.0,Yes
2178,293,Masala Chai,Beverages,310.0,6.0,293.0,Yes
2179,293,Garlic Naan,Breads,176.0,22.0,445.0,Yes
2180,293,Cold Coffee,Beverages,183.0,12.0,605.0,Yes
2181,294,French Fries,Fast Food,40.0,27.0,703.0,Yes
2182,294,Butter Naan,Breads,246.0,13.0,443.0,Yes
2183,294,Tandoori Roti,Breads,75.0,10.0,480.0,Yes
2184,294,Chicken 65,Starters,232.0,20.0,220.0,No
2185,294,Momos,Starters,391.0,22.0,382.0,Yes
2186,294,French Fries,Fast Food,187.0,13.0,270.0,Yes
2187,294,Butter Naan,Breads,402.0,11.0,300.0,Yes
2188,294,Garlic Naan,Breads,150.0,12.0,401.0,Yes
2189,295,Paneer Butter Masala,Main Course,141.0,16.0,351.0,Yes
2190,295,Mojito,Beverages,159.0,5.0,353.0,Yes
2191,295,Fried Rice,Main Course,168.0,15.0,,Yes
2192,295,Kulcha,Breads,262.0,13.0,551.0,Yes
2193,295,Spring Rolls,Starters,361.0,12.0,456.0,Yes
2194,295,Fried Rice,Main Course,201.0,18.0,157.0,Yes
2195,295,Momos,Starters,259.0,14.0,574.0,Yes
2196,295,Veg Burger,Fast Food,178.0,27.0,476.0,Yes
2197,295,Rasmalai,Desserts,248.0,23.0,379.0,Yes
2198,296,Garlic Naan,Breads,147.0,21.0,504.0,Yes
2199,296,Chicken Burger,Fast Food,179.0,24.0,289.0,No
2200,296,Tandoori Roti,Breads,202.0,27.0,438.0,Yes
2201,296,Gulab Jamun,Desserts,169.0,25.0,636.0,Yes
2202,296,Biryani,Main Course,233.0,5.0,284.0,Yes
2203,296,Cheese Pizza,Fast Food,271.0,14.0,413.0,Yes
2204,296,Lassi,Beverages,133.0,24.0,479.0,Yes
2205,296,Butter Naan,Breads,122.0,24.0,537.0,Yes
2206,296,Butter Naan,Breads,234.0,19.0,955.0,Yes
2207,297,Fried Rice,Main Course,53.0,15.0,401.0,Yes
2208,297,Fish Fingers,Starters,294.0,15.0,572.0,Yes
2209,297,Lassi,Beverages,129.0,21.0,532.0,Yes
2210,297,Chicken 65,Starters,126.0,24.0,618.0,Yes
2211,297,Chole Bhature,Main Course,173.0,10.0,357.0,Yes
2212,297,Tandoori Roti,Breads,174.0,25.0,269.0,Yes
2213,297,French Fries,Fast Food,240.0,22.0,475.0,No
2214,297,Chicken Burger,Fast Food,291.0,20.0,320.0,Yes
2215,297,Ice Cream,Desserts,176.0,18.0,328.0,Yes
2216,298,Kulcha,Breads,50.0,19.0,438.0,Yes
2217,298,Veg Burger,Fast Food,176.0,18.0,266.0,Yes
2218,298,Garlic Naan,Breads,40.0,15.0,199.0,Yes
2219,298,Masala Chai,Beverages,212.0,9.0,393.0,Yes
2220,298,Chole Bhature,Main Course,153.0,12.0,550.0,Yes
2221,298,Lassi,Beverages,77.0,3.0,217.0,Yes
2222,298,Rasmalai,Desserts,317.0,15.0,562.0,Yes
2223,298,Fresh Lime Soda,Beverages,178.0,27.0,276.0,Yes
2224,299,Fresh Lime Soda,Beverages,205.0,24.0,210.0,Yes
2225,299,Paneer Butter Masala,Main Course,87.0,15.0,471.0,Yes
2226,299,Kulcha,Breads,108.0,27.0,542.0,Yes
2227,299,Rasmalai,Desserts,174.0,21.0,509.0,Yes
2228,299,Momos,Starters,256.0,22.0,312.0,No
2229,299,Veg Manchurian,Starters,40.0,19.0,587.0,Yes
2230,299,Fried Rice,Main Course,299.0,20.0,331.0,Yes
2231,299,Mojito,Beverages,263.0,9.0,307.0,Yes
2232,300,Kulcha,Breads,51.0,25.0,,Yes
2233,300,Butter Naan,Breads,216.0,36.0,460.0,Yes
2234,300,Paneer Butter Masala,Main Course,92.0,14.0,173.0,Yes
2235,300,Kulcha,Breads,99.0,12.0,275.0,Yes
2236,300,Brownie,Desserts,192.0,3.0,213.0,Yes
2237,300,Ice Cream,Desserts,231.0,34.0,464.0,Yes
2238,300,Brownie,Desserts,104.0,24.0,564.0,Yes
2239,300,Paneer Tikka,Starters,112.0,11.0,641.0,Yes
2240,300,Momos,Starters,82.0,32.0,484.0,Yes
2241,301,Chicken Burger,Fast Food,295.0,26.0,556.0,Yes
2242,301,Fresh Lime Soda,Beverages,76.0,23.0,590.0,Yes
2243,301,Tandoori Roti,Breads,158.0,3.0,203.0,Yes
2244,301,Fish Fingers,Starters,40.0,14.0,190.0,Yes
2245,301,Ice Cream,Desserts,123.0,34.0,526.0,No
2246,301,Tandoori Roti,Breads,235.0,27.0,207.0,Yes
2247,301,Spring Rolls,Starters,95.0,18.0,299.0,Yes
2248,302,Mojito,Beverages,146.0,22.0,541.0,Yes
2249,302,Kulcha,Breads,228.0,27.0,50.0,Yes
2250,302,Rasmalai,Desserts,361.0,24.0,346.0,Yes
2251,302,Garlic Naan,Breads,47.0,16.0,280.0,Yes
2252,302,Ice Cream,Desserts,288.0,23.0,303.0,Yes
2253,302,Ice Cream,Desserts,53.0,16.0,550.0,No
2254,302,Paneer Tikka,Starters,229.0,6.0,321.0,No
2255,303,Kulcha,Breads,268.0,16.0,392.0,Yes
2256,303,French Fries,Fast Food,350.0,9.0,568.0,Yes
2257,303,Veg Burger,Fast Food,141.0,15.0,427.0,Yes
2258,303,Chicken Burger,Fast Food,208.0,22.0,376.0,Yes
2259,303,Cheese Pizza,Fast Food,240.0,19.0,317.0,No
2260,303,Rasmalai,Desserts,68.0,23.0,,Yes
2261,303,Masala Chai,Beverages,120.0,6.0,312.0,Yes
2262,303,Paneer Butter Masala,Main Course,40.0,25.0,383.0,No
2263,303,Spring Rolls,Starters,203.0,14.0,665.0,Yes
2264,304,Fish Fingers,Starters,243.0,15.0,348.0,Yes
2265,304,Lassi,Beverages,123.0,16.0,457.0,Yes
2266,304,Brownie,Desserts,211.0,15.0,617.0,Yes
2267,304,French Fries,Fast Food,40.0,13.0,503.0,Yes
2268,304,Butter Chicken,Main Course,306.0,19.0,624.0,Yes
2269,304,Chole Bhature,Main Course,334.0,15.0,273.0,Yes
2270,304,Gulab Jamun,Desserts,102.0,6.0,215.0,No
2271,304,Fried Rice,Main Course,94.0,8.0,553.0,Yes
2272,305,Brownie,Desserts,139.0,6.0,341.0,Yes
2273,305,Fish Fingers,Starters,202.0,15.0,367.0,Yes
2274,305,Veg Sandwich,Fast Food,40.0,25.0,347.0,Yes
2275,305,Rasmalai,Desserts,62.0,17.0,,Yes
2276,305,Spring Rolls,Starters,191.0,38.0,287.0,Yes
2277,305,Butter Naan,Breads,247.0,15.0,341.0,Yes
2278,305,Lassi,Beverages,293.0,19.0,641.0,Yes
2279,306,Kheer,Desserts,175.0,28.0,349.0,Yes
2280,306,Momos,Starters,118.0,21.0,417.0,Yes
2281,306,Butter Chicken,Main Course,59.0,19.0,285.0,Yes
2282,306,French Fries,Fast Food,253.0,12.0,345.0,Yes
2283,306,Lassi,Beverages,87.0,26.0,464.0,Yes
2284,306,Cold Coffee,Beverages,384.0,28.0,333.0,Yes
2285,306,Biryani,Main Course,40.0,12.0,376.0,Yes
2286,306,Spring Rolls,Starters,40.0,11.0,552.0,Yes
2287,306,Kheer,Desserts,102.0,11.0,477.0,Yes
2288,307,Chole Bhature,Main Course,131.0,18.0,458.0,Yes
2289,307,Brownie,Desserts,124.0,24.0,503.0,Yes
2290,307,Veg Manchurian,Starters,209.0,30.0,531.0,Yes
2291,307,Fried Rice,Main Course,155.0,11.0,423.0,Yes
2292,307,Mojito,Beverages,173.0,17.0,316.0,Yes
2293,307,Brownie,Desserts,183.0,30.0,503.0,Yes
2294,308,Ice Cream,Desserts,192.0,27.0,509.0,Yes
2295,308,French Fries,Fast Food,150.0,17.0,535.0,Yes
2296,308,French Fries,Fast Food,201.0,21.0,211.0,Yes
2297,308,Kheer,Desserts,132.0,17.0,569.0,Yes
2298,308,Chicken Burger,Fast Food,350.0,10.0,306.0,Yes
2299,308,Chicken Burger,Fast Food,220.0,35.0,250.0,Yes
2300,309,Momos,Starters,40.0,19.0,197.0,Yes
2301,309,Fried Rice,Main Course,231.0,24.0,366.0,Yes
2302,309,Chicken 65,Starters,139.0,12.0,409.0,Yes
2303,309,Garlic Naan,Breads,61.0,14.0,290.0,Yes
2304,309,Rasmalai,Desserts,204.0,20.0,611.0,Yes
2305,309,Spring Rolls,Starters,91.0,15.0,540.0,Yes
2306,309,Paneer Tikka,Starters,222.0,12.0,201.0,Yes
2307,310,Paneer Tikka,Starters,346.0,5.0,212.0,Yes
2308,310,Chole Bhature,Main Course,196.0,25.0,268.0,Yes
2309,310,Dal Makhani,Main Course,241.0,9.0,520.0,Yes
2310,310,Chicken 65,Starters,253.0,10.0,531.0,Yes
2311,310,Veg Manchurian,Starters,91.0,3.0,377.0,Yes
2312,310,Butter Naan,Breads,214.0,24.0,561.0,Yes
2313,310,French Fries,Fast Food,86.0,17.0,333.0,Yes
2314,310,Veg Sandwich,Fast Food,178.0,36.0,371.0,Yes
2315,311,Rasmalai,Desserts,91.0,15.0,526.0,No
2316,311,Veg Manchurian,Starters,223.0,26.0,,Yes
2317,311,Kulcha,Breads,342.0,11.0,512.0,No
2318,311,Cold Coffee,Beverages,40.0,26.0,167.0,Yes
2319,311,Fish Fingers,Starters,41.0,16.0,539.0,Yes
2320,311,Fish Fingers,Starters,95.0,13.0,274.0,Yes
2321,311,Rasmalai,Desserts,193.0,25.0,402.0,Yes
2322,311,Chicken 65,Starters,124.0,30.0,552.0,Yes
2323,311,Fried Rice,Main Course,109.0,10.0,339.0,Yes
2324,312,Spring Rolls,Starters,268.0,3.0,596.0,Yes
2325,312,Kulcha,Breads,147.0,8.0,421.0,Yes
2326,312,Gulab Jamun,Desserts,205.0,24.0,571.0,Yes
2327,312,Veg Burger,Fast Food,211.0,22.0,409.0,Yes
2328,312,Cold Coffee,Beverages,239.0,13.0,341.0,Yes
2329,312,Fish Fingers,Starters,40.0,31.0,305.0,Yes
2330,313,Fried Rice,Main Course,276.0,28.0,168.0,Yes
2331,313,Veg Manchurian,Starters,192.0,23.0,317.0,Yes
2332,313,Fresh Lime Soda,Beverages,56.0,29.0,497.0,Yes
2333,313,Momos,Starters,183.0,9.0,247.0,Yes
2334,313,Garlic Naan,Breads,195.0,14.0,432.0,No
2335,313,Brownie,Desserts,213.0,14.0,654.0,Yes
2336,314,Biryani,Main Course,112.0,10.0,462.0,Yes
2337,314,Gulab Jamun,Desserts,223.0,9.0,348.0,Yes
2338,314,French Fries,Fast Food,41.0,13.0,520.0,Yes
2339,314,Cold Coffee,Beverages,63.0,9.0,275.0,Yes
2340,314,Gulab Jamun,Desserts,282.0,25.0,85.0,Yes
2341,314,Tandoori Roti,Breads,40.0,18.0,158.0,Yes
2342,314,Cold Coffee,Beverages,288.0,3.0,287.0,Yes
2343,314,Masala Chai,Beverages,198.0,29.0,399.0,Yes
2344,315,Kulcha,Breads,208.0,19.0,541.0,Yes
2345,315,Veg Burger,Fast Food,207.0,23.0,513.0,Yes
2346,315,French Fries,Fast Food,278.0,3.0,171.0,Yes
2347,315,Butter Chicken,Main Course,240.0,33.0,448.0,Yes
2348,315,Ice Cream,Desserts,156.0,25.0,598.0,No
2349,315,French Fries,Fast Food,240.0,17.0,407.0,Yes
2350,315,Cold Coffee,Beverages,203.0,28.0,463.0,Yes
2351,316,Dal Makhani,Main Course,219.0,25.0,392.0,Yes
2352,316,Ice Cream,Desserts,203.0,33.0,304.0,Yes
2353,316,Fried Rice,Main Course,128.0,11.0,447.0,Yes
2354,316,Fish Fingers,Starters,213.0,3.0,544.0,Yes
2355,316,Brownie,Desserts,82.0,21.0,419.0,Yes
2356,316,Brownie,Desserts,40.0,3.0,231.0,Yes
2357,316,Cold Coffee,Beverages,286.0,3.0,566.0,Yes
2358,316,Spring Rolls,Starters,40.0,3.0,444.0,No
2359,316,Gulab Jamun,Desserts,176.0,3.0,,Yes
2360,317,Butter Naan,Breads,207.0,15.0,493.0,Yes
2361,317,Chicken Burger,Fast Food,149.0,25.0,228.0,Yes
2362,317,Veg Burger,Fast Food,232.0,7.0,446.0,Yes
2363,317,Kheer,Desserts,237.0,9.0,456.0,Yes
2364,317,Fish Fingers,Starters,230.0,21.0,288.0,Yes
2365,317,Garlic Naan,Breads,147.0,31.0,267.0,Yes
2366,317,Fish Fingers,Starters,192.0,16.0,450.0,No
2367,317,Paneer Butter Masala,Main Course,306.0,13.0,454.0,Yes
2368,318,Momos,Starters,243.0,15.0,272.0,Yes
2369,318,Garlic Naan,Breads,189.0,18.0,154.0,Yes
2370,318,Momos,Starters,109.0,23.0,332.0,Yes
2371,318,Butter Naan,Breads,221.0,9.0,418.0,Yes
2372,318,Butter Naan,Breads,191.0,20.0,343.0,Yes
2373,318,Brownie,Desserts,194.0,33.0,462.0,Yes
2374,318,Lassi,Beverages,312.0,16.0,50.0,Yes
2375,319,Masala Chai,Beverages,247.0,33.0,420.0,Yes
2376,319,Tandoori Roti,Breads,128.0,18.0,574.0,Yes
2377,319,Kheer,Desserts,192.0,12.0,251.0,Yes
2378,319,Fried Rice,Main Course,244.0,43.0,224.0,Yes
2379,319,Dal Makhani,Main Course,236.0,23.0,231.0,Yes
2380,319,Fish Fingers,Starters,252.0,34.0,543.0,Yes
2381,319,Paneer Tikka,Starters,147.0,7.0,467.0,Yes
2382,319,Garlic Naan,Breads,166.0,23.0,355.0,Yes
2383,320,Fresh Lime Soda,Beverages,97.0,18.0,574.0,Yes
2384,320,Biryani,Main Course,253.0,15.0,223.0,Yes
2385,320,Kulcha,Breads,153.0,15.0,392.0,Yes
2386,320,French Fries,Fast Food,358.0,15.0,419.0,Yes
2387,320,Tandoori Roti,Breads,249.0,22.0,619.0,No
2388,320,Veg Sandwich,Fast Food,131.0,12.0,344.0,Yes
2389,320,Dal Makhani,Main Course,96.0,18.0,423.0,Yes
2390,320,Fish Fingers,Starters,150.0,22.0,486.0,Yes
2391,320,Butter Naan,Breads,114.0,22.0,226.0,Yes
2392,321,Butter Chicken,Main Course,96.0,29.0,365.0,Yes
2393,321,Fresh Lime Soda,Beverages,161.0,31.0,426.0,Yes
2394,321,Paneer Tikka,Starters,156.0,10.0,469.0,Yes
2395,321,French Fries,Fast Food,310.0,17.0,593.0,Yes
2396,321,Fried Rice,Main Course,166.0,11.0,327.0,Yes
2397,321,Biryani,Main Course,112.0,29.0,569.0,Yes
2398,321,Fish Fingers,Starters,215.0,3.0,621.0,No
2399,322,Paneer Butter Masala,Main Course,145.0,13.0,350.0,Yes
2400,322,Chicken Burger,Fast Food,183.0,21.0,563.0,Yes
2401,322,Fresh Lime Soda,Beverages,227.0,18.0,344.0,Yes
2402,322,Tandoori Roti,Breads,100.0,21.0,479.0,Yes
2403,322,Veg Manchurian,Starters,111.0,9.0,517.0,Yes
2404,322,Kheer,Desserts,142.0,8.0,257.0,Yes
2405,322,Mojito,Beverages,226.0,30.0,552.0,Yes
2406,322,Cold Coffee,Beverages,40.0,17.0,522.0,Yes
2407,323,Butter Chicken,Main Course,47.0,30.0,129.0,Yes
2408,323,Cold Coffee,Beverages,234.0,15.0,432.0,Yes
2409,323,Garlic Naan,Breads,187.0,10.0,480.0,Yes
2410,323,Cold Coffee,Beverages,159.0,22.0,302.0,Yes
2411,323,Butter Naan,Breads,158.0,22.0,291.0,Yes
2412,323,French Fries,Fast Food,285.0,20.0,697.0,Yes
2413,323,Veg Sandwich,Fast Food,165.0,20.0,366.0,Yes
2414,323,Lassi,Beverages,180.0,22.0,642.0,Yes
2415,323,Gulab Jamun,Desserts,308.0,24.0,239.0,Yes
2416,324,Ice Cream,Desserts,146.0,22.0,280.0,Yes
2417,324,Mojito,Beverages,178.0,19.0,673.0,Yes
2418,324,Butter Naan,Breads,165.0,5.0,515.0,Yes
2419,324,Mojito,Beverages,274.0,36.0,333.0,Yes
2420,324,Fried Rice,Main Course,56.0,20.0,478.0,Yes
2421,324,Gulab Jamun,Desserts,232.0,14.0,464.0,Yes
2422,324,Tandoori Roti,Breads,189.0,13.0,235.0,Yes
2423,324,Spring Rolls,Starters,150.0,17.0,,Yes
2424,324,Biryani,Main Course,177.0,13.0,480.0,Yes
2425,325,Paneer Tikka,Starters,173.0,12.0,451.0,Yes
2426,325,Gulab Jamun,Desserts,240.0,17.0,647.0,Yes
2427,325,Masala Chai,Beverages,291.0,22.0,345.0,Yes
2428,325,Cheese Pizza,Fast Food,40.0,8.0,533.0,No
2429,325,Brownie,Desserts,96.0,21.0,265.0,Yes
2430,325,Brownie,Desserts,163.0,14.0,525.0,Yes
2431,325,Butter Chicken,Main Course,261.0,5.0,602.0,Yes
2432,326,Mojito,Beverages,156.0,26.0,597.0,Yes
2433,326,Tandoori Roti,Breads,129.0,30.0,131.0,Yes
2434,326,Veg Sandwich,Fast Food,86.0,14.0,245.0,Yes
2435,326,Tandoori Roti,Breads,49.0,26.0,332.0,Yes
2436,326,Biryani,Main Course,187.0,23.0,563.0,Yes
2437,326,Rasmalai,Desserts,319.0,11.0,632.0,Yes
2438,326,Chicken 65,Starters,194.0,19.0,358.0,Yes
2439,326,Biryani,Main Course,207.0,30.0,,No
2440,327,Fish Fingers,Starters,278.0,11.0,335.0,Yes
2441,327,Chicken Burger,Fast Food,187.0,22.0,451.0,Yes
2442,327,Butter Naan,Breads,341.0,12.0,469.0,Yes
2443,327,Garlic Naan,Breads,225.0,14.0,390.0,Yes
2444,327,Butter Naan,Breads,120.0,20.0,202.0,Yes
2445,327,Cold Coffee,Beverages,332.0,16.0,292.0,Yes
2446,327,Brownie,Desserts,40.0,15.0,364.0,Yes
2447,327,Paneer Tikka,Starters,207.0,16.0,834.0,No
2448,328,Brownie,Desserts,65.0,22.0,460.0,Yes
2449,328,Chole Bhature,Main Course,58.0,15.0,752.0,Yes
2450,328,Tandoori Roti,Breads,132.0,34.0,383.0,Yes
2451,328,Lassi,Beverages,182.0,15.0,251.0,Yes
2452,328,Paneer Tikka,Starters,70.0,13.0,512.0,Yes
2453,328,Cheese Pizza,Fast Food,228.0,15.0,681.0,Yes
2454,329,Butter Naan,Breads,104.0,21.0,203.0,Yes
2455,329,Gulab Jamun,Desserts,207.0,22.0,370.0,Yes
2456,329,Cheese Pizza,Fast Food,184.0,14.0,539.0,Yes
2457,329,Veg Burger,Fast Food,258.0,21.0,505.0,Yes
2458,329,Chole Bhature,Main Course,229.0,14.0,453.0,Yes
2459,329,Brownie,Desserts,247.0,16.0,485.0,Yes
2460,329,Fish Fingers,Starters,61.0,8.0,412.0,Yes
2461,329,Dal Makhani,Main Course,151.0,26.0,372.0,Yes
2462,330,French Fries,Fast Food,283.0,17.0,452.0,Yes
2463,330,Kheer,Desserts,142.0,17.0,290.0,Yes
2464,330,Lassi,Beverages,84.0,25.0,561.0,Yes
2465,330,Fried Rice,Main Course,263.0,26.0,432.0,Yes
2466,330,Dal Makhani,Main Course,140.0,12.0,136.0,Yes
2467,330,Chole Bhature,Main Course,228.0,19.0,456.0,Yes
2468,330,Veg Burger,Fast Food,234.0,29.0,350.0,Yes
2469,330,Brownie,Desserts,222.0,14.0,144.0,Yes
2470,331,Veg Sandwich,Fast Food,164.0,29.0,372.0,Yes
2471,331,Biryani,Main Course,100.0,21.0,533.0,Yes
2472,331,Mojito,Beverages,226.0,28.0,259.0,Yes
2473,331,Veg Burger,Fast Food,305.0,3.0,95.0,Yes
2474,331,Fried Rice,Main Course,48.0,21.0,173.0,Yes
2475,331,French Fries,Fast Food,122.0,14.0,511.0,Yes
2476,331,Veg Sandwich,Fast Food,295.0,25.0,185.0,Yes
2477,332,Masala Chai,Beverages,196.0,15.0,375.0,Yes
2478,332,Fish Fingers,Starters,174.0,14.0,291.0,Yes
2479,332,Fresh Lime Soda,Beverages,139.0,12.0,552.0,Yes
2480,332,Momos,Starters,174.0,26.0,563.0,Yes
2481,332,Lassi,Beverages,304.0,7.0,439.0,Yes
2482,332,Veg Burger,Fast Food,68.0,32.0,488.0,Yes
2483,332,Gulab Jamun,Desserts,137.0,15.0,525.0,No
2484,332,French Fries,Fast Food,146.0,7.0,467.0,Yes
2485,333,Paneer Butter Masala,Main Course,290.0,17.0,512.0,Yes
2486,333,Butter Naan,Breads,126.0,19.0,414.0,Yes
2487,333,Cheese Pizza,Fast Food,148.0,10.0,290.0,Yes
2488,333,French Fries,Fast Food,118.0,14.0,379.0,No
2489,333,Gulab Jamun,Desserts,193.0,19.0,384.0,Yes
2490,333,Kheer,Desserts,181.0,11.0,428.0,Yes
2491,333,Kheer,Desserts,40.0,9.0,243.0,Yes
2492,333,Brownie,Desserts,128.0,20.0,426.0,Yes
2493,334,Mojito,Beverages,204.0,24.0,427.0,Yes
2494,334,Garlic Naan,Breads,89.0,18.0,260.0,Yes
2495,334,Fried Rice,Main Course,149.0,21.0,374.0,Yes
2496,334,Kulcha,Breads,237.0,18.0,172.0,Yes
2497,334,Veg Sandwich,Fast Food,144.0,23.0,468.0,Yes
2498,334,Veg Manchurian,Starters,83.0,14.0,431.0,Yes
2499,334,Fish Fingers,Starters,133.0,15.0,437.0,Yes
2500,335,Lassi,Beverages,344.0,20.0,503.0,Yes
2501,335,Mojito,Beverages,100.0,8.0,268.0,No
2502,335,Spring Rolls,Starters,164.0,19.0,472.0,Yes
2503,335,French Fries,Fast Food,260.0,28.0,88.0,Yes
2504,335,Butter Naan,Breads,91.0,31.0,452.0,Yes
2505,335,Brownie,Desserts,170.0,3.0,205.0,Yes
2506,336,Veg Burger,Fast Food,259.0,14.0,481.0,Yes
2507,336,Kulcha,Breads,143.0,35.0,393.0,Yes
2508,336,Veg Sandwich,Fast Food,45.0,22.0,411.0,Yes
2509,336,Butter Chicken,Main Course,123.0,19.0,556.0,No
2510,336,Masala Chai,Beverages,158.0,10.0,431.0,Yes
2511,336,Lassi,Beverages,122.0,20.0,590.0,Yes
2512,336,Biryani,Main Course,77.0,3.0,743.0,Yes
2513,336,Tandoori Roti,Breads,191.0,8.0,249.0,Yes
2514,337,Butter Naan,Breads,137.0,20.0,50.0,Yes
2515,337,Veg Burger,Fast Food,242.0,12.0,622.0,Yes
2516,337,Butter Naan,Breads,214.0,25.0,364.0,Yes
2517,337,Garlic Naan,Breads,202.0,29.0,272.0,Yes
2518,337,Veg Sandwich,Fast Food,219.0,22.0,604.0,No
2519,337,Spring Rolls,Starters,122.0,11.0,578.0,No
2520,337,Paneer Butter Masala,Main Course,159.0,10.0,325.0,Yes
2521,337,Cheese Pizza,Fast Food,55.0,17.0,50.0,Yes
2522,337,Veg Burger,Fast Food,203.0,5.0,590.0,No
2523,338,Mojito,Beverages,116.0,11.0,406.0,Yes
2524,338,Cold Coffee,Beverages,215.0,18.0,156.0,Yes
2525,338,Veg Sandwich,Fast Food,190.0,17.0,382.0,Yes
2526,338,Dal Makhani,Main Course,232.0,11.0,230.0,Yes
2527,338,Tandoori Roti,Breads,235.0,3.0,442.0,Yes
2528,338,Chicken Burger,Fast Food,70.0,29.0,181.0,Yes
2529,338,Spring Rolls,Starters,50.0,36.0,589.0,Yes
2530,339,Butter Naan,Breads,107.0,8.0,261.0,Yes
2531,339,Veg Manchurian,Starters,212.0,20.0,340.0,Yes
2532,339,Kulcha,Breads,334.0,11.0,116.0,Yes
2533,339,French Fries,Fast Food,420.0,25.0,369.0,Yes
2534,339,Chicken 65,Starters,198.0,18.0,156.0,Yes
2535,339,Garlic Naan,Breads,178.0,21.0,457.0,Yes
2536,339,Chicken Burger,Fast Food,40.0,19.0,469.0,Yes
2537,340,Spring Rolls,Starters,175.0,8.0,596.0,Yes
2538,340,Gulab Jamun,Desserts,176.0,16.0,376.0,No
2539,340,Butter Chicken,Main Course,48.0,33.0,569.0,Yes
2540,340,Fried Rice,Main Course,117.0,3.0,479.0,Yes
2541,340,Kulcha,Breads,247.0,18.0,349.0,Yes
2542,340,Momos,Starters,40.0,22.0,147.0,Yes
2543,340,Tandoori Roti,Breads,204.0,23.0,353.0,Yes
2544,341,Kulcha,Breads,157.0,3.0,260.0,Yes
2545,341,French Fries,Fast Food,136.0,5.0,592.0,Yes
2546,341,Butter Chicken,Main Course,110.0,14.0,667.0,Yes
2547,341,Masala Chai,Beverages,271.0,32.0,591.0,Yes
2548,341,Kheer,Desserts,242.0,11.0,179.0,Yes
2549,341,Tandoori Roti,Breads,251.0,13.0,50.0,No
2550,341,French Fries,Fast Food,219.0,19.0,204.0,Yes
2551,341,Gulab Jamun,Desserts,305.0,11.0,734.0,Yes
2552,342,Mojito,Beverages,298.0,26.0,308.0,Yes
2553,342,Butter Chicken,Main Course,195.0,20.0,356.0,Yes
2554,342,Tandoori Roti,Breads,181.0,31.0,295.0,Yes
2555,342,Cold Coffee,Beverages,221.0,13.0,163.0,Yes
2556,342,Mojito,Beverages,275.0,21.0,547.0,Yes
2557,342,Kulcha,Breads,93.0,13.0,459.0,Yes
2558,342,Rasmalai,Desserts,249.0,27.0,,Yes
2559,343,Fresh Lime Soda,Beverages,225.0,32.0,342.0,Yes
2560,343,Fresh Lime Soda,Beverages,205.0,16.0,431.0,Yes
2561,343,Fresh Lime Soda,Beverages,304.0,13.0,273.0,Yes
2562,343,Biryani,Main Course,258.0,30.0,181.0,Yes
2563,343,Kheer,Desserts,149.0,20.0,406.0,Yes
2564,343,Veg Burger,Fast Food,192.0,18.0,289.0,Yes
2565,343,Ice Cream,Desserts,40.0,17.0,365.0,Yes
2566,343,Chicken Burger,Fast Food,45.0,12.0,533.0,Yes
2567,343,Fried Rice,Main Course,162.0,19.0,239.0,Yes
2568,344,Butter Naan,Breads,233.0,35.0,478.0,Yes
2569,344,Cold Coffee,Beverages,219.0,20.0,300.0,Yes
2570,344,Masala Chai,Beverages,266.0,17.0,658.0,Yes
2571,344,Rasmalai,Desserts,340.0,13.0,514.0,Yes
2572,344,Brownie,Desserts,127.0,27.0,267.0,Yes
2573,344,Chicken Burger,Fast Food,201.0,22.0,515.0,No
2574,344,Cold Coffee,Beverages,88.0,21.0,432.0,Yes
2575,345,Paneer Butter Masala,Main Course,77.0,27.0,641.0,No
2576,345,Butter Naan,Breads,185.0,16.0,344.0,Yes
2577,345,Dal Makhani,Main Course,408.0,25.0,292.0,Yes
2578,345,Gulab Jamun,Desserts,40.0,14.0,336.0,Yes
2579,345,Butter Chicken,Main Course,202.0,18.0,571.0,No
2580,345,Butter Chicken,Main Course,40.0,22.0,534.0,Yes
2581,346,Ice Cream,Desserts,40.0,11.0,327.0,Yes
2582,346,Fresh Lime Soda,Beverages,225.0,14.0,394.0,Yes
2583,346,Chicken 65,Starters,109.0,18.0,305.0,No
2584,346,Biryani,Main Course,101.0,19.0,529.0,Yes
2585,346,Lassi,Beverages,203.0,16.0,551.0,Yes
2586,346,Mojito,Beverages,138.0,17.0,575.0,No
2587,346,Dal Makhani,Main Course,141.0,13.0,511.0,Yes
2588,347,Mojito,Beverages,90.0,27.0,109.0,Yes
2589,347,Cold Coffee,Beverages,186.0,12.0,450.0,Yes
2590,347,Masala Chai,Beverages,311.0,8.0,189.0,Yes
2591,347,Paneer Tikka,Starters,283.0,16.0,387.0,Yes
2592,347,Rasmalai,Desserts,156.0,15.0,263.0,Yes
2593,347,Fish Fingers,Starters,158.0,11.0,550.0,Yes
2594,347,Veg Sandwich,Fast Food,130.0,28.0,500.0,Yes
2595,347,Lassi,Beverages,89.0,9.0,366.0,Yes
2596,348,Brownie,Desserts,114.0,12.0,525.0,Yes
2597,348,Kheer,Desserts,204.0,27.0,239.0,No
2598,348,Garlic Naan,Breads,40.0,12.0,561.0,Yes
2599,348,Spring Rolls,Starters,123.0,31.0,320.0,Yes
2600,348,Cold Coffee,Beverages,232.0,17.0,105.0,No
2601,348,Spring Rolls,Starters,120.0,21.0,392.0,Yes
2602,348,Kheer,Desserts,140.0,16.0,422.0,Yes
2603,349,Gulab Jamun,Desserts,40.0,13.0,278.0,Yes
2604,349,Chicken Burger,Fast Food,242.0,24.0,425.0,Yes
2605,349,Fish Fingers,Starters,190.0,3.0,263.0,Yes
2606,349,Chicken 65,Starters,148.0,17.0,399.0,Yes
2607,349,Masala Chai,Beverages,40.0,25.0,246.0,Yes
2608,349,Cheese Pizza,Fast Food,40.0,24.0,263.0,Yes
2609,350,Fish Fingers,Starters,242.0,4.0,339.0,Yes
2610,350,Butter Naan,Breads,93.0,21.0,266.0,Yes
2611,350,Paneer Butter Masala,Main Course,215.0,14.0,301.0,Yes
2612,350,Butter Naan,Breads,260.0,33.0,345.0,Yes
2613,350,Kulcha,Breads,110.0,16.0,416.0,Yes
2614,350,Veg Sandwich,Fast Food,40.0,9.0,174.0,Yes
2615,350,Veg Manchurian,Starters,76.0,29.0,56.0,Yes
2616,351,Dal Makhani,Main Course,213.0,15.0,436.0,Yes
2617,351,Veg Sandwich,Fast Food,74.0,14.0,583.0,Yes
2618,351,Cold Coffee,Beverages,139.0,29.0,50.0,Yes
2619,351,Veg Sandwich,Fast Food,228.0,18.0,184.0,Yes
2620,351,Kheer,Desserts,262.0,12.0,434.0,Yes
2621,351,Ice Cream,Desserts,91.0,13.0,505.0,Yes
2622,351,Butter Chicken,Main Course,391.0,10.0,587.0,Yes
2623,352,Gulab Jamun,Desserts,300.0,23.0,515.0,No
2624,352,Gulab Jamun,Desserts,116.0,10.0,329.0,No
2625,352,Chicken Burger,Fast Food,204.0,15.0,287.0,Yes
2626,352,Cheese Pizza,Fast Food,116.0,15.0,529.0,Yes
2627,352,Biryani,Main Course,82.0,22.0,478.0,No
2628,352,Garlic Naan,Breads,132.0,20.0,577.0,Yes
2629,352,Veg Manchurian,Starters,150.0,11.0,255.0,Yes
2630,352,Cheese Pizza,Fast Food,103.0,24.0,391.0,Yes
2631,353,Kulcha,Breads,40.0,28.0,372.0,Yes
2632,353,Kheer,Desserts,223.0,22.0,274.0,Yes
2633,353,Mojito,Beverages,69.0,10.0,370.0,Yes
2634,353,Masala Chai,Beverages,219.0,32.0,534.0,No
2635,353,Kheer,Desserts,40.0,16.0,58.0,No
2636,353,Fried Rice,Main Course,266.0,16.0,405.0,Yes
2637,354,Ice Cream,Desserts,158.0,18.0,297.0,Yes
2638,354,Lassi,Beverages,188.0,10.0,443.0,Yes
2639,354,Fried Rice,Main Course,204.0,21.0,385.0,Yes
2640,354,Momos,Starters,273.0,32.0,169.0,Yes
2641,354,Chole Bhature,Main Course,65.0,16.0,332.0,Yes
2642,354,Chole Bhature,Main Course,222.0,21.0,444.0,Yes
2643,354,Tandoori Roti,Breads,40.0,19.0,677.0,Yes
2644,354,Garlic Naan,Breads,226.0,17.0,492.0,Yes
2645,355,Chole Bhature,Main Course,102.0,21.0,396.0,Yes
2646,355,Ice Cream,Desserts,77.0,19.0,406.0,Yes
2647,355,Lassi,Beverages,252.0,19.0,430.0,Yes
2648,355,Veg Burger,Fast Food,193.0,19.0,570.0,Yes
2649,355,Paneer Butter Masala,Main Course,244.0,10.0,381.0,Yes
2650,355,Garlic Naan,Breads,53.0,29.0,295.0,Yes
2651,356,Fried Rice,Main Course,111.0,32.0,310.0,Yes
2652,356,Chicken Burger,Fast Food,94.0,23.0,398.0,Yes
2653,356,Veg Burger,Fast Food,99.0,20.0,494.0,No
2654,356,Fish Fingers,Starters,257.0,20.0,533.0,Yes
2655,356,Lassi,Beverages,256.0,14.0,,Yes
2656,356,Kulcha,Breads,238.0,29.0,379.0,Yes
2657,356,Dal Makhani,Main Course,256.0,20.0,545.0,Yes
2658,356,Chole Bhature,Main Course,142.0,13.0,584.0,Yes
2659,356,Paneer Butter Masala,Main Course,201.0,25.0,188.0,Yes
2660,357,Ice Cream,Desserts,107.0,13.0,594.0,Yes
2661,357,Mojito,Beverages,293.0,18.0,472.0,Yes
2662,357,Fried Rice,Main Course,195.0,10.0,408.0,No
2663,357,Tandoori Roti,Breads,98.0,14.0,366.0,Yes
2664,357,Butter Naan,Breads,328.0,19.0,338.0,Yes
2665,357,Butter Chicken,Main Course,235.0,12.0,798.0,Yes
2666,357,Butter Chicken,Main Course,218.0,3.0,279.0,Yes
2667,358,Brownie,Desserts,342.0,19.0,329.0,Yes
2668,358,Paneer Tikka,Starters,216.0,5.0,254.0,Yes
2669,358,Butter Naan,Breads,53.0,15.0,641.0,Yes
2670,358,Butter Naan,Breads,233.0,21.0,301.0,Yes
2671,358,Fish Fingers,Starters,250.0,11.0,369.0,Yes
2672,358,Mojito,Beverages,247.0,17.0,537.0,Yes
2673,358,French Fries,Fast Food,161.0,28.0,462.0,No
2674,359,Veg Sandwich,Fast Food,100.0,13.0,366.0,Yes
2675,359,Masala Chai,Beverages,266.0,32.0,176.0,Yes
2676,359,Momos,Starters,145.0,27.0,391.0,Yes
2677,359,Garlic Naan,Breads,165.0,22.0,198.0,Yes
2678,359,Gulab Jamun,Desserts,234.0,20.0,429.0,Yes
2679,359,Paneer Tikka,Starters,277.0,17.0,406.0,Yes
2680,359,Kheer,Desserts,196.0,3.0,557.0,Yes
2681,359,Biryani,Main Course,233.0,22.0,451.0,Yes
2682,359,Ice Cream,Desserts,302.0,19.0,367.0,Yes
2683,360,Paneer Butter Masala,Main Course,40.0,7.0,354.0,Yes
2684,360,Mojito,Beverages,188.0,13.0,365.0,Yes
2685,360,Fish Fingers,Starters,98.0,25.0,357.0,Yes
2686,360,Kulcha,Breads,286.0,15.0,454.0,Yes
2687,360,Biryani,Main Course,222.0,19.0,234.0,No
2688,360,Veg Manchurian,Starters,149.0,3.0,646.0,Yes
2689,360,Fried Rice,Main Course,40.0,24.0,416.0,Yes
2690,361,Garlic Naan,Breads,40.0,20.0,234.0,Yes
2691,361,French Fries,Fast Food,218.0,17.0,434.0,Yes
2692,361,Garlic Naan,Breads,146.0,28.0,247.0,No
2693,361,French Fries,Fast Food,119.0,16.0,384.0,Yes
2694,361,Kheer,Desserts,78.0,3.0,453.0,Yes
2695,361,Veg Burger,Fast Food,209.0,31.0,587.0,Yes
2696,361,Paneer Tikka,Starters,185.0,12.0,569.0,Yes
2697,361,Rasmalai,Desserts,103.0,25.0,184.0,Yes
2698,361,Chole Bhature,Main Course,356.0,9.0,251.0,Yes
2699,362,Brownie,Desserts,40.0,14.0,465.0,Yes
2700,362,Cold Coffee,Beverages,126.0,10.0,182.0,Yes
2701,362,Paneer Tikka,Starters,205.0,23.0,424.0,Yes
2702,362,Garlic Naan,Breads,242.0,8.0,305.0,Yes
2703,362,Mojito,Beverages,161.0,28.0,590.0,Yes
2704,362,Rasmalai,Desserts,251.0,24.0,,Yes
2705,363,Gulab Jamun,Desserts,189.0,4.0,515.0,Yes
2706,363,Tandoori Roti,Breads,157.0,34.0,439.0,No
2707,363,Rasmalai,Desserts,112.0,15.0,305.0,Yes
2708,363,Dal Makhani,Main Course,127.0,17.0,251.0,Yes
2709,363,Gulab Jamun,Desserts,174.0,3.0,424.0,Yes
2710,363,Kulcha,Breads,111.0,7.0,508.0,Yes
2711,363,Butter Chicken,Main Course,40.0,22.0,470.0,Yes
2712,363,Fish Fingers,Starters,99.0,15.0,439.0,Yes
2713,364,Veg Manchurian,Starters,200.0,25.0,509.0,Yes
2714,364,Veg Sandwich,Fast Food,273.0,27.0,417.0,No
2715,364,French Fries,Fast Food,153.0,17.0,348.0,Yes
2716,364,Kulcha,Breads,310.0,11.0,570.0,Yes
2717,364,Veg Burger,Fast Food,136.0,26.0,509.0,No
2718,364,Gulab Jamun,Desserts,176.0,20.0,233.0,Yes
2719,364,Garlic Naan,Breads,231.0,25.0,600.0,Yes
2720,364,Cheese Pizza,Fast Food,150.0,35.0,352.0,Yes
2721,365,Spring Rolls,Starters,139.0,16.0,376.0,Yes
2722,365,Biryani,Main Course,50.0,8.0,216.0,No
2723,365,Momos,Starters,201.0,29.0,299.0,Yes
2724,365,Masala Chai,Beverages,168.0,11.0,499.0,Yes
2725,365,Veg Sandwich,Fast Food,204.0,25.0,249.0,Yes
2726,365,Butter Chicken,Main Course,176.0,16.0,374.0,Yes
2727,365,Kheer,Desserts,269.0,13.0,332.0,Yes
2728,365,Veg Manchurian,Starters,108.0,35.0,257.0,Yes
2729,365,Brownie,Desserts,233.0,7.0,469.0,Yes
2730,366,Kheer,Desserts,76.0,19.0,446.0,Yes
2731,366,Mojito,Beverages,173.0,23.0,469.0,Yes
2732,366,Kheer,Desserts,118.0,21.0,434.0,Yes
2733,366,Kheer,Desserts,266.0,6.0,416.0,Yes
2734,366,Veg Sandwich,Fast Food,188.0,15.0,558.0,Yes
2735,366,Rasmalai,Desserts,116.0,23.0,291.0,Yes
2736,366,Veg Burger,Fast Food,299.0,21.0,166.0,Yes
2737,367,Chicken Burger,Fast Food,282.0,22.0,413.0,Yes
2738,367,Biryani,Main Course,122.0,11.0,475.0,Yes
2739,367,Veg Manchurian,Starters,41.0,12.0,504.0,Yes
2740,367,Biryani,Main Course,53.0,7.0,478.0,Yes
2741,367,Garlic Naan,Breads,156.0,31.0,354.0,Yes
2742,367,Garlic Naan,Breads,40.0,27.0,200.0,Yes
2743,368,Garlic Naan,Breads,89.0,15.0,424.0,Yes
2744,368,Veg Manchurian,Starters,214.0,25.0,50.0,Yes
2745,368,Fish Fingers,Starters,95.0,26.0,265.0,Yes
2746,368,Ice Cream,Desserts,175.0,28.0,374.0,Yes
2747,368,Fried Rice,Main Course,156.0,16.0,593.0,Yes
2748,368,Chole Bhature,Main Course,40.0,32.0,366.0,Yes
2749,369,Dal Makhani,Main Course,149.0,11.0,229.0,Yes
2750,369,Veg Manchurian,Starters,40.0,27.0,67.0,Yes
2751,369,Masala Chai,Beverages,175.0,14.0,443.0,Yes
2752,369,Fresh Lime Soda,Beverages,40.0,11.0,471.0,Yes
2753,369,Masala Chai,Beverages,196.0,12.0,415.0,Yes
2754,369,Ice Cream,Desserts,335.0,26.0,545.0,Yes
2755,369,Paneer Butter Masala,Main Course,229.0,19.0,297.0,Yes
2756,369,Butter Chicken,Main Course,185.0,33.0,537.0,No
2757,369,Fried Rice,Main Course,147.0,3.0,513.0,Yes
2758,370,Brownie,Desserts,264.0,13.0,299.0,Yes
2759,370,Butter Chicken,Main Course,40.0,28.0,337.0,No
2760,370,Mojito,Beverages,203.0,9.0,182.0,Yes
2761,370,Fresh Lime Soda,Beverages,314.0,14.0,287.0,Yes
2762,370,Fresh Lime Soda,Beverages,441.0,25.0,291.0,Yes
2763,370,Ice Cream,Desserts,246.0,5.0,352.0,Yes
2764,370,Lassi,Beverages,104.0,21.0,648.0,Yes
2765,370,Chicken Burger,Fast Food,40.0,32.0,512.0,Yes
2766,371,Ice Cream,Desserts,90.0,10.0,292.0,Yes
2767,371,Veg Sandwich,Fast Food,102.0,11.0,127.0,Yes
2768,371,Fish Fingers,Starters,162.0,23.0,313.0,Yes
2769,371,Kheer,Desserts,206.0,27.0,175.0,No
2770,371,Momos,Starters,119.0,5.0,189.0,No
2771,371,Paneer Tikka,Starters,302.0,13.0,469.0,Yes
2772,371,Brownie,Desserts,194.0,23.0,422.0,Yes
2773,372,Lassi,Beverages,189.0,6.0,405.0,Yes
2774,372,Tandoori Roti,Breads,182.0,10.0,89.0,No
2775,372,Kulcha,Breads,202.0,27.0,134.0,No
2776,372,Fried Rice,Main Course,164.0,3.0,497.0,Yes
2777,372,Kheer,Desserts,286.0,17.0,493.0,No
2778,372,Dal Makhani,Main Course,185.0,10.0,379.0,Yes
2779,372,Chicken Burger,Fast Food,177.0,16.0,455.0,Yes
2780,372,Fried Rice,Main Course,191.0,16.0,303.0,No
2781,372,Garlic Naan,Breads,224.0,21.0,426.0,Yes
2782,373,Spring Rolls,Starters,105.0,8.0,501.0,Yes
2783,373,Gulab Jamun,Desserts,99.0,15.0,166.0,Yes
2784,373,Gulab Jamun,Desserts,219.0,8.0,206.0,Yes
2785,373,Veg Burger,Fast Food,90.0,21.0,367.0,Yes
2786,373,Veg Manchurian,Starters,122.0,31.0,478.0,Yes
2787,373,French Fries,Fast Food,40.0,11.0,103.0,Yes
2788,373,Kheer,Desserts,136.0,26.0,437.0,Yes
2789,373,Fried Rice,Main Course,158.0,14.0,447.0,Yes
2790,373,Cold Coffee,Beverages,40.0,17.0,425.0,Yes
2791,374,Lassi,Beverages,65.0,10.0,695.0,Yes
2792,374,Mojito,Beverages,227.0,4.0,287.0,Yes
2793,374,French Fries,Fast Food,177.0,36.0,533.0,Yes
2794,374,Biryani,Main Course,278.0,21.0,252.0,Yes
2795,374,Tandoori Roti,Breads,323.0,24.0,591.0,Yes
2796,374,Chicken Burger,Fast Food,333.0,30.0,397.0,Yes
2797,374,Cheese Pizza,Fast Food,204.0,19.0,539.0,Yes
2798,375,Lassi,Beverages,209.0,19.0,384.0,Yes
2799,375,Lassi,Beverages,166.0,20.0,594.0,No
2800,375,Momos,Starters,94.0,18.0,451.0,Yes
2801,375,Masala Chai,Beverages,329.0,14.0,283.0,Yes
2802,375,Butter Naan,Breads,315.0,22.0,336.0,Yes
2803,375,Rasmalai,Desserts,275.0,3.0,391.0,Yes
2804,375,Chole Bhature,Main Course,206.0,22.0,276.0,Yes
2805,375,Veg Manchurian,Starters,104.0,30.0,402.0,Yes
2806,376,French Fries,Fast Food,194.0,12.0,262.0,Yes
2807,376,Veg Burger,Fast Food,128.0,27.0,306.0,Yes
2808,376,Ice Cream,Desserts,158.0,30.0,720.0,Yes
2809,376,Biryani,Main Course,48.0,3.0,293.0,Yes
2810,376,Butter Naan,Breads,91.0,21.0,397.0,Yes
2811,376,Tandoori Roti,Breads,168.0,25.0,80.0,No
2812,377,Butter Naan,Breads,124.0,17.0,554.0,Yes
2813,377,Paneer Butter Masala,Main Course,174.0,21.0,351.0,Yes
2814,377,Cold Coffee,Beverages,176.0,15.0,365.0,No
2815,377,Mojito,Beverages,186.0,29.0,462.0,Yes
2816,377,Cold Coffee,Beverages,161.0,22.0,427.0,Yes
2817,377,Paneer Butter Masala,Main Course,232.0,14.0,473.0,Yes
2818,377,Garlic Naan,Breads,225.0,6.0,342.0,Yes
2819,377,Butter Naan,Breads,164.0,15.0,245.0,Yes
2820,378,Ice Cream,Desserts,40.0,26.0,75.0,Yes
2821,378,Rasmalai,Desserts,358.0,16.0,299.0,Yes
2822,378,Fresh Lime Soda,Beverages,40.0,4.0,266.0,No
2823,378,Chicken Burger,Fast Food,197.0,29.0,167.0,Yes
2824,378,French Fries,Fast Food,212.0,3.0,264.0,No
2825,378,Garlic Naan,Breads,225.0,9.0,631.0,Yes
2826,379,Chicken Burger,Fast Food,247.0,21.0,316.0,Yes
2827,379,Garlic Naan,Breads,102.0,14.0,437.0,Yes
2828,379,Fish Fingers,Starters,202.0,11.0,291.0,Yes
2829,379,Dal Makhani,Main Course,40.0,36.0,265.0,Yes
2830,379,Rasmalai,Desserts,40.0,3.0,299.0,Yes
2831,379,Kheer,Desserts,216.0,17.0,371.0,Yes
2832,380,Dal Makhani,Main Course,245.0,22.0,265.0,Yes
2833,380,Masala Chai,Beverages,203.0,18.0,311.0,Yes
2834,380,Butter Naan,Breads,308.0,11.0,313.0,Yes
2835,380,Fish Fingers,Starters,137.0,25.0,563.0,Yes
2836,380,Tandoori Roti,Breads,301.0,24.0,385.0,Yes
2837,380,Veg Burger,Fast Food,266.0,21.0,381.0,Yes
2838,381,Lassi,Beverages,138.0,16.0,328.0,No
2839,381,Brownie,Desserts,217.0,16.0,473.0,Yes
2840,381,French Fries,Fast Food,225.0,18.0,332.0,No
2841,381,Kulcha,Breads,98.0,17.0,444.0,Yes
2842,381,Ice Cream,Desserts,57.0,3.0,381.0,Yes
2843,381,Garlic Naan,Breads,99.0,26.0,595.0,Yes
2844,382,Chicken Burger,Fast Food,88.0,4.0,486.0,Yes
2845,382,Veg Sandwich,Fast Food,198.0,21.0,515.0,Yes
2846,382,Chole Bhature,Main Course,142.0,16.0,521.0,Yes
2847,382,Chicken Burger,Fast Food,220.0,34.0,444.0,Yes
2848,382,Biryani,Main Course,203.0,25.0,709.0,Yes
2849,382,Gulab Jamun,Desserts,244.0,15.0,300.0,Yes
2850,382,Chole Bhature,Main Course,194.0,9.0,496.0,Yes
2851,382,Fresh Lime Soda,Beverages,206.0,22.0,133.0,Yes
2852,382,Fresh Lime Soda,Beverages,301.0,9.0,211.0,Yes
2853,383,Ice Cream,Desserts,40.0,13.0,423.0,Yes
2854,383,Cold Coffee,Beverages,170.0,23.0,591.0,Yes
2855,383,Tandoori Roti,Breads,302.0,15.0,378.0,Yes
2856,383,Gulab Jamun,Desserts,167.0,14.0,703.0,Yes
2857,383,Brownie,Desserts,208.0,22.0,502.0,Yes
2858,383,Brownie,Desserts,289.0,16.0,476.0,Yes
2859,383,Masala Chai,Beverages,232.0,5.0,326.0,No
2860,384,Paneer Tikka,Starters,165.0,25.0,923.0,Yes
2861,384,Butter Chicken,Main Course,140.0,14.0,466.0,Yes
2862,384,Butter Naan,Breads,40.0,3.0,,Yes
2863,384,Biryani,Main Course,131.0,26.0,344.0,Yes
2864,384,Veg Manchurian,Starters,62.0,9.0,578.0,No
2865,384,Cheese Pizza,Fast Food,114.0,15.0,,Yes
2866,384,Lassi,Beverages,127.0,20.0,665.0,Yes
2867,385,Fried Rice,Main Course,229.0,24.0,255.0,Yes
2868,385,Kheer,Desserts,213.0,28.0,365.0,Yes
2869,385,Tandoori Roti,Breads,179.0,24.0,629.0,Yes
2870,385,Brownie,Desserts,286.0,7.0,450.0,Yes
2871,385,Cold Coffee,Beverages,125.0,15.0,204.0,Yes
2872,385,Brownie,Desserts,156.0,11.0,375.0,Yes
2873,385,Dal Makhani,Main Course,224.0,20.0,532.0,No
2874,385,Fried Rice,Main Course,136.0,4.0,639.0,Yes
2875,385,Momos,Starters,229.0,22.0,480.0,Yes
2876,386,Biryani,Main Course,203.0,25.0,,Yes
2877,386,Brownie,Desserts,251.0,20.0,419.0,Yes
2878,386,Gulab Jamun,Desserts,135.0,20.0,,Yes
2879,386,Gulab Jamun,Desserts,257.0,14.0,245.0,Yes
2880,386,Momos,Starters,230.0,34.0,438.0,Yes
2881,386,Veg Sandwich,Fast Food,166.0,32.0,468.0,Yes
2882,386,Cheese Pizza,Fast Food,166.0,31.0,289.0,Yes
2883,386,Chicken Burger,Fast Food,150.0,20.0,823.0,Yes
2884,386,Dal Makhani,Main Course,96.0,8.0,433.0,Yes
2885,387,Paneer Butter Masala,Main Course,314.0,25.0,299.0,Yes
2886,387,Mojito,Beverages,76.0,12.0,415.0,No
2887,387,Garlic Naan,Breads,208.0,16.0,360.0,No
2888,387,Fresh Lime Soda,Beverages,155.0,22.0,452.0,Yes
2889,387,Chole Bhature,Main Course,236.0,20.0,,Yes
2890,387,Kulcha,Breads,180.0,12.0,637.0,Yes
2891,387,Garlic Naan,Breads,76.0,3.0,518.0,Yes
2892,387,Butter Naan,Breads,202.0,19.0,460.0,Yes
2893,388,Veg Burger,Fast Food,171.0,14.0,425.0,Yes
2894,388,Fresh Lime Soda,Beverages,84.0,29.0,302.0,Yes
2895,388,Kulcha,Breads,70.0,21.0,276.0,Yes
2896,388,Spring Rolls,Starters,287.0,3.0,152.0,Yes
2897,388,Dal Makhani,Main Course,146.0,19.0,289.0,Yes
2898,388,Cold Coffee,Beverages,156.0,31.0,294.0,Yes
2899,388,Cheese Pizza,Fast Food,40.0,16.0,230.0,Yes
2900,388,French Fries,Fast Food,231.0,21.0,379.0,Yes
2901,389,Brownie,Desserts,214.0,9.0,541.0,Yes
2902,389,Dal Makhani,Main Course,128.0,31.0,351.0,Yes
2903,389,Lassi,Beverages,139.0,16.0,487.0,Yes
2904,389,Paneer Butter Masala,Main Course,310.0,20.0,720.0,Yes
2905,389,Mojito,Beverages,106.0,16.0,233.0,Yes
2906,389,Garlic Naan,Breads,134.0,12.0,179.0,Yes
2907,389,Chole Bhature,Main Course,264.0,22.0,340.0,Yes
2908,389,Fried Rice,Main Course,208.0,14.0,366.0,Yes
2909,390,Fish Fingers,Starters,225.0,17.0,402.0,Yes
2910,390,Brownie,Desserts,40.0,24.0,595.0,Yes
2911,390,Veg Burger,Fast Food,272.0,13.0,546.0,Yes
2912,390,Lassi,Beverages,218.0,11.0,354.0,Yes
2913,390,Chole Bhature,Main Course,171.0,3.0,429.0,Yes
2914,390,Chole Bhature,Main Course,78.0,9.0,423.0,Yes
2915,391,Cold Coffee,Beverages,148.0,10.0,422.0,Yes
2916,391,Veg Sandwich,Fast Food,102.0,11.0,576.0,Yes
2917,391,Cold Coffee,Beverages,194.0,20.0,635.0,Yes
2918,391,Paneer Tikka,Starters,159.0,12.0,307.0,Yes
2919,391,French Fries,Fast Food,346.0,17.0,260.0,Yes
2920,391,Cheese Pizza,Fast Food,192.0,13.0,338.0,Yes
2921,392,Momos,Starters,326.0,19.0,208.0,Yes
2922,392,Fried Rice,Main Course,140.0,3.0,286.0,Yes
2923,392,Veg Sandwich,Fast Food,270.0,12.0,796.0,No
2924,392,French Fries,Fast Food,40.0,14.0,416.0,Yes
2925,392,Fresh Lime Soda,Beverages,185.0,22.0,358.0,Yes
2926,392,Butter Chicken,Main Course,292.0,8.0,364.0,No
2927,392,Lassi,Beverages,79.0,14.0,,Yes
2928,392,Chole Bhature,Main Course,235.0,9.0,358.0,Yes
2929,393,Paneer Tikka,Starters,181.0,19.0,233.0,Yes
2930,393,Tandoori Roti,Breads,201.0,27.0,573.0,Yes
2931,393,Butter Chicken,Main Course,154.0,22.0,375.0,Yes
2932,393,Dal Makhani,Main Course,275.0,23.0,226.0,Yes
2933,393,Veg Sandwich,Fast Food,166.0,12.0,385.0,Yes
2934,393,Lassi,Beverages,76.0,17.0,376.0,No
2935,394,Biryani,Main Course,168.0,20.0,168.0,Yes
2936,394,Veg Sandwich,Fast Food,250.0,24.0,610.0,Yes
2937,394,Dal Makhani,Main Course,171.0,20.0,556.0,Yes
2938,394,Veg Sandwich,Fast Food,116.0,21.0,289.0,Yes
2939,394,Chicken Burger,Fast Food,226.0,21.0,265.0,Yes
2940,394,Kulcha,Breads,225.0,14.0,375.0,Yes
2941,394,Paneer Tikka,Starters,253.0,26.0,462.0,Yes
2942,395,Kulcha,Breads,181.0,23.0,351.0,Yes
2943,395,Ice Cream,Desserts,260.0,13.0,367.0,Yes
2944,395,Fried Rice,Main Course,96.0,17.0,627.0,Yes
2945,395,Veg Manchurian,Starters,317.0,31.0,303.0,Yes
2946,395,Momos,Starters,423.0,27.0,552.0,Yes
2947,395,Paneer Tikka,Starters,202.0,5.0,306.0,No
2948,395,Cold Coffee,Beverages,142.0,16.0,335.0,Yes
2949,395,Paneer Tikka,Starters,177.0,21.0,411.0,No
2950,396,French Fries,Fast Food,161.0,15.0,612.0,Yes
2951,396,Kulcha,Breads,145.0,24.0,403.0,Yes
2952,396,Kulcha,Breads,40.0,36.0,584.0,Yes
2953,396,Butter Chicken,Main Course,383.0,25.0,408.0,Yes
2954,396,French Fries,Fast Food,231.0,14.0,272.0,Yes
2955,396,Kheer,Desserts,368.0,15.0,420.0,Yes
2956,396,Chole Bhature,Main Course,222.0,16.0,544.0,Yes
2957,397,Kheer,Desserts,171.0,46.0,114.0,Yes
2958,397,Chicken 65,Starters,119.0,26.0,164.0,Yes
2959,397,Cold Coffee,Beverages,197.0,15.0,382.0,Yes
2960,397,Veg Burger,Fast Food,289.0,19.0,287.0,Yes
2961,397,Chicken 65,Starters,271.0,19.0,192.0,Yes
2962,397,Butter Chicken,Main Course,119.0,17.0,515.0,Yes
2963,397,Chicken Burger,Fast Food,168.0,25.0,410.0,Yes
2964,397,Mojito,Beverages,119.0,18.0,509.0,No
2965,397,Lassi,Beverages,163.0,9.0,429.0,No
2966,398,Ice Cream,Desserts,98.0,29.0,570.0,Yes
2967,398,Fried Rice,Main Course,158.0,21.0,386.0,Yes
2968,398,Brownie,Desserts,315.0,5.0,429.0,Yes
2969,398,Lassi,Beverages,94.0,21.0,117.0,Yes
2970,398,Chicken Burger,Fast Food,209.0,33.0,318.0,No
2971,398,Spring Rolls,Starters,44.0,23.0,352.0,No
2972,398,Cold Coffee,Beverages,264.0,26.0,554.0,Yes
2973,398,Mojito,Beverages,177.0,32.0,519.0,Yes
2974,399,Spring Rolls,Starters,114.0,12.0,595.0,Yes
2975,399,Rasmalai,Desserts,240.0,12.0,346.0,Yes
2976,399,Kulcha,Breads,174.0,24.0,366.0,Yes
2977,399,Chole Bhature,Main Course,298.0,20.0,604.0,Yes
2978,399,Butter Naan,Breads,76.0,30.0,575.0,Yes
2979,399,Mojito,Beverages,186.0,13.0,595.0,Yes
2980,399,Fish Fingers,Starters,138.0,17.0,475.0,Yes
2981,399,Chicken 65,Starters,77.0,16.0,261.0,Yes
2982,399,Spring Rolls,Starters,40.0,34.0,301.0,Yes
2983,400,Cheese Pizza,Fast Food,236.0,34.0,305.0,Yes
2984,400,Chole Bhature,Main Course,66.0,32.0,260.0,Yes
2985,400,Cheese Pizza,Fast Food,143.0,13.0,423.0,Yes
2986,400,Fried Rice,Main Course,40.0,22.0,469.0,Yes
2987,400,Dal Makhani,Main Course,257.0,24.0,468.0,Yes
2988,400,Biryani,Main Course,152.0,18.0,302.0,Yes
2989,400,Fried Rice,Main Course,197.0,11.0,420.0,Yes
2990,400,Gulab Jamun,Desserts,140.0,11.0,557.0,Yes
2991,401,Chole Bhature,Main Course,251.0,18.0,138.0,Yes
2992,401,Rasmalai,Desserts,100.0,17.0,470.0,Yes
2993,401,Garlic Naan,Breads,224.0,19.0,404.0,No
2994,401,Tandoori Roti,Breads,160.0,12.0,648.0,Yes
2995,401,Biryani,Main Course,272.0,22.0,229.0,Yes
2996,401,Spring Rolls,Starters,73.0,17.0,322.0,Yes
2997,401,Veg Sandwich,Fast Food,77.0,18.0,117.0,Yes
2998,401,Spring Rolls,Starters,171.0,22.0,471.0,Yes
2999,401,Kulcha,Breads,40.0,3.0,368.0,Yes
3000,402,Spring Rolls,Starters,123.0,8.0,77.0,Yes
3001,402,Cold Coffee,Beverages,100.0,17.0,364.0,Yes
3002,402,Biryani,Main Course,71.0,9.0,348.0,Yes
3003,402,Momos,Starters,105.0,20.0,483.0,Yes
3004,402,Paneer Tikka,Starters,220.0,9.0,450.0,Yes
3005,402,Paneer Butter Masala,Main Course,212.0,29.0,696.0,Yes
3006,403,Cheese Pizza,Fast Food,291.0,14.0,284.0,Yes
3007,403,Butter Chicken,Main Course,161.0,13.0,714.0,Yes
3008,403,Fried Rice,Main Course,265.0,22.0,520.0,Yes
3009,403,Lassi,Beverages,303.0,22.0,371.0,No
3010,403,Veg Manchurian,Starters,246.0,23.0,232.0,Yes
3011,403,Ice Cream,Desserts,396.0,13.0,631.0,Yes
3012,403,Rasmalai,Desserts,165.0,27.0,408.0,Yes
3013,403,Kheer,Desserts,50.0,26.0,621.0,Yes
3014,404,Fried Rice,Main Course,179.0,24.0,296.0,Yes
3015,404,Butter Naan,Breads,185.0,26.0,457.0,Yes
3016,404,Lassi,Beverages,226.0,26.0,653.0,No
3017,404,Kheer,Desserts,281.0,20.0,397.0,No
3018,404,Ice Cream,Desserts,197.0,7.0,440.0,Yes
3019,404,Brownie,Desserts,76.0,15.0,512.0,No
3020,404,Veg Sandwich,Fast Food,144.0,29.0,393.0,Yes
3021,405,Brownie,Desserts,288.0,15.0,383.0,Yes
3022,405,Veg Sandwich,Fast Food,283.0,16.0,456.0,Yes
3023,405,Lassi,Beverages,141.0,3.0,310.0,Yes
3024,405,Brownie,Desserts,311.0,20.0,534.0,No
3025,405,Ice Cream,Desserts,263.0,24.0,639.0,No
3026,405,Lassi,Beverages,151.0,29.0,500.0,Yes
3027,405,Mojito,Beverages,220.0,3.0,460.0,Yes
3028,405,Dal Makhani,Main Course,262.0,19.0,587.0,No
3029,405,Rasmalai,Desserts,296.0,15.0,416.0,No
3030,406,Kheer,Desserts,156.0,14.0,414.0,Yes
3031,406,Rasmalai,Desserts,201.0,3.0,394.0,Yes
3032,406,Fried Rice,Main Course,216.0,19.0,389.0,Yes
3033,406,Chole Bhature,Main Course,89.0,7.0,320.0,No
3034,406,Biryani,Main Course,40.0,17.0,273.0,No
3035,406,Cheese Pizza,Fast Food,198.0,13.0,108.0,No
3036,407,Mojito,Beverages,91.0,19.0,516.0,Yes
3037,407,Fried Rice,Main Course,155.0,20.0,372.0,Yes
3038,407,Masala Chai,Beverages,160.0,11.0,395.0,Yes
3039,407,Chicken Burger,Fast Food,124.0,29.0,298.0,Yes
3040,407,Ice Cream,Desserts,195.0,9.0,370.0,Yes
3041,407,Veg Burger,Fast Food,89.0,13.0,546.0,Yes
3042,408,Rasmalai,Desserts,175.0,24.0,368.0,No
3043,408,Kheer,Desserts,246.0,24.0,506.0,Yes
3044,408,Mojito,Beverages,265.0,21.0,335.0,Yes
3045,408,Lassi,Beverages,52.0,11.0,,Yes
3046,408,Ice Cream,Desserts,280.0,21.0,353.0,Yes
3047,408,Butter Naan,Breads,141.0,18.0,491.0,Yes
3048,408,Lassi,Beverages,183.0,14.0,272.0,Yes
3049,408,Cold Coffee,Beverages,115.0,12.0,390.0,Yes
3050,408,Veg Sandwich,Fast Food,107.0,13.0,502.0,Yes
3051,409,French Fries,Fast Food,232.0,31.0,451.0,Yes
3052,409,Veg Sandwich,Fast Food,53.0,5.0,419.0,Yes
3053,409,Veg Sandwich,Fast Food,175.0,15.0,222.0,Yes
3054,409,Rasmalai,Desserts,93.0,26.0,553.0,Yes
3055,409,Chole Bhature,Main Course,203.0,22.0,227.0,Yes
3056,409,Veg Sandwich,Fast Food,208.0,12.0,586.0,Yes
3057,410,Brownie,Desserts,223.0,5.0,216.0,No
3058,410,Mojito,Beverages,172.0,10.0,567.0,No
3059,410,Biryani,Main Course,40.0,17.0,162.0,Yes
3060,410,Butter Chicken,Main Course,145.0,8.0,389.0,No
3061,410,Garlic Naan,Breads,97.0,12.0,559.0,Yes
3062,410,Fresh Lime Soda,Beverages,139.0,3.0,375.0,Yes
3063,410,Veg Burger,Fast Food,307.0,20.0,538.0,Yes
3064,411,Chicken Burger,Fast Food,125.0,23.0,331.0,Yes
3065,411,French Fries,Fast Food,208.0,27.0,238.0,Yes
3066,411,Fried Rice,Main Course,40.0,14.0,449.0,Yes
3067,411,Chicken 65,Starters,328.0,18.0,493.0,Yes
3068,411,Fried Rice,Main Course,118.0,12.0,451.0,Yes
3069,411,Spring Rolls,Starters,322.0,18.0,439.0,Yes
3070,412,Biryani,Main Course,118.0,13.0,568.0,Yes
3071,412,Veg Sandwich,Fast Food,49.0,11.0,364.0,Yes
3072,412,Veg Burger,Fast Food,189.0,17.0,518.0,Yes
3073,412,Gulab Jamun,Desserts,446.0,9.0,440.0,Yes
3074,412,Chole Bhature,Main Course,119.0,25.0,676.0,Yes
3075,412,Masala Chai,Beverages,174.0,26.0,254.0,Yes
3076,412,Paneer Tikka,Starters,294.0,31.0,380.0,Yes
3077,412,Rasmalai,Desserts,240.0,8.0,306.0,Yes
3078,413,Veg Burger,Fast Food,228.0,36.0,127.0,No
3079,413,Kulcha,Breads,197.0,28.0,674.0,Yes
3080,413,Chicken 65,Starters,161.0,28.0,,Yes
3081,413,Butter Chicken,Main Course,339.0,16.0,414.0,Yes
3082,413,Veg Manchurian,Starters,124.0,15.0,354.0,Yes
3083,413,Cold Coffee,Beverages,106.0,32.0,409.0,Yes
3084,413,Ice Cream,Desserts,136.0,14.0,167.0,Yes
3085,414,Fried Rice,Main Course,235.0,11.0,308.0,Yes
3086,414,Rasmalai,Desserts,282.0,13.0,468.0,Yes
3087,414,Spring Rolls,Starters,130.0,13.0,305.0,Yes
3088,414,Ice Cream,Desserts,163.0,6.0,514.0,Yes
3089,414,French Fries,Fast Food,432.0,22.0,261.0,Yes
3090,414,Lassi,Beverages,240.0,5.0,284.0,Yes
3091,414,Dal Makhani,Main Course,140.0,26.0,504.0,Yes
3092,414,Kheer,Desserts,51.0,24.0,316.0,Yes
3093,415,Chicken 65,Starters,234.0,11.0,384.0,Yes
3094,415,Chicken Burger,Fast Food,105.0,17.0,222.0,Yes
3095,415,Spring Rolls,Starters,103.0,12.0,254.0,Yes
3096,415,Kulcha,Breads,145.0,18.0,599.0,Yes
3097,415,Momos,Starters,79.0,9.0,405.0,Yes
3098,415,Tandoori Roti,Breads,40.0,19.0,402.0,Yes
3099,415,Chole Bhature,Main Course,229.0,35.0,408.0,Yes
3100,415,Butter Chicken,Main Course,131.0,25.0,398.0,Yes
3101,416,Butter Chicken,Main Course,165.0,32.0,512.0,Yes
3102,416,Butter Naan,Breads,94.0,10.0,199.0,Yes
3103,416,Ice Cream,Desserts,80.0,27.0,323.0,No
3104,416,Paneer Butter Masala,Main Course,40.0,21.0,425.0,Yes
3105,416,Masala Chai,Beverages,139.0,12.0,402.0,No
3106,416,Kheer,Desserts,186.0,21.0,137.0,Yes
3107,416,Mojito,Beverages,81.0,14.0,199.0,Yes
3108,416,Tandoori Roti,Breads,222.0,23.0,309.0,Yes
3109,417,Fish Fingers,Starters,239.0,19.0,434.0,Yes
3110,417,Masala Chai,Beverages,40.0,16.0,310.0,Yes
3111,417,Cold Coffee,Beverages,167.0,14.0,220.0,Yes
3112,417,Masala Chai,Beverages,149.0,14.0,535.0,No
3113,417,Mojito,Beverages,167.0,13.0,212.0,Yes
3114,417,Brownie,Desserts,425.0,25.0,424.0,Yes
3115,417,Masala Chai,Beverages,52.0,5.0,,Yes
3116,417,Butter Chicken,Main Course,325.0,20.0,278.0,Yes
3117,418,Chicken Burger,Fast Food,130.0,11.0,711.0,Yes
3118,418,Garlic Naan,Breads,161.0,24.0,542.0,Yes
3119,418,Spring Rolls,Starters,64.0,18.0,357.0,Yes
3120,418,Fresh Lime Soda,Beverages,295.0,22.0,391.0,Yes
3121,418,Ice Cream,Desserts,193.0,12.0,257.0,No
3122,418,Butter Chicken,Main Course,111.0,21.0,537.0,Yes
3123,418,Chicken Burger,Fast Food,236.0,5.0,448.0,Yes
3124,418,Butter Naan,Breads,235.0,31.0,199.0,Yes
3125,419,Chole Bhature,Main Course,276.0,30.0,,Yes
3126,419,Momos,Starters,238.0,4.0,396.0,Yes
3127,419,Brownie,Desserts,86.0,23.0,392.0,Yes
3128,419,Butter Chicken,Main Course,148.0,22.0,272.0,Yes
3129,419,Veg Sandwich,Fast Food,181.0,23.0,350.0,Yes
3130,419,Paneer Tikka,Starters,191.0,15.0,614.0,Yes
3131,419,Veg Sandwich,Fast Food,307.0,17.0,382.0,Yes
3132,419,Fish Fingers,Starters,89.0,36.0,517.0,Yes
3133,419,Spring Rolls,Starters,261.0,29.0,392.0,Yes
3134,420,Momos,Starters,155.0,29.0,318.0,No
3135,420,Veg Burger,Fast Food,163.0,20.0,237.0,Yes
3136,420,French Fries,Fast Food,252.0,22.0,318.0,Yes
3137,420,Chicken 65,Starters,284.0,8.0,344.0,Yes
3138,420,Cold Coffee,Beverages,314.0,16.0,177.0,Yes
3139,420,Fried Rice,Main Course,201.0,15.0,478.0,Yes
3140,420,Veg Burger,Fast Food,278.0,17.0,50.0,Yes
3141,420,Gulab Jamun,Desserts,230.0,9.0,476.0,Yes
3142,421,Tandoori Roti,Breads,257.0,26.0,527.0,Yes
3143,421,Veg Sandwich,Fast Food,152.0,17.0,464.0,Yes
3144,421,Garlic Naan,Breads,253.0,10.0,538.0,Yes
3145,421,Dal Makhani,Main Course,40.0,3.0,152.0,Yes
3146,421,Cold Coffee,Beverages,226.0,22.0,430.0,Yes
3147,421,Paneer Butter Masala,Main Course,129.0,21.0,299.0,Yes
3148,421,Brownie,Desserts,150.0,11.0,497.0,Yes
3149,421,Veg Burger,Fast Food,127.0,21.0,413.0,Yes
3150,422,Chicken 65,Starters,324.0,18.0,586.0,Yes
3151,422,Chicken 65,Starters,252.0,9.0,316.0,Yes
3152,422,Brownie,Desserts,155.0,22.0,516.0,Yes
3153,422,Masala Chai,Beverages,238.0,11.0,397.0,Yes
3154,422,Butter Naan,Breads,142.0,20.0,155.0,Yes
3155,422,Fried Rice,Main Course,177.0,3.0,237.0,No
3156,422,Cheese Pizza,Fast Food,326.0,31.0,302.0,Yes
3157,422,Fish Fingers,Starters,224.0,21.0,604.0,Yes
3158,422,Chicken 65,Starters,202.0,9.0,277.0,Yes
3159,423,Tandoori Roti,Breads,215.0,3.0,142.0,Yes
3160,423,Gulab Jamun,Desserts,256.0,39.0,306.0,Yes
3161,423,Masala Chai,Beverages,165.0,17.0,436.0,Yes
3162,423,Veg Burger,Fast Food,103.0,17.0,519.0,Yes
3163,423,Biryani,Main Course,127.0,18.0,555.0,No
3164,423,Garlic Naan,Breads,177.0,5.0,58.0,Yes
3165,424,French Fries,Fast Food,77.0,27.0,360.0,Yes
3166,424,Spring Rolls,Starters,211.0,28.0,213.0,No
3167,424,Spring Rolls,Starters,419.0,17.0,480.0,Yes
3168,424,Rasmalai,Desserts,116.0,10.0,403.0,No
3169,424,Garlic Naan,Breads,125.0,18.0,80.0,Yes
3170,424,Paneer Tikka,Starters,56.0,13.0,229.0,Yes
3171,424,Spring Rolls,Starters,453.0,19.0,440.0,Yes
3172,424,Veg Burger,Fast Food,81.0,12.0,324.0,No
3173,425,Kheer,Desserts,283.0,6.0,348.0,Yes
3174,425,Mojito,Beverages,219.0,3.0,150.0,Yes
3175,425,Garlic Naan,Breads,53.0,16.0,331.0,Yes
3176,425,Veg Sandwich,Fast Food,263.0,3.0,337.0,Yes
3177,425,Brownie,Desserts,285.0,5.0,382.0,Yes
3178,425,Paneer Tikka,Starters,247.0,29.0,211.0,Yes
3179,426,Rasmalai,Desserts,213.0,18.0,244.0,No
3180,426,Veg Burger,Fast Food,69.0,7.0,956.0,Yes
3181,426,Gulab Jamun,Desserts,286.0,18.0,273.0,Yes
3182,426,Ice Cream,Desserts,230.0,8.0,448.0,Yes
3183,426,Fresh Lime Soda,Beverages,255.0,16.0,309.0,Yes
3184,426,Paneer Tikka,Starters,133.0,25.0,392.0,No
3185,427,French Fries,Fast Food,328.0,3.0,209.0,Yes
3186,427,Butter Chicken,Main Course,187.0,21.0,389.0,No
3187,427,Dal Makhani,Main Course,306.0,10.0,402.0,Yes
3188,427,Ice Cream,Desserts,277.0,32.0,369.0,Yes
3189,427,Chicken 65,Starters,421.0,18.0,654.0,Yes
3190,427,Gulab Jamun,Desserts,148.0,16.0,575.0,Yes
3191,427,Fried Rice,Main Course,253.0,17.0,243.0,Yes
3192,427,Lassi,Beverages,416.0,15.0,410.0,Yes
3193,427,Ice Cream,Desserts,40.0,13.0,533.0,Yes
3194,428,Butter Chicken,Main Course,167.0,39.0,443.0,Yes
3195,428,Lassi,Beverages,126.0,31.0,768.0,Yes
3196,428,Brownie,Desserts,301.0,19.0,372.0,Yes
3197,428,Veg Manchurian,Starters,40.0,20.0,459.0,Yes
3198,428,Chicken 65,Starters,77.0,18.0,568.0,Yes
3199,428,Kheer,Desserts,154.0,20.0,98.0,Yes
3200,428,Momos,Starters,343.0,12.0,355.0,Yes
3201,429,Paneer Tikka,Starters,203.0,16.0,544.0,Yes
3202,429,Veg Burger,Fast Food,146.0,13.0,539.0,Yes
3203,429,Fish Fingers,Starters,40.0,7.0,436.0,Yes
3204,429,Dal Makhani,Main Course,255.0,24.0,50.0,Yes
3205,429,Biryani,Main Course,136.0,24.0,245.0,Yes
3206,429,Veg Sandwich,Fast Food,158.0,21.0,409.0,No
3207,429,French Fries,Fast Food,224.0,16.0,485.0,Yes
3208,429,Momos,Starters,233.0,24.0,519.0,Yes
3209,429,Fried Rice,Main Course,268.0,14.0,335.0,Yes
3210,430,Veg Sandwich,Fast Food,198.0,33.0,434.0,Yes
3211,430,Masala Chai,Beverages,330.0,29.0,623.0,Yes
3212,430,Lassi,Beverages,307.0,10.0,238.0,Yes
3213,430,Tandoori Roti,Breads,102.0,26.0,358.0,Yes
3214,430,Kulcha,Breads,125.0,14.0,471.0,No
3215,430,Butter Naan,Breads,117.0,13.0,354.0,Yes
3216,431,Kulcha,Breads,262.0,4.0,401.0,Yes
3217,431,Kulcha,Breads,147.0,22.0,382.0,Yes
3218,431,Dal Makhani,Main Course,97.0,35.0,631.0,Yes
3219,431,Fried Rice,Main Course,202.0,22.0,288.0,No
3220,431,Kheer,Desserts,198.0,39.0,585.0,No
3221,431,Fresh Lime Soda,Beverages,84.0,21.0,412.0,Yes
3222,432,Fried Rice,Main Course,226.0,32.0,263.0,Yes
3223,432,Biryani,Main Course,161.0,9.0,432.0,Yes
3224,432,Garlic Naan,Breads,189.0,34.0,272.0,Yes
3225,432,Kulcha,Breads,261.0,3.0,689.0,Yes
3226,432,Kulcha,Breads,182.0,19.0,366.0,Yes
3227,432,Spring Rolls,Starters,222.0,13.0,421.0,Yes
3228,433,Brownie,Desserts,301.0,14.0,354.0,Yes
3229,433,Mojito,Beverages,154.0,25.0,377.0,No
3230,433,Cold Coffee,Beverages,139.0,19.0,559.0,Yes
3231,433,Ice Cream,Desserts,62.0,23.0,452.0,Yes
3232,433,Fresh Lime Soda,Beverages,215.0,18.0,404.0,Yes
3233,433,Momos,Starters,243.0,5.0,278.0,Yes
3234,433,Momos,Starters,40.0,32.0,588.0,Yes
3235,433,Paneer Butter Masala,Main Course,40.0,20.0,367.0,Yes
3236,434,Chicken Burger,Fast Food,233.0,20.0,378.0,Yes
3237,434,Fresh Lime Soda,Beverages,174.0,26.0,310.0,Yes
3238,434,Chicken 65,Starters,145.0,23.0,528.0,Yes
3239,434,Dal Makhani,Main Course,206.0,14.0,149.0,Yes
3240,434,Butter Naan,Breads,40.0,16.0,424.0,Yes
3241,434,Biryani,Main Course,148.0,9.0,219.0,Yes
3242,435,Cold Coffee,Beverages,194.0,28.0,288.0,Yes
3243,435,Butter Naan,Breads,177.0,12.0,490.0,No
3244,435,Tandoori Roti,Breads,168.0,25.0,417.0,Yes
3245,435,Chicken 65,Starters,190.0,11.0,274.0,Yes
3246,435,Chicken Burger,Fast Food,221.0,19.0,702.0,Yes
3247,435,Butter Chicken,Main Course,81.0,25.0,419.0,Yes
3248,435,Cheese Pizza,Fast Food,92.0,3.0,304.0,Yes
3249,435,Chicken Burger,Fast Food,134.0,13.0,535.0,Yes
3250,436,Veg Burger,Fast Food,138.0,20.0,190.0,Yes
3251,436,Butter Naan,Breads,214.0,7.0,501.0,Yes
3252,436,Gulab Jamun,Desserts,267.0,6.0,688.0,Yes
3253,436,Butter Chicken,Main Course,139.0,20.0,514.0,Yes
3254,436,Paneer Tikka,Starters,119.0,12.0,336.0,Yes
3255,436,Cold Coffee,Beverages,221.0,22.0,609.0,Yes
3256,436,Dal Makhani,Main Course,291.0,27.0,531.0,Yes
3257,436,Ice Cream,Desserts,251.0,14.0,316.0,No
3258,437,Fish Fingers,Starters,41.0,29.0,407.0,Yes
3259,437,Fried Rice,Main Course,210.0,3.0,301.0,Yes
3260,437,Rasmalai,Desserts,267.0,20.0,300.0,Yes
3261,437,Masala Chai,Beverages,169.0,33.0,364.0,Yes
3262,437,Cheese Pizza,Fast Food,190.0,17.0,431.0,Yes
3263,437,Veg Manchurian,Starters,288.0,37.0,621.0,Yes
3264,437,Tandoori Roti,Breads,201.0,27.0,175.0,Yes
3265,438,Chicken Burger,Fast Food,178.0,12.0,314.0,Yes
3266,438,Butter Naan,Breads,266.0,28.0,200.0,No
3267,438,Biryani,Main Course,164.0,12.0,500.0,Yes
3268,438,Lassi,Beverages,280.0,36.0,579.0,Yes
3269,438,Momos,Starters,283.0,9.0,298.0,No
3270,438,Butter Naan,Breads,185.0,38.0,411.0,No
3271,438,Paneer Tikka,Starters,308.0,14.0,396.0,Yes
3272,438,Fish Fingers,Starters,178.0,14.0,503.0,Yes
3273,439,Mojito,Beverages,63.0,3.0,360.0,Yes
3274,439,Mojito,Beverages,229.0,11.0,748.0,Yes
3275,439,Masala Chai,Beverages,179.0,18.0,249.0,Yes
3276,439,Kulcha,Breads,236.0,26.0,429.0,Yes
3277,439,Veg Burger,Fast Food,208.0,19.0,264.0,Yes
3278,439,Gulab Jamun,Desserts,309.0,15.0,659.0,Yes
3279,439,Veg Burger,Fast Food,71.0,25.0,427.0,Yes
3280,439,Cheese Pizza,Fast Food,188.0,13.0,500.0,Yes
3281,440,Spring Rolls,Starters,228.0,32.0,500.0,Yes
3282,440,Paneer Butter Masala,Main Course,143.0,14.0,448.0,Yes
3283,440,Veg Sandwich,Fast Food,313.0,21.0,553.0,Yes
3284,440,Rasmalai,Desserts,206.0,3.0,468.0,Yes
3285,440,Rasmalai,Desserts,162.0,27.0,647.0,Yes
3286,440,Momos,Starters,342.0,16.0,329.0,Yes
3287,440,Veg Burger,Fast Food,151.0,17.0,424.0,Yes
3288,440,Biryani,Main Course,97.0,18.0,95.0,Yes
3289,441,Spring Rolls,Starters,373.0,16.0,336.0,Yes
3290,441,Cheese Pizza,Fast Food,229.0,24.0,95.0,Yes
3291,441,Fried Rice,Main Course,118.0,29.0,531.0,Yes
3292,441,Veg Sandwich,Fast Food,74.0,27.0,513.0,Yes
3293,441,Dal Makhani,Main Course,107.0,17.0,144.0,Yes
3294,441,Cold Coffee,Beverages,253.0,30.0,348.0,Yes
3295,441,Chicken 65,Starters,179.0,21.0,365.0,Yes
3296,442,Rasmalai,Desserts,40.0,26.0,580.0,Yes
3297,442,Dal Makhani,Main Course,241.0,29.0,380.0,Yes
3298,442,Chicken 65,Starters,219.0,12.0,268.0,Yes
3299,442,Spring Rolls,Starters,62.0,20.0,413.0,Yes
3300,442,Ice Cream,Desserts,278.0,4.0,439.0,Yes
3301,442,Butter Naan,Breads,335.0,18.0,535.0,Yes
3302,443,Lassi,Beverages,390.0,28.0,186.0,Yes
3303,443,Chicken Burger,Fast Food,151.0,20.0,390.0,Yes
3304,443,French Fries,Fast Food,298.0,17.0,389.0,Yes
3305,443,Mojito,Beverages,277.0,6.0,473.0,Yes
3306,443,French Fries,Fast Food,123.0,24.0,345.0,Yes
3307,443,Butter Chicken,Main Course,226.0,13.0,103.0,No
3308,444,Masala Chai,Beverages,212.0,7.0,624.0,Yes
3309,444,Fried Rice,Main Course,230.0,23.0,357.0,Yes
3310,444,Dal Makhani,Main Course,178.0,3.0,458.0,Yes
3311,444,Brownie,Desserts,77.0,20.0,235.0,Yes
3312,444,Fresh Lime Soda,Beverages,235.0,19.0,202.0,Yes
3313,444,Butter Chicken,Main Course,301.0,16.0,267.0,Yes
3314,445,Rasmalai,Desserts,273.0,13.0,374.0,Yes
3315,445,Kulcha,Breads,317.0,21.0,492.0,Yes
3316,445,Masala Chai,Beverages,169.0,12.0,350.0,Yes
3317,445,Momos,Starters,40.0,23.0,488.0,Yes
3318,445,Dal Makhani,Main Course,46.0,21.0,50.0,Yes
3319,445,Kulcha,Breads,372.0,13.0,322.0,No
3320,445,Kulcha,Breads,247.0,21.0,170.0,Yes
3321,446,Fried Rice,Main Course,184.0,21.0,274.0,Yes
3322,446,Mojito,Beverages,251.0,7.0,490.0,Yes
3323,446,Dal Makhani,Main Course,45.0,14.0,155.0,Yes
3324,446,Rasmalai,Desserts,252.0,28.0,655.0,Yes
3325,446,Mojito,Beverages,142.0,11.0,552.0,Yes
3326,446,Tandoori Roti,Breads,185.0,12.0,302.0,Yes
3327,447,Kheer,Desserts,182.0,27.0,241.0,Yes
3328,447,Chicken Burger,Fast Food,298.0,16.0,582.0,Yes
3329,447,Veg Burger,Fast Food,161.0,24.0,275.0,Yes
3330,447,Garlic Naan,Breads,218.0,23.0,121.0,Yes
3331,447,Masala Chai,Beverages,327.0,6.0,562.0,Yes
3332,447,Gulab Jamun,Desserts,135.0,24.0,463.0,Yes
3333,447,Garlic Naan,Breads,148.0,10.0,363.0,Yes
3334,447,Ice Cream,Desserts,136.0,20.0,412.0,Yes
3335,448,Spring Rolls,Starters,108.0,8.0,338.0,Yes
3336,448,Kheer,Desserts,172.0,11.0,456.0,Yes
3337,448,Biryani,Main Course,160.0,25.0,456.0,Yes
3338,448,Dal Makhani,Main Course,233.0,13.0,592.0,Yes
3339,448,Fish Fingers,Starters,203.0,28.0,531.0,Yes
3340,448,Tandoori Roti,Breads,161.0,13.0,415.0,Yes
3341,448,Fresh Lime Soda,Beverages,154.0,12.0,241.0,Yes
3342,449,Lassi,Beverages,353.0,7.0,111.0,No
3343,449,Chicken 65,Starters,214.0,12.0,355.0,Yes
3344,449,Butter Naan,Breads,56.0,21.0,442.0,Yes
3345,449,Veg Burger,Fast Food,265.0,22.0,356.0,No
3346,449,Momos,Starters,40.0,11.0,272.0,Yes
3347,449,Dal Makhani,Main Course,80.0,28.0,608.0,Yes
3348,449,Tandoori Roti,Breads,133.0,24.0,438.0,No
3349,449,Garlic Naan,Breads,127.0,18.0,105.0,Yes
3350,450,Rasmalai,Desserts,40.0,21.0,541.0,Yes
3351,450,Gulab Jamun,Desserts,261.0,9.0,532.0,Yes
3352,450,Cheese Pizza,Fast Food,239.0,21.0,378.0,Yes
3353,450,Kulcha,Breads,132.0,23.0,519.0,Yes
3354,450,Butter Naan,Breads,161.0,21.0,469.0,Yes
3355,450,Brownie,Desserts,170.0,12.0,410.0,Yes
3356,450,Veg Manchurian,Starters,257.0,11.0,573.0,Yes
3357,451,Cheese Pizza,Fast Food,113.0,32.0,519.0,Yes
3358,451,Kulcha,Breads,140.0,7.0,317.0,No
3359,451,Biryani,Main Course,152.0,15.0,299.0,Yes
3360,451,Masala Chai,Beverages,183.0,17.0,281.0,Yes
3361,451,Fresh Lime Soda,Beverages,275.0,26.0,402.0,No
3362,451,Dal Makhani,Main Course,265.0,23.0,309.0,Yes
3363,451,Ice Cream,Desserts,219.0,10.0,259.0,Yes
3364,451,Kheer,Desserts,234.0,22.0,467.0,Yes
3365,451,Kulcha,Breads,192.0,4.0,175.0,Yes
3366,452,Fried Rice,Main Course,213.0,23.0,293.0,No
3367,452,Veg Burger,Fast Food,332.0,12.0,577.0,Yes
3368,452,Veg Burger,Fast Food,40.0,11.0,452.0,Yes
3369,452,Butter Chicken,Main Course,151.0,24.0,439.0,Yes
3370,452,Fish Fingers,Starters,309.0,14.0,235.0,Yes
3371,452,Gulab Jamun,Desserts,159.0,14.0,299.0,No
3372,453,Momos,Starters,101.0,6.0,593.0,Yes
3373,453,Veg Sandwich,Fast Food,46.0,17.0,419.0,Yes
3374,453,Kulcha,Breads,212.0,17.0,184.0,Yes
3375,453,Dal Makhani,Main Course,108.0,17.0,398.0,Yes
3376,453,Fish Fingers,Starters,72.0,23.0,264.0,Yes
3377,453,Dal Makhani,Main Course,330.0,3.0,480.0,Yes
3378,453,Lassi,Beverages,192.0,16.0,492.0,Yes
3379,453,Kulcha,Breads,114.0,15.0,236.0,Yes
3380,454,Mojito,Beverages,300.0,13.0,313.0,No
3381,454,Paneer Butter Masala,Main Course,297.0,4.0,648.0,Yes
3382,454,Veg Manchurian,Starters,170.0,26.0,477.0,Yes
3383,454,Kulcha,Breads,40.0,23.0,239.0,Yes
3384,454,Fresh Lime Soda,Beverages,157.0,31.0,315.0,Yes
3385,454,Biryani,Main Course,280.0,10.0,620.0,Yes
3386,454,Garlic Naan,Breads,169.0,21.0,385.0,Yes
3387,455,Chole Bhature,Main Course,182.0,7.0,323.0,Yes
3388,455,Fresh Lime Soda,Beverages,114.0,7.0,411.0,Yes
3389,455,Chicken 65,Starters,306.0,10.0,651.0,Yes
3390,455,Butter Chicken,Main Course,167.0,14.0,359.0,Yes
3391,455,Fresh Lime Soda,Beverages,382.0,20.0,456.0,Yes
3392,455,Cheese Pizza,Fast Food,235.0,7.0,565.0,Yes
3393,455,Mojito,Beverages,105.0,10.0,330.0,Yes
3394,456,Momos,Starters,158.0,18.0,354.0,Yes
3395,456,Tandoori Roti,Breads,130.0,12.0,405.0,Yes
3396,456,Lassi,Beverages,40.0,18.0,590.0,Yes
3397,456,Momos,Starters,207.0,23.0,606.0,Yes
3398,456,Mojito,Beverages,236.0,13.0,325.0,Yes
3399,456,Cold Coffee,Beverages,190.0,8.0,778.0,Yes
3400,456,Spring Rolls,Starters,180.0,29.0,375.0,Yes
3401,456,Brownie,Desserts,186.0,17.0,591.0,Yes
3402,457,Chicken Burger,Fast Food,403.0,6.0,363.0,No
3403,457,Garlic Naan,Breads,218.0,4.0,305.0,Yes
3404,457,Biryani,Main Course,218.0,14.0,403.0,Yes
3405,457,Cheese Pizza,Fast Food,225.0,13.0,256.0,Yes
3406,457,Dal Makhani,Main Course,91.0,3.0,480.0,Yes
3407,457,Kulcha,Breads,165.0,27.0,496.0,Yes
3408,458,Mojito,Beverages,186.0,20.0,140.0,Yes
3409,458,Chicken 65,Starters,212.0,16.0,292.0,Yes
3410,458,Biryani,Main Course,141.0,23.0,314.0,Yes
3411,458,Lassi,Beverages,158.0,22.0,361.0,Yes
3412,458,Rasmalai,Desserts,196.0,17.0,565.0,Yes
3413,458,French Fries,Fast Food,195.0,4.0,519.0,Yes
3414,458,Ice Cream,Desserts,121.0,13.0,367.0,Yes
3415,458,Veg Burger,Fast Food,378.0,22.0,688.0,Yes
3416,458,Momos,Starters,185.0,23.0,668.0,No
3417,459,Butter Naan,Breads,253.0,21.0,194.0,No
3418,459,Chicken Burger,Fast Food,88.0,20.0,551.0,Yes
3419,459,Veg Burger,Fast Food,167.0,23.0,273.0,Yes
3420,459,Kheer,Desserts,122.0,21.0,408.0,Yes
3421,459,Garlic Naan,Breads,145.0,13.0,174.0,Yes
3422,459,Kheer,Desserts,177.0,6.0,353.0,Yes
3423,459,Tandoori Roti,Breads,164.0,29.0,242.0,Yes
3424,459,Paneer Butter Masala,Main Course,223.0,19.0,241.0,Yes
3425,460,Cheese Pizza,Fast Food,185.0,7.0,409.0,Yes
3426,460,Garlic Naan,Breads,160.0,25.0,292.0,Yes
3427,460,Brownie,Desserts,40.0,13.0,493.0,Yes
3428,460,Biryani,Main Course,193.0,13.0,581.0,Yes
3429,460,Cheese Pizza,Fast Food,154.0,24.0,403.0,Yes
3430,460,Spring Rolls,Starters,240.0,24.0,601.0,Yes
3431,460,Garlic Naan,Breads,109.0,22.0,215.0,Yes
3432,461,Veg Burger,Fast Food,230.0,4.0,689.0,Yes
3433,461,Paneer Tikka,Starters,209.0,19.0,153.0,Yes
3434,461,Butter Naan,Breads,271.0,27.0,365.0,Yes
3435,461,Fish Fingers,Starters,140.0,14.0,659.0,Yes
3436,461,Veg Burger,Fast Food,171.0,19.0,542.0,Yes
3437,461,Kheer,Desserts,40.0,17.0,357.0,Yes
3438,461,Chole Bhature,Main Course,193.0,24.0,546.0,Yes
3439,461,Tandoori Roti,Breads,158.0,16.0,403.0,Yes
3440,462,Fried Rice,Main Course,248.0,27.0,189.0,Yes
3441,462,Butter Naan,Breads,213.0,16.0,707.0,Yes
3442,462,Butter Naan,Breads,80.0,8.0,310.0,Yes
3443,462,Tandoori Roti,Breads,233.0,22.0,317.0,Yes
3444,462,Veg Sandwich,Fast Food,271.0,14.0,527.0,Yes
3445,462,Lassi,Beverages,54.0,10.0,337.0,Yes
3446,462,Chole Bhature,Main Course,174.0,11.0,271.0,Yes
3447,462,Chole Bhature,Main Course,220.0,24.0,283.0,Yes
3448,463,Biryani,Main Course,59.0,18.0,469.0,Yes
3449,463,Garlic Naan,Breads,85.0,31.0,268.0,Yes
3450,463,Veg Sandwich,Fast Food,156.0,16.0,278.0,Yes
3451,463,Butter Naan,Breads,343.0,10.0,660.0,Yes
3452,463,Fish Fingers,Starters,152.0,15.0,302.0,Yes
3453,463,Dal Makhani,Main Course,241.0,33.0,315.0,Yes
3454,464,Dal Makhani,Main Course,152.0,29.0,232.0,Yes
3455,464,Biryani,Main Course,109.0,28.0,463.0,Yes
3456,464,Chole Bhature,Main Course,102.0,22.0,168.0,Yes
3457,464,Rasmalai,Desserts,277.0,3.0,246.0,Yes
3458,464,French Fries,Fast Food,213.0,7.0,401.0,Yes
3459,464,Fried Rice,Main Course,230.0,12.0,382.0,Yes
3460,464,Cheese Pizza,Fast Food,255.0,21.0,627.0,Yes
3461,464,Fried Rice,Main Course,104.0,10.0,597.0,Yes
3462,464,Veg Burger,Fast Food,214.0,15.0,312.0,Yes
3463,465,Tandoori Roti,Breads,253.0,14.0,516.0,Yes
3464,465,Chicken 65,Starters,294.0,18.0,196.0,Yes
3465,465,Cold Coffee,Beverages,231.0,26.0,579.0,Yes
3466,465,Butter Naan,Breads,194.0,4.0,331.0,Yes
3467,465,Lassi,Beverages,135.0,24.0,461.0,Yes
3468,465,Cold Coffee,Beverages,260.0,12.0,431.0,Yes
3469,465,Ice Cream,Desserts,40.0,14.0,177.0,Yes
3470,465,Fish Fingers,Starters,336.0,21.0,463.0,Yes
3471,466,Chole Bhature,Main Course,69.0,16.0,499.0,Yes
3472,466,Masala Chai,Beverages,101.0,14.0,565.0,Yes
3473,466,Momos,Starters,83.0,14.0,277.0,Yes
3474,466,Brownie,Desserts,210.0,24.0,640.0,No
3475,466,Kheer,Desserts,215.0,27.0,455.0,Yes
3476,466,Chicken 65,Starters,56.0,18.0,408.0,Yes
3477,466,Paneer Butter Masala,Main Course,275.0,17.0,344.0,Yes
3478,467,Tandoori Roti,Breads,103.0,15.0,386.0,Yes
3479,467,Biryani,Main Course,233.0,11.0,751.0,Yes
3480,467,Ice Cream,Desserts,98.0,7.0,476.0,Yes
3481,467,Butter Chicken,Main Course,64.0,18.0,296.0,Yes
3482,467,Veg Sandwich,Fast Food,238.0,19.0,571.0,Yes
3483,467,Paneer Tikka,Starters,218.0,18.0,430.0,Yes
3484,467,Chole Bhature,Main Course,92.0,12.0,432.0,Yes
3485,467,Fresh Lime Soda,Beverages,233.0,15.0,368.0,Yes
3486,467,Kheer,Desserts,144.0,21.0,400.0,Yes
3487,468,Chicken 65,Starters,235.0,13.0,391.0,Yes
3488,468,Cold Coffee,Beverages,315.0,34.0,364.0,Yes
3489,468,Veg Burger,Fast Food,298.0,28.0,522.0,Yes
3490,468,Butter Naan,Breads,40.0,6.0,324.0,Yes
3491,468,Dal Makhani,Main Course,135.0,10.0,483.0,Yes
3492,468,Chole Bhature,Main Course,235.0,32.0,308.0,Yes
3493,468,Gulab Jamun,Desserts,121.0,19.0,206.0,No
3494,468,Veg Burger,Fast Food,348.0,15.0,388.0,No
3495,468,Kulcha,Breads,192.0,16.0,358.0,No
3496,469,Gulab Jamun,Desserts,391.0,18.0,472.0,Yes
3497,469,Chole Bhature,Main Course,135.0,22.0,404.0,Yes
3498,469,Cheese Pizza,Fast Food,202.0,21.0,532.0,No
3499,469,Paneer Tikka,Starters,242.0,17.0,400.0,No
3500,469,Paneer Tikka,Starters,79.0,16.0,416.0,Yes
3501,469,Chicken 65,Starters,262.0,3.0,446.0,Yes
3502,469,Veg Manchurian,Starters,110.0,24.0,599.0,Yes
3503,469,Ice Cream,Desserts,175.0,29.0,530.0,Yes
3504,470,Mojito,Beverages,192.0,5.0,457.0,Yes
3505,470,Rasmalai,Desserts,105.0,3.0,235.0,Yes
3506,470,Fried Rice,Main Course,301.0,19.0,584.0,Yes
3507,470,Veg Burger,Fast Food,321.0,20.0,313.0,Yes
3508,470,Rasmalai,Desserts,85.0,17.0,266.0,Yes
3509,470,Veg Sandwich,Fast Food,78.0,12.0,359.0,Yes
3510,470,Lassi,Beverages,158.0,17.0,463.0,Yes
3511,471,Tandoori Roti,Breads,163.0,24.0,507.0,Yes
3512,471,Ice Cream,Desserts,269.0,17.0,214.0,Yes
3513,471,French Fries,Fast Food,158.0,10.0,519.0,Yes
3514,471,Tandoori Roti,Breads,46.0,20.0,430.0,Yes
3515,471,Chicken 65,Starters,245.0,20.0,392.0,Yes
3516,471,Butter Naan,Breads,81.0,31.0,392.0,Yes
3517,472,Rasmalai,Desserts,148.0,18.0,569.0,Yes
3518,472,Gulab Jamun,Desserts,157.0,27.0,430.0,Yes
3519,472,Veg Burger,Fast Food,246.0,20.0,501.0,Yes
3520,472,Veg Burger,Fast Food,258.0,21.0,639.0,Yes
3521,472,Kheer,Desserts,169.0,27.0,306.0,Yes
3522,472,Paneer Butter Masala,Main Course,216.0,11.0,278.0,Yes
3523,472,Veg Burger,Fast Food,298.0,34.0,375.0,No
3524,472,Chicken 65,Starters,89.0,17.0,284.0,Yes
3525,473,Kheer,Desserts,296.0,22.0,487.0,Yes
3526,473,Butter Naan,Breads,169.0,12.0,,Yes
3527,473,Spring Rolls,Starters,170.0,9.0,632.0,Yes
3528,473,Lassi,Beverages,402.0,19.0,453.0,Yes
3529,473,Brownie,Desserts,343.0,15.0,568.0,Yes
3530,473,Butter Chicken,Main Course,128.0,21.0,255.0,Yes
3531,473,Fish Fingers,Starters,156.0,4.0,473.0,Yes
3532,473,Masala Chai,Beverages,215.0,9.0,729.0,Yes
3533,473,Ice Cream,Desserts,186.0,16.0,253.0,Yes
3534,474,Tandoori Roti,Breads,250.0,10.0,514.0,Yes
3535,474,Gulab Jamun,Desserts,101.0,21.0,370.0,Yes
3536,474,Veg Sandwich,Fast Food,250.0,7.0,468.0,Yes
3537,474,Masala Chai,Beverages,91.0,12.0,486.0,Yes
3538,474,Lassi,Beverages,184.0,20.0,512.0,Yes
3539,474,Kheer,Desserts,194.0,16.0,249.0,Yes
3540,474,Veg Sandwich,Fast Food,377.0,22.0,400.0,Yes
3541,474,Dal Makhani,Main Course,151.0,19.0,399.0,No
3542,475,Fish Fingers,Starters,227.0,13.0,651.0,Yes
3543,475,Spring Rolls,Starters,242.0,3.0,443.0,Yes
3544,475,Cold Coffee,Beverages,252.0,7.0,565.0,Yes
3545,475,Butter Naan,Breads,236.0,7.0,374.0,Yes
3546,475,Cheese Pizza,Fast Food,77.0,24.0,247.0,Yes
3547,475,Paneer Tikka,Starters,95.0,18.0,710.0,Yes
3548,475,Kulcha,Breads,289.0,10.0,216.0,Yes
3549,475,Tandoori Roti,Breads,126.0,6.0,518.0,Yes
3550,475,Momos,Starters,239.0,25.0,407.0,Yes
3551,476,Dal Makhani,Main Course,190.0,9.0,441.0,Yes
3552,476,Veg Sandwich,Fast Food,293.0,14.0,460.0,Yes
3553,476,French Fries,Fast Food,186.0,13.0,477.0,Yes
3554,476,Spring Rolls,Starters,343.0,29.0,273.0,Yes
3555,476,Masala Chai,Beverages,190.0,23.0,412.0,Yes
3556,476,Spring Rolls,Starters,64.0,11.0,494.0,No
3557,476,Biryani,Main Course,353.0,12.0,257.0,Yes
3558,476,Ice Cream,Desserts,281.0,19.0,341.0,Yes
3559,477,Veg Sandwich,Fast Food,162.0,16.0,512.0,Yes
3560,477,Paneer Tikka,Starters,200.0,5.0,380.0,No
3561,477,Ice Cream,Desserts,345.0,26.0,588.0,Yes
3562,477,Butter Naan,Breads,104.0,20.0,542.0,Yes
3563,477,Cold Coffee,Beverages,186.0,27.0,271.0,Yes
3564,477,Biryani,Main Course,199.0,13.0,621.0,Yes
3565,478,Butter Naan,Breads,175.0,16.0,229.0,Yes
3566,478,Chicken Burger,Fast Food,254.0,21.0,397.0,Yes
3567,478,Chole Bhature,Main Course,234.0,26.0,430.0,Yes
3568,478,Dal Makhani,Main Course,220.0,22.0,135.0,Yes
3569,478,Lassi,Beverages,222.0,4.0,401.0,Yes
3570,478,Fried Rice,Main Course,230.0,3.0,407.0,Yes
3571,479,French Fries,Fast Food,148.0,16.0,516.0,No
3572,479,Chole Bhature,Main Course,351.0,23.0,,Yes
3573,479,Chole Bhature,Main Course,58.0,28.0,375.0,Yes
3574,479,Cheese Pizza,Fast Food,40.0,8.0,209.0,Yes
3575,479,Cold Coffee,Beverages,79.0,26.0,429.0,Yes
3576,479,Chole Bhature,Main Course,228.0,3.0,515.0,Yes
3577,480,Garlic Naan,Breads,236.0,3.0,213.0,Yes
3578,480,Veg Burger,Fast Food,282.0,13.0,551.0,Yes
3579,480,Butter Naan,Breads,180.0,13.0,379.0,Yes
3580,480,Masala Chai,Beverages,40.0,21.0,220.0,Yes
3581,480,Masala Chai,Beverages,40.0,6.0,263.0,Yes
3582,480,Cheese Pizza,Fast Food,232.0,11.0,512.0,Yes
3583,480,Chicken 65,Starters,259.0,25.0,675.0,Yes
3584,480,Butter Chicken,Main Course,222.0,22.0,303.0,Yes
3585,480,Dal Makhani,Main Course,40.0,20.0,194.0,No
3586,481,French Fries,Fast Food,54.0,8.0,497.0,Yes
3587,481,Fish Fingers,Starters,266.0,19.0,233.0,No
3588,481,Fish Fingers,Starters,154.0,29.0,360.0,Yes
3589,481,Dal Makhani,Main Course,134.0,28.0,742.0,Yes
3590,481,Fish Fingers,Starters,150.0,4.0,411.0,Yes
3591,481,Chicken Burger,Fast Food,149.0,29.0,207.0,Yes
3592,481,Masala Chai,Beverages,97.0,15.0,504.0,Yes
3593,481,Ice Cream,Desserts,84.0,26.0,326.0,Yes
3594,481,Chicken 65,Starters,43.0,11.0,194.0,Yes
3595,482,Fried Rice,Main Course,63.0,33.0,420.0,Yes
3596,482,Gulab Jamun,Desserts,275.0,14.0,491.0,Yes
3597,482,Chole Bhature,Main Course,107.0,31.0,362.0,Yes
3598,482,Spring Rolls,Starters,103.0,7.0,228.0,Yes
3599,482,Biryani,Main Course,65.0,31.0,367.0,Yes
3600,482,Chole Bhature,Main Course,153.0,44.0,628.0,No
3601,482,Chicken Burger,Fast Food,67.0,28.0,346.0,Yes
3602,482,Lassi,Beverages,168.0,13.0,377.0,Yes
3603,483,Veg Burger,Fast Food,125.0,15.0,337.0,Yes
3604,483,Tandoori Roti,Breads,222.0,22.0,420.0,Yes
3605,483,Garlic Naan,Breads,313.0,26.0,597.0,Yes
3606,483,Chicken 65,Starters,113.0,8.0,441.0,Yes
3607,483,Kheer,Desserts,217.0,10.0,449.0,Yes
3608,483,Tandoori Roti,Breads,40.0,15.0,204.0,Yes
3609,483,Lassi,Beverages,217.0,24.0,87.0,Yes
3610,484,Dal Makhani,Main Course,40.0,30.0,224.0,No
3611,484,Paneer Butter Masala,Main Course,130.0,9.0,574.0,Yes
3612,484,Lassi,Beverages,264.0,15.0,501.0,Yes
3613,484,Butter Naan,Breads,205.0,20.0,494.0,Yes
3614,484,Tandoori Roti,Breads,179.0,13.0,533.0,Yes
3615,484,French Fries,Fast Food,194.0,17.0,416.0,Yes
3616,484,Lassi,Beverages,124.0,7.0,305.0,Yes
3617,484,Rasmalai,Desserts,199.0,17.0,236.0,Yes
3618,485,Veg Manchurian,Starters,53.0,8.0,373.0,Yes
3619,485,Lassi,Beverages,323.0,8.0,506.0,No
3620,485,Fish Fingers,Starters,54.0,24.0,297.0,Yes
3621,485,Chole Bhature,Main Course,171.0,23.0,412.0,Yes
3622,485,Lassi,Beverages,201.0,18.0,677.0,Yes
3623,485,Masala Chai,Beverages,65.0,16.0,401.0,Yes
3624,485,Tandoori Roti,Breads,99.0,24.0,334.0,Yes
3625,485,Garlic Naan,Breads,253.0,18.0,345.0,Yes
3626,486,Ice Cream,Desserts,335.0,3.0,492.0,Yes
3627,486,Cold Coffee,Beverages,305.0,6.0,395.0,Yes
3628,486,Fried Rice,Main Course,222.0,11.0,484.0,Yes
3629,486,Chicken 65,Starters,308.0,23.0,681.0,Yes
3630,486,Fried Rice,Main Course,84.0,16.0,171.0,Yes
3631,486,Fried Rice,Main Course,137.0,22.0,439.0,Yes
3632,486,Fried Rice,Main Course,130.0,16.0,102.0,Yes
3633,486,Kulcha,Breads,183.0,30.0,168.0,Yes
3634,486,Rasmalai,Desserts,177.0,28.0,246.0,Yes
3635,487,Lassi,Beverages,162.0,27.0,789.0,Yes
3636,487,Chicken Burger,Fast Food,203.0,20.0,224.0,Yes
3637,487,Paneer Tikka,Starters,212.0,15.0,450.0,Yes
3638,487,Paneer Butter Masala,Main Course,223.0,16.0,594.0,Yes
3639,487,French Fries,Fast Food,229.0,12.0,215.0,Yes
3640,487,Gulab Jamun,Desserts,310.0,26.0,441.0,Yes
3641,488,Momos,Starters,63.0,15.0,478.0,No
3642,488,Paneer Butter Masala,Main Course,96.0,33.0,219.0,Yes
3643,488,Masala Chai,Beverages,73.0,19.0,589.0,Yes
3644,488,Masala Chai,Beverages,40.0,11.0,,Yes
3645,488,Cheese Pizza,Fast Food,297.0,11.0,649.0,Yes
3646,488,Butter Chicken,Main Course,40.0,9.0,344.0,Yes
3647,488,Momos,Starters,220.0,18.0,302.0,Yes
3648,489,Veg Burger,Fast Food,40.0,15.0,369.0,Yes
3649,489,Masala Chai,Beverages,135.0,28.0,360.0,Yes
3650,489,Fried Rice,Main Course,310.0,22.0,482.0,Yes
3651,489,Spring Rolls,Starters,256.0,20.0,340.0,Yes
3652,489,Cold Coffee,Beverages,223.0,24.0,476.0,Yes
3653,489,Fried Rice,Main Course,46.0,24.0,511.0,Yes
3654,489,Dal Makhani,Main Course,256.0,15.0,288.0,Yes
3655,489,Brownie,Desserts,176.0,25.0,183.0,Yes
3656,490,Mojito,Beverages,183.0,3.0,187.0,Yes
3657,490,Fried Rice,Main Course,277.0,20.0,231.0,Yes
3658,490,Rasmalai,Desserts,237.0,13.0,462.0,Yes
3659,490,Masala Chai,Beverages,219.0,23.0,535.0,Yes
3660,490,Rasmalai,Desserts,162.0,16.0,601.0,Yes
3661,490,Kheer,Desserts,101.0,22.0,300.0,Yes
3662,490,Momos,Starters,184.0,32.0,215.0,Yes
3663,490,Tandoori Roti,Breads,50.0,29.0,436.0,Yes
3664,490,Mojito,Beverages,116.0,16.0,369.0,No
3665,491,Cheese Pizza,Fast Food,154.0,28.0,263.0,Yes
3666,491,Chicken 65,Starters,160.0,9.0,368.0,Yes
3667,491,Chicken 65,Starters,121.0,20.0,378.0,Yes
3668,491,Butter Chicken,Main Course,232.0,28.0,223.0,Yes
3669,491,Veg Manchurian,Starters,193.0,5.0,408.0,Yes
3670,491,Fresh Lime Soda,Beverages,229.0,15.0,458.0,Yes
3671,491,Gulab Jamun,Desserts,208.0,22.0,219.0,Yes
3672,491,Garlic Naan,Breads,277.0,15.0,152.0,No
3673,491,Chicken Burger,Fast Food,97.0,7.0,319.0,Yes
3674,492,Chicken 65,Starters,102.0,5.0,149.0,Yes
3675,492,Chicken Burger,Fast Food,177.0,29.0,420.0,Yes
3676,492,Chole Bhature,Main Course,126.0,9.0,208.0,Yes
3677,492,Kulcha,Breads,156.0,16.0,482.0,Yes
3678,492,Ice Cream,Desserts,147.0,29.0,205.0,Yes
3679,492,Momos,Starters,78.0,21.0,326.0,Yes
3680,492,Veg Burger,Fast Food,129.0,11.0,192.0,Yes
3681,493,Paneer Tikka,Starters,40.0,12.0,229.0,Yes
3682,493,French Fries,Fast Food,206.0,17.0,302.0,No
3683,493,Dal Makhani,Main Course,133.0,26.0,277.0,Yes
3684,493,Rasmalai,Desserts,264.0,28.0,443.0,Yes
3685,493,Cold Coffee,Beverages,145.0,16.0,515.0,Yes
3686,493,Paneer Tikka,Starters,149.0,37.0,281.0,Yes
3687,493,Chole Bhature,Main Course,242.0,25.0,153.0,Yes
3688,494,Kulcha,Breads,198.0,15.0,351.0,Yes
3689,494,Spring Rolls,Starters,269.0,16.0,615.0,Yes
3690,494,Veg Manchurian,Starters,66.0,8.0,353.0,Yes
3691,494,Veg Manchurian,Starters,123.0,11.0,55.0,Yes
3692,494,Butter Naan,Breads,273.0,20.0,477.0,No
3693,494,Chicken 65,Starters,110.0,22.0,726.0,Yes
3694,494,Momos,Starters,232.0,18.0,415.0,Yes
3695,494,Momos,Starters,290.0,8.0,383.0,Yes
3696,495,Veg Manchurian,Starters,183.0,20.0,290.0,Yes
3697,495,Kheer,Desserts,40.0,18.0,754.0,Yes
3698,495,Veg Burger,Fast Food,218.0,8.0,325.0,Yes
3699,495,Rasmalai,Desserts,155.0,30.0,380.0,Yes
3700,495,Mojito,Beverages,278.0,19.0,412.0,Yes
3701,495,Garlic Naan,Breads,89.0,24.0,318.0,Yes
3702,495,French Fries,Fast Food,281.0,18.0,,No
3703,495,Veg Manchurian,Starters,113.0,14.0,331.0,Yes
3704,495,Chicken Burger,Fast Food,184.0,30.0,183.0,Yes
3705,496,Chicken Burger,Fast Food,191.0,32.0,223.0,No
3706,496,Kulcha,Breads,142.0,24.0,218.0,Yes
3707,496,Garlic Naan,Breads,316.0,28.0,440.0,Yes
3708,496,Butter Naan,Breads,40.0,14.0,548.0,Yes
3709,496,Rasmalai,Desserts,146.0,18.0,704.0,Yes
3710,496,Fresh Lime Soda,Beverages,208.0,19.0,343.0,Yes
3711,496,Biryani,Main Course,321.0,26.0,328.0,Yes
3712,496,Chicken Burger,Fast Food,114.0,11.0,330.0,Yes
3713,497,Lassi,Beverages,110.0,18.0,527.0,No
3714,497,Veg Manchurian,Starters,108.0,12.0,309.0,Yes
3715,497,Momos,Starters,209.0,9.0,177.0,Yes
3716,497,Paneer Butter Masala,Main Course,158.0,18.0,379.0,Yes
3717,497,Fried Rice,Main Course,170.0,24.0,576.0,Yes
3718,497,Gulab Jamun,Desserts,174.0,18.0,675.0,Yes
3719,497,Lassi,Beverages,157.0,14.0,197.0,Yes
3720,497,Garlic Naan,Breads,241.0,6.0,304.0,Yes
3721,498,Veg Manchurian,Starters,88.0,7.0,626.0,Yes
3722,498,Cheese Pizza,Fast Food,192.0,5.0,447.0,Yes
3723,498,Paneer Tikka,Starters,270.0,21.0,569.0,Yes
3724,498,Tandoori Roti,Breads,230.0,24.0,385.0,Yes
3725,498,Lassi,Beverages,315.0,24.0,442.0,Yes
3726,498,Tandoori Roti,Breads,103.0,26.0,578.0,Yes
3727,498,Veg Manchurian,Starters,373.0,17.0,460.0,Yes
3728,499,Paneer Tikka,Starters,214.0,3.0,529.0,Yes
3729,499,Garlic Naan,Breads,223.0,14.0,277.0,Yes
3730,499,Tandoori Roti,Breads,77.0,23.0,298.0,Yes
3731,499,Ice Cream,Desserts,227.0,17.0,442.0,Yes
3732,499,Butter Chicken,Main Course,298.0,22.0,465.0,Yes
3733,499,Brownie,Desserts,132.0,22.0,396.0,Yes
3734,500,Chicken Burger,Fast Food,63.0,16.0,583.0,Yes
3735,500,Butter Chicken,Main Course,100.0,20.0,384.0,Yes
3736,500,French Fries,Fast Food,181.0,16.0,441.0,Yes
3737,500,Paneer Tikka,Starters,88.0,22.0,334.0,Yes
3738,500,Veg Sandwich,Fast Food,196.0,19.0,439.0,Yes
3739,500,Dal Makhani,Main Course,159.0,7.0,318.0,Yes
3740,501,Momos,Starters,148.0,4.0,319.0,Yes
3741,501,Fish Fingers,Starters,279.0,9.0,514.0,Yes
3742,501,Kulcha,Breads,130.0,13.0,371.0,Yes
3743,501,Butter Chicken,Main Course,208.0,14.0,321.0,Yes
3744,501,Gulab Jamun,Desserts,304.0,19.0,189.0,Yes
3745,501,Tandoori Roti,Breads,40.0,29.0,538.0,Yes
3746,501,Veg Sandwich,Fast Food,196.0,19.0,398.0,Yes
3747,502,Lassi,Beverages,188.0,19.0,556.0,Yes
3748,502,Fresh Lime Soda,Beverages,265.0,19.0,432.0,Yes
3749,502,Rasmalai,Desserts,255.0,22.0,387.0,Yes
3750,502,Tandoori Roti,Breads,40.0,23.0,567.0,Yes
3751,502,Brownie,Desserts,156.0,9.0,540.0,Yes
3752,502,French Fries,Fast Food,265.0,11.0,471.0,Yes
3753,502,Cold Coffee,Beverages,138.0,20.0,609.0,Yes
3754,503,Veg Manchurian,Starters,222.0,13.0,319.0,Yes
3755,503,Brownie,Desserts,358.0,28.0,334.0,Yes
3756,503,Veg Sandwich,Fast Food,170.0,15.0,428.0,Yes
3757,503,Spring Rolls,Starters,251.0,22.0,505.0,Yes
3758,503,Biryani,Main Course,116.0,18.0,527.0,Yes
3759,503,Paneer Butter Masala,Main Course,316.0,3.0,469.0,Yes
3760,503,Chicken 65,Starters,289.0,3.0,604.0,Yes
3761,503,Veg Sandwich,Fast Food,378.0,19.0,481.0,Yes
3762,504,Fried Rice,Main Course,92.0,34.0,442.0,Yes
3763,504,Lassi,Beverages,40.0,25.0,263.0,Yes
3764,504,Masala Chai,Beverages,134.0,20.0,403.0,Yes
3765,504,Butter Naan,Breads,209.0,21.0,601.0,Yes
3766,504,Tandoori Roti,Breads,58.0,22.0,425.0,Yes
3767,504,Butter Naan,Breads,159.0,7.0,459.0,Yes
3768,504,Tandoori Roti,Breads,94.0,4.0,,Yes
3769,505,Ice Cream,Desserts,233.0,12.0,121.0,No
3770,505,Mojito,Beverages,177.0,27.0,291.0,Yes
3771,505,Cold Coffee,Beverages,56.0,5.0,293.0,No
3772,505,Fried Rice,Main Course,182.0,14.0,438.0,Yes
3773,505,Cheese Pizza,Fast Food,189.0,25.0,379.0,Yes
3774,505,Paneer Butter Masala,Main Course,235.0,18.0,427.0,No
3775,505,Fish Fingers,Starters,195.0,9.0,387.0,Yes
3776,505,Paneer Butter Masala,Main Course,123.0,11.0,459.0,Yes
3777,505,Fresh Lime Soda,Beverages,224.0,12.0,504.0,Yes
3778,506,Chole Bhature,Main Course,139.0,25.0,728.0,Yes
3779,506,Veg Burger,Fast Food,223.0,17.0,296.0,Yes
3780,506,Tandoori Roti,Breads,198.0,10.0,364.0,Yes
3781,506,Paneer Tikka,Starters,99.0,24.0,320.0,Yes
3782,506,Mojito,Beverages,177.0,4.0,348.0,Yes
3783,506,Momos,Starters,146.0,10.0,355.0,Yes
3784,506,Brownie,Desserts,40.0,8.0,149.0,No
3785,506,Momos,Starters,248.0,17.0,50.0,Yes
3786,507,Lassi,Beverages,269.0,21.0,383.0,No
3787,507,Garlic Naan,Breads,210.0,16.0,346.0,Yes
3788,507,Kheer,Desserts,187.0,18.0,277.0,Yes
3789,507,Butter Chicken,Main Course,246.0,11.0,354.0,Yes
3790,507,Garlic Naan,Breads,256.0,26.0,541.0,Yes
3791,507,Kheer,Desserts,40.0,16.0,226.0,Yes
3792,507,Fresh Lime Soda,Beverages,85.0,12.0,356.0,Yes
3793,507,Chicken 65,Starters,129.0,3.0,438.0,Yes
3794,508,Chicken Burger,Fast Food,171.0,27.0,386.0,Yes
3795,508,Cold Coffee,Beverages,40.0,7.0,145.0,Yes
3796,508,Lassi,Beverages,155.0,30.0,474.0,Yes
3797,508,Garlic Naan,Breads,192.0,9.0,464.0,Yes
3798,508,French Fries,Fast Food,153.0,20.0,476.0,Yes
3799,508,French Fries,Fast Food,137.0,20.0,676.0,Yes
3800,509,Kulcha,Breads,293.0,25.0,757.0,Yes
3801,509,Chicken Burger,Fast Food,356.0,30.0,243.0,Yes
3802,509,Mojito,Beverages,73.0,7.0,528.0,Yes
3803,509,Tandoori Roti,Breads,247.0,21.0,240.0,Yes
3804,509,Veg Burger,Fast Food,266.0,15.0,368.0,Yes
3805,509,Veg Sandwich,Fast Food,244.0,16.0,386.0,No
3806,509,Brownie,Desserts,52.0,5.0,553.0,Yes
3807,509,Butter Naan,Breads,208.0,10.0,452.0,Yes
3808,509,Brownie,Desserts,182.0,8.0,383.0,Yes
3809,510,French Fries,Fast Food,204.0,4.0,533.0,Yes
3810,510,Chicken 65,Starters,198.0,31.0,590.0,Yes
3811,510,Fresh Lime Soda,Beverages,325.0,12.0,488.0,Yes
3812,510,Fish Fingers,Starters,186.0,30.0,605.0,No
3813,510,Brownie,Desserts,331.0,16.0,215.0,Yes
3814,510,Mojito,Beverages,99.0,21.0,216.0,Yes
3815,510,Butter Chicken,Main Course,198.0,16.0,57.0,Yes
3816,510,Cheese Pizza,Fast Food,203.0,23.0,580.0,Yes
3817,510,Masala Chai,Beverages,130.0,9.0,341.0,Yes
3818,511,Gulab Jamun,Desserts,71.0,22.0,416.0,No
3819,511,Mojito,Beverages,72.0,14.0,634.0,Yes
3820,511,Tandoori Roti,Breads,174.0,12.0,320.0,Yes
3821,511,Fresh Lime Soda,Beverages,195.0,32.0,242.0,Yes
3822,511,Dal Makhani,Main Course,308.0,15.0,593.0,Yes
3823,511,Kheer,Desserts,75.0,30.0,667.0,No
3824,512,Tandoori Roti,Breads,347.0,17.0,400.0,Yes
3825,512,Chicken 65,Starters,113.0,10.0,534.0,Yes
3826,512,Cheese Pizza,Fast Food,181.0,21.0,463.0,Yes
3827,512,Butter Chicken,Main Course,63.0,8.0,517.0,No
3828,512,Rasmalai,Desserts,218.0,17.0,459.0,Yes
3829,512,Dal Makhani,Main Course,310.0,25.0,439.0,Yes
3830,512,Brownie,Desserts,220.0,29.0,338.0,Yes
3831,512,Dal Makhani,Main Course,200.0,17.0,304.0,Yes
3832,512,Fresh Lime Soda,Beverages,161.0,9.0,559.0,Yes
3833,513,Fresh Lime Soda,Beverages,140.0,19.0,556.0,Yes
3834,513,Brownie,Desserts,304.0,18.0,385.0,Yes
3835,513,Fresh Lime Soda,Beverages,243.0,21.0,228.0,Yes
3836,513,Kulcha,Breads,328.0,19.0,522.0,Yes
3837,513,Tandoori Roti,Breads,211.0,22.0,375.0,No
3838,513,Paneer Butter Masala,Main Course,242.0,23.0,527.0,No
3839,513,Fresh Lime Soda,Beverages,56.0,8.0,418.0,Yes
3840,513,Masala Chai,Beverages,143.0,27.0,268.0,Yes
3841,514,Kulcha,Breads,260.0,4.0,172.0,Yes
3842,514,Chicken 65,Starters,177.0,20.0,496.0,Yes
3843,514,Veg Burger,Fast Food,267.0,20.0,387.0,Yes
3844,514,Fresh Lime Soda,Beverages,108.0,3.0,502.0,Yes
3845,514,Chole Bhature,Main Course,100.0,19.0,530.0,Yes
3846,514,Chicken Burger,Fast Food,451.0,17.0,233.0,Yes
3847,514,Rasmalai,Desserts,193.0,3.0,375.0,No
3848,515,Mojito,Beverages,181.0,19.0,581.0,Yes
3849,515,French Fries,Fast Food,244.0,12.0,601.0,Yes
3850,515,Cold Coffee,Beverages,294.0,11.0,153.0,Yes
3851,515,Paneer Butter Masala,Main Course,40.0,22.0,553.0,Yes
3852,515,Butter Chicken,Main Course,143.0,17.0,482.0,Yes
3853,515,Mojito,Beverages,207.0,20.0,717.0,Yes
3854,515,Cheese Pizza,Fast Food,165.0,19.0,315.0,Yes
3855,515,Spring Rolls,Starters,278.0,30.0,435.0,Yes
3856,516,Lassi,Beverages,215.0,29.0,341.0,Yes
3857,516,Veg Burger,Fast Food,208.0,5.0,420.0,Yes
3858,516,Ice Cream,Desserts,161.0,27.0,374.0,Yes
3859,516,Gulab Jamun,Desserts,151.0,30.0,370.0,Yes
3860,516,Gulab Jamun,Desserts,237.0,29.0,312.0,Yes
3861,516,Paneer Butter Masala,Main Course,257.0,12.0,497.0,Yes
3862,517,Tandoori Roti,Breads,258.0,13.0,59.0,Yes
3863,517,Kheer,Desserts,84.0,19.0,240.0,Yes
3864,517,Cheese Pizza,Fast Food,142.0,22.0,357.0,Yes
3865,517,French Fries,Fast Food,187.0,12.0,682.0,Yes
3866,517,Chicken Burger,Fast Food,115.0,17.0,481.0,Yes
3867,517,Butter Chicken,Main Course,85.0,18.0,368.0,Yes
3868,517,Rasmalai,Desserts,249.0,18.0,312.0,Yes
3869,517,Butter Naan,Breads,206.0,26.0,355.0,Yes
3870,518,Chole Bhature,Main Course,185.0,17.0,459.0,Yes
3871,518,French Fries,Fast Food,111.0,32.0,604.0,Yes
3872,518,Kulcha,Breads,149.0,34.0,50.0,Yes
3873,518,Lassi,Beverages,258.0,47.0,363.0,No
3874,518,Fresh Lime Soda,Beverages,259.0,25.0,367.0,Yes
3875,518,Butter Naan,Breads,230.0,31.0,271.0,Yes
3876,519,Masala Chai,Beverages,226.0,25.0,299.0,Yes
3877,519,Paneer Butter Masala,Main Course,191.0,22.0,298.0,Yes
3878,519,Kulcha,Breads,315.0,20.0,299.0,Yes
3879,519,Veg Sandwich,Fast Food,80.0,16.0,358.0,Yes
3880,519,Fried Rice,Main Course,219.0,8.0,310.0,Yes
3881,519,Chicken Burger,Fast Food,319.0,5.0,314.0,Yes
3882,519,Chicken 65,Starters,73.0,19.0,511.0,Yes
3883,520,Veg Manchurian,Starters,503.0,26.0,221.0,Yes
3884,520,Spring Rolls,Starters,232.0,17.0,332.0,Yes
3885,520,Butter Naan,Breads,182.0,25.0,525.0,Yes
3886,520,Momos,Starters,58.0,18.0,250.0,Yes
3887,520,Chole Bhature,Main Course,194.0,14.0,522.0,Yes
3888,520,Veg Burger,Fast Food,155.0,12.0,409.0,Yes
3889,520,Paneer Tikka,Starters,178.0,16.0,333.0,Yes
3890,521,Brownie,Desserts,40.0,33.0,198.0,Yes
3891,521,Cold Coffee,Beverages,201.0,21.0,726.0,Yes
3892,521,Fried Rice,Main Course,388.0,21.0,246.0,Yes
3893,521,Rasmalai,Desserts,90.0,13.0,,Yes
3894,521,Kulcha,Breads,138.0,10.0,413.0,Yes
3895,521,Mojito,Beverages,104.0,29.0,274.0,Yes
3896,522,Kheer,Desserts,118.0,18.0,204.0,No
3897,522,Butter Chicken,Main Course,146.0,5.0,391.0,Yes
3898,522,Chole Bhature,Main Course,105.0,14.0,420.0,No
3899,522,Masala Chai,Beverages,143.0,23.0,251.0,Yes
3900,522,Paneer Tikka,Starters,137.0,15.0,521.0,Yes
3901,522,Tandoori Roti,Breads,275.0,10.0,339.0,No
3902,522,Paneer Butter Masala,Main Course,40.0,17.0,406.0,Yes
3903,523,Chicken Burger,Fast Food,307.0,16.0,381.0,Yes
3904,523,Fried Rice,Main Course,139.0,22.0,438.0,Yes
3905,523,Butter Chicken,Main Course,218.0,35.0,176.0,No
3906,523,Lassi,Beverages,40.0,23.0,393.0,Yes
3907,523,Fried Rice,Main Course,128.0,26.0,425.0,Yes
3908,523,Paneer Butter Masala,Main Course,143.0,25.0,512.0,Yes
3909,523,Tandoori Roti,Breads,238.0,7.0,276.0,Yes
3910,524,Veg Manchurian,Starters,206.0,21.0,610.0,No
3911,524,Gulab Jamun,Desserts,128.0,17.0,575.0,Yes
3912,524,Dal Makhani,Main Course,167.0,19.0,393.0,Yes
3913,524,Biryani,Main Course,231.0,22.0,158.0,Yes
3914,524,Chicken Burger,Fast Food,238.0,31.0,191.0,Yes
3915,524,Tandoori Roti,Breads,210.0,22.0,201.0,Yes
3916,524,Fried Rice,Main Course,111.0,12.0,432.0,No
3917,524,Cheese Pizza,Fast Food,57.0,12.0,454.0,Yes
3918,524,Mojito,Beverages,257.0,18.0,242.0,Yes
3919,525,Spring Rolls,Starters,155.0,19.0,628.0,Yes
3920,525,Chicken 65,Starters,218.0,34.0,524.0,Yes
3921,525,Paneer Tikka,Starters,289.0,12.0,514.0,Yes
3922,525,Fried Rice,Main Course,196.0,37.0,347.0,Yes
3923,525,Spring Rolls,Starters,340.0,31.0,313.0,Yes
3924,525,Butter Chicken,Main Course,208.0,6.0,671.0,Yes
3925,526,Fresh Lime Soda,Beverages,40.0,5.0,376.0,Yes
3926,526,Spring Rolls,Starters,95.0,10.0,348.0,Yes
3927,526,Butter Naan,Breads,266.0,25.0,468.0,Yes
3928,526,Chole Bhature,Main Course,224.0,18.0,555.0,Yes
3929,526,Brownie,Desserts,191.0,11.0,359.0,Yes
3930,526,Cheese Pizza,Fast Food,201.0,24.0,449.0,Yes
3931,526,Paneer Butter Masala,Main Course,69.0,24.0,344.0,No
3932,526,Rasmalai,Desserts,227.0,5.0,486.0,Yes
3933,527,Cheese Pizza,Fast Food,267.0,13.0,460.0,Yes
3934,527,Gulab Jamun,Desserts,197.0,12.0,542.0,Yes
3935,527,Butter Chicken,Main Course,160.0,14.0,489.0,No
3936,527,Cold Coffee,Beverages,198.0,23.0,423.0,Yes
3937,527,Chicken Burger,Fast Food,217.0,17.0,300.0,Yes
3938,527,Spring Rolls,Starters,115.0,12.0,323.0,Yes
3939,528,Butter Naan,Breads,456.0,22.0,293.0,No
3940,528,Lassi,Beverages,271.0,33.0,322.0,Yes
3941,528,Kheer,Desserts,138.0,3.0,357.0,Yes
3942,528,Garlic Naan,Breads,252.0,15.0,244.0,Yes
3943,528,Brownie,Desserts,46.0,20.0,306.0,Yes
3944,528,Gulab Jamun,Desserts,362.0,18.0,283.0,Yes
3945,528,Butter Naan,Breads,259.0,34.0,671.0,No
3946,528,Rasmalai,Desserts,97.0,7.0,205.0,Yes
3947,528,Chicken 65,Starters,242.0,15.0,297.0,No
3948,529,Brownie,Desserts,254.0,10.0,552.0,Yes
3949,529,Cheese Pizza,Fast Food,89.0,15.0,,Yes
3950,529,Veg Sandwich,Fast Food,191.0,9.0,627.0,Yes
3951,529,Veg Sandwich,Fast Food,282.0,29.0,143.0,Yes
3952,529,Chicken Burger,Fast Food,206.0,12.0,309.0,Yes
3953,529,Veg Burger,Fast Food,237.0,3.0,423.0,Yes
3954,529,Paneer Tikka,Starters,317.0,19.0,564.0,Yes
3955,529,Fried Rice,Main Course,190.0,11.0,689.0,Yes
3956,530,Chicken Burger,Fast Food,162.0,7.0,191.0,Yes
3957,530,Gulab Jamun,Desserts,163.0,24.0,398.0,Yes
3958,530,Kheer,Desserts,45.0,18.0,563.0,Yes
3959,530,Tandoori Roti,Breads,168.0,29.0,274.0,Yes
3960,530,Kheer,Desserts,260.0,21.0,479.0,Yes
3961,530,Rasmalai,Desserts,220.0,15.0,445.0,Yes
3962,530,Kulcha,Breads,141.0,20.0,443.0,Yes
3963,530,Paneer Butter Masala,Main Course,159.0,16.0,185.0,Yes
3964,530,Veg Manchurian,Starters,184.0,22.0,436.0,Yes
3965,531,Butter Naan,Breads,192.0,6.0,457.0,Yes
3966,531,Paneer Tikka,Starters,69.0,11.0,226.0,Yes
3967,531,Garlic Naan,Breads,87.0,19.0,196.0,Yes
3968,531,Fish Fingers,Starters,69.0,30.0,679.0,Yes
3969,531,Garlic Naan,Breads,269.0,15.0,570.0,Yes
3970,531,Cheese Pizza,Fast Food,228.0,3.0,574.0,Yes
3971,532,Chicken Burger,Fast Food,67.0,13.0,445.0,Yes
3972,532,Kheer,Desserts,206.0,21.0,579.0,Yes
3973,532,Paneer Tikka,Starters,204.0,19.0,630.0,Yes
3974,532,Brownie,Desserts,172.0,17.0,467.0,Yes
3975,532,Biryani,Main Course,360.0,12.0,142.0,Yes
3976,532,Butter Chicken,Main Course,179.0,29.0,487.0,Yes
3977,532,Garlic Naan,Breads,133.0,18.0,252.0,Yes
3978,532,Paneer Tikka,Starters,40.0,15.0,250.0,Yes
3979,532,Cold Coffee,Beverages,151.0,6.0,658.0,Yes
3980,533,Butter Naan,Breads,265.0,13.0,406.0,Yes
3981,533,Veg Burger,Fast Food,275.0,20.0,347.0,Yes
3982,533,Cold Coffee,Beverages,222.0,15.0,378.0,Yes
3983,533,Ice Cream,Desserts,337.0,21.0,388.0,Yes
3984,533,Momos,Starters,90.0,22.0,555.0,Yes
3985,533,Dal Makhani,Main Course,283.0,38.0,252.0,Yes
3986,533,Biryani,Main Course,40.0,25.0,220.0,Yes
3987,533,French Fries,Fast Food,75.0,22.0,447.0,Yes
3988,534,Veg Sandwich,Fast Food,122.0,11.0,404.0,Yes
3989,534,Cheese Pizza,Fast Food,136.0,18.0,250.0,Yes
3990,534,Fried Rice,Main Course,100.0,5.0,,Yes
3991,534,Brownie,Desserts,121.0,23.0,69.0,No
3992,534,Chole Bhature,Main Course,55.0,16.0,298.0,Yes
3993,534,Fresh Lime Soda,Beverages,82.0,15.0,357.0,Yes
3994,535,Biryani,Main Course,258.0,20.0,568.0,Yes
3995,535,Garlic Naan,Breads,318.0,12.0,565.0,Yes
3996,535,Veg Sandwich,Fast Food,258.0,17.0,478.0,Yes
3997,535,Paneer Butter Masala,Main Course,197.0,17.0,438.0,Yes
3998,535,Mojito,Beverages,209.0,26.0,243.0,Yes
3999,535,Cheese Pizza,Fast Food,248.0,8.0,387.0,Yes
4000,535,Cheese Pizza,Fast Food,203.0,3.0,356.0,Yes
4001,535,Lassi,Beverages,220.0,17.0,262.0,Yes
4002,536,Paneer Butter Masala,Main Course,245.0,11.0,431.0,Yes
4003,536,Spring Rolls,Starters,170.0,17.0,425.0,Yes
4004,536,Mojito,Beverages,124.0,25.0,278.0,Yes
4005,536,Garlic Naan,Breads,255.0,15.0,101.0,Yes
4006,536,Tandoori Roti,Breads,109.0,28.0,573.0,No
4007,536,Biryani,Main Course,40.0,12.0,108.0,Yes
4008,536,Biryani,Main Course,189.0,12.0,453.0,Yes
4009,536,Biryani,Main Course,240.0,30.0,658.0,Yes
4010,536,Dal Makhani,Main Course,353.0,25.0,377.0,Yes
4011,537,Paneer Tikka,Starters,40.0,11.0,196.0,Yes
4012,537,Spring Rolls,Starters,221.0,34.0,266.0,Yes
4013,537,Kheer,Desserts,46.0,9.0,664.0,Yes
4014,537,Chicken Burger,Fast Food,293.0,26.0,198.0,Yes
4015,537,Kulcha,Breads,263.0,18.0,528.0,No
4016,537,Spring Rolls,Starters,84.0,17.0,311.0,Yes
4017,537,Paneer Tikka,Starters,242.0,35.0,204.0,Yes
4018,537,Butter Chicken,Main Course,161.0,26.0,338.0,Yes
4019,537,Tandoori Roti,Breads,105.0,18.0,339.0,No
4020,538,Butter Naan,Breads,337.0,20.0,475.0,Yes
4021,538,Mojito,Beverages,102.0,19.0,390.0,Yes
4022,538,Veg Sandwich,Fast Food,241.0,23.0,315.0,Yes
4023,538,Veg Manchurian,Starters,191.0,25.0,307.0,Yes
4024,538,Cold Coffee,Beverages,351.0,8.0,361.0,Yes
4025,538,Garlic Naan,Breads,99.0,22.0,401.0,Yes
4026,538,Masala Chai,Beverages,58.0,34.0,312.0,Yes
4027,538,Kulcha,Breads,40.0,19.0,418.0,Yes
4028,539,Chicken Burger,Fast Food,123.0,11.0,396.0,Yes
4029,539,Gulab Jamun,Desserts,85.0,24.0,515.0,Yes
4030,539,Cold Coffee,Beverages,186.0,8.0,231.0,Yes
4031,539,French Fries,Fast Food,212.0,21.0,403.0,Yes
4032,539,Veg Burger,Fast Food,227.0,22.0,403.0,Yes
4033,539,Cheese Pizza,Fast Food,187.0,4.0,404.0,Yes
4034,539,Tandoori Roti,Breads,165.0,11.0,488.0,Yes
4035,539,Ice Cream,Desserts,174.0,20.0,102.0,Yes
4036,539,Brownie,Desserts,164.0,23.0,342.0,Yes
4037,540,Chicken 65,Starters,164.0,19.0,398.0,Yes
4038,540,Masala Chai,Beverages,298.0,22.0,469.0,Yes
4039,540,Chicken 65,Starters,209.0,27.0,465.0,Yes
4040,540,Tandoori Roti,Breads,82.0,26.0,284.0,Yes
4041,540,Paneer Tikka,Starters,231.0,8.0,150.0,Yes
4042,540,Veg Manchurian,Starters,155.0,31.0,250.0,Yes
4043,541,Cheese Pizza,Fast Food,81.0,12.0,109.0,Yes
4044,541,Brownie,Desserts,299.0,32.0,374.0,No
4045,541,Mojito,Beverages,111.0,14.0,247.0,Yes
4046,541,Momos,Starters,188.0,25.0,,Yes
4047,541,Veg Manchurian,Starters,110.0,10.0,489.0,Yes
4048,541,Kheer,Desserts,156.0,17.0,357.0,No
4049,541,Tandoori Roti,Breads,204.0,22.0,398.0,Yes
4050,541,Ice Cream,Desserts,115.0,26.0,376.0,Yes
4051,541,Cold Coffee,Beverages,308.0,9.0,325.0,Yes
4052,542,Butter Chicken,Main Course,54.0,23.0,462.0,Yes
4053,542,Garlic Naan,Breads,229.0,15.0,516.0,No
4054,542,Garlic Naan,Breads,230.0,13.0,687.0,Yes
4055,542,Fish Fingers,Starters,182.0,19.0,532.0,Yes
4056,542,Cheese Pizza,Fast Food,111.0,17.0,297.0,Yes
4057,542,Spring Rolls,Starters,70.0,22.0,50.0,Yes
4058,542,Fresh Lime Soda,Beverages,41.0,24.0,172.0,Yes
4059,542,Chicken Burger,Fast Food,125.0,20.0,475.0,Yes
4060,542,Tandoori Roti,Breads,225.0,23.0,240.0,Yes
4061,543,Momos,Starters,225.0,14.0,50.0,Yes
4062,543,Cheese Pizza,Fast Food,327.0,14.0,400.0,Yes
4063,543,Cold Coffee,Beverages,107.0,22.0,337.0,Yes
4064,543,Spring Rolls,Starters,111.0,38.0,50.0,Yes
4065,543,Mojito,Beverages,132.0,19.0,220.0,Yes
4066,543,Garlic Naan,Breads,111.0,19.0,50.0,Yes
4067,544,Gulab Jamun,Desserts,312.0,19.0,421.0,Yes
4068,544,Butter Naan,Breads,177.0,13.0,353.0,Yes
4069,544,Fresh Lime Soda,Beverages,189.0,13.0,341.0,Yes
4070,544,Kheer,Desserts,216.0,6.0,483.0,Yes
4071,544,Veg Burger,Fast Food,391.0,34.0,444.0,Yes
4072,544,Butter Chicken,Main Course,67.0,29.0,371.0,Yes
4073,544,Fresh Lime Soda,Beverages,308.0,11.0,311.0,Yes
4074,544,Butter Naan,Breads,223.0,12.0,681.0,Yes
4075,544,Chicken Burger,Fast Food,230.0,32.0,229.0,Yes
4076,545,Lassi,Beverages,101.0,39.0,158.0,Yes
4077,545,Paneer Tikka,Starters,302.0,19.0,336.0,Yes
4078,545,Butter Chicken,Main Course,269.0,31.0,410.0,Yes
4079,545,Butter Naan,Breads,205.0,19.0,388.0,Yes
4080,545,Spring Rolls,Starters,40.0,11.0,586.0,Yes
4081,545,Veg Sandwich,Fast Food,132.0,9.0,346.0,Yes
4082,545,Gulab Jamun,Desserts,157.0,6.0,375.0,Yes
4083,546,Dal Makhani,Main Course,188.0,12.0,447.0,Yes
4084,546,Kheer,Desserts,430.0,15.0,215.0,Yes
4085,546,Chicken Burger,Fast Food,274.0,25.0,572.0,Yes
4086,546,Paneer Butter Masala,Main Course,211.0,13.0,423.0,Yes
4087,546,Rasmalai,Desserts,128.0,28.0,550.0,Yes
4088,546,Masala Chai,Beverages,40.0,14.0,525.0,Yes
4089,547,Cheese Pizza,Fast Food,69.0,18.0,136.0,No
4090,547,French Fries,Fast Food,143.0,17.0,223.0,Yes
4091,547,Cold Coffee,Beverages,191.0,22.0,261.0,Yes
4092,547,Tandoori Roti,Breads,244.0,26.0,370.0,No
4093,547,Garlic Naan,Breads,40.0,12.0,441.0,Yes
4094,547,Ice Cream,Desserts,76.0,16.0,271.0,Yes
4095,547,Rasmalai,Desserts,178.0,16.0,393.0,Yes
4096,548,French Fries,Fast Food,223.0,15.0,648.0,Yes
4097,548,Paneer Tikka,Starters,306.0,21.0,472.0,No
4098,548,Tandoori Roti,Breads,130.0,20.0,481.0,Yes
4099,548,Spring Rolls,Starters,230.0,26.0,460.0,Yes
4100,548,Kulcha,Breads,208.0,28.0,414.0,Yes
4101,548,Biryani,Main Course,125.0,22.0,499.0,Yes
4102,548,Masala Chai,Beverages,146.0,15.0,419.0,Yes
4103,549,Veg Sandwich,Fast Food,294.0,14.0,191.0,Yes
4104,549,Biryani,Main Course,47.0,7.0,222.0,Yes
4105,549,Cold Coffee,Beverages,132.0,13.0,474.0,Yes
4106,549,Butter Naan,Breads,293.0,25.0,293.0,Yes
4107,549,Chole Bhature,Main Course,126.0,37.0,172.0,Yes
4108,549,Tandoori Roti,Breads,262.0,11.0,517.0,Yes
4109,549,Cheese Pizza,Fast Food,286.0,19.0,561.0,Yes
4110,550,French Fries,Fast Food,478.0,7.0,560.0,Yes
4111,550,Paneer Butter Masala,Main Course,285.0,6.0,455.0,Yes
4112,550,Kulcha,Breads,166.0,23.0,435.0,Yes
4113,550,Veg Sandwich,Fast Food,257.0,11.0,726.0,Yes
4114,550,Veg Manchurian,Starters,199.0,31.0,470.0,Yes
4115,550,Cheese Pizza,Fast Food,300.0,18.0,585.0,Yes
4116,550,Dal Makhani,Main Course,91.0,26.0,292.0,Yes
4117,550,Cheese Pizza,Fast Food,165.0,9.0,302.0,Yes
4118,551,Veg Sandwich,Fast Food,153.0,22.0,454.0,Yes
4119,551,Fried Rice,Main Course,146.0,22.0,472.0,Yes
4120,551,Veg Burger,Fast Food,149.0,14.0,349.0,Yes
4121,551,Butter Chicken,Main Course,363.0,12.0,565.0,Yes
4122,551,Masala Chai,Beverages,112.0,14.0,472.0,Yes
4123,551,Veg Manchurian,Starters,241.0,20.0,506.0,Yes
4124,551,Paneer Butter Masala,Main Course,238.0,23.0,321.0,Yes
4125,551,Fried Rice,Main Course,152.0,18.0,569.0,Yes
4126,552,Chole Bhature,Main Course,241.0,18.0,427.0,Yes
4127,552,Brownie,Desserts,84.0,16.0,325.0,Yes
4128,552,Spring Rolls,Starters,259.0,19.0,584.0,Yes
4129,552,Kheer,Desserts,388.0,24.0,,Yes
4130,552,Masala Chai,Beverages,162.0,4.0,667.0,Yes
4131,552,Kulcha,Breads,386.0,10.0,338.0,Yes
4132,552,Gulab Jamun,Desserts,129.0,11.0,180.0,Yes
4133,553,Fresh Lime Soda,Beverages,256.0,9.0,399.0,Yes
4134,553,Cold Coffee,Beverages,109.0,4.0,306.0,Yes
4135,553,Kheer,Desserts,51.0,18.0,490.0,Yes
4136,553,Veg Sandwich,Fast Food,232.0,20.0,497.0,Yes
4137,553,Chicken Burger,Fast Food,95.0,15.0,353.0,Yes
4138,553,Cheese Pizza,Fast Food,49.0,11.0,233.0,Yes
4139,553,Ice Cream,Desserts,166.0,22.0,336.0,Yes
4140,554,French Fries,Fast Food,93.0,18.0,335.0,Yes
4141,554,Tandoori Roti,Breads,118.0,30.0,557.0,Yes
4142,554,Chicken Burger,Fast Food,192.0,13.0,333.0,Yes
4143,554,Cheese Pizza,Fast Food,105.0,12.0,384.0,Yes
4144,554,Fried Rice,Main Course,40.0,29.0,459.0,Yes
4145,554,Butter Naan,Breads,102.0,29.0,494.0,Yes
4146,554,Cheese Pizza,Fast Food,249.0,15.0,478.0,Yes
4147,554,Veg Burger,Fast Food,40.0,20.0,347.0,No
4148,555,Mojito,Beverages,265.0,14.0,316.0,No
4149,555,Lassi,Beverages,286.0,26.0,517.0,Yes
4150,555,Veg Burger,Fast Food,219.0,23.0,363.0,Yes
4151,555,Cold Coffee,Beverages,101.0,20.0,141.0,Yes
4152,555,Veg Burger,Fast Food,299.0,17.0,375.0,No
4153,555,Veg Burger,Fast Food,95.0,28.0,506.0,Yes
4154,555,Veg Manchurian,Starters,202.0,22.0,416.0,Yes
4155,555,Butter Chicken,Main Course,255.0,15.0,403.0,Yes
4156,556,Chicken 65,Starters,229.0,6.0,207.0,Yes
4157,556,Cold Coffee,Beverages,345.0,11.0,629.0,Yes
4158,556,Gulab Jamun,Desserts,147.0,9.0,579.0,Yes
4159,556,Lassi,Beverages,234.0,23.0,222.0,Yes
4160,556,Garlic Naan,Breads,220.0,3.0,459.0,Yes
4161,556,Momos,Starters,99.0,29.0,540.0,Yes
4162,556,Veg Burger,Fast Food,196.0,26.0,759.0,Yes
4163,556,Chicken 65,Starters,175.0,20.0,213.0,Yes
4164,557,Gulab Jamun,Desserts,102.0,10.0,407.0,Yes
4165,557,Brownie,Desserts,213.0,12.0,442.0,Yes
4166,557,Fish Fingers,Starters,269.0,19.0,563.0,Yes
4167,557,Masala Chai,Beverages,40.0,5.0,495.0,Yes
4168,557,Fresh Lime Soda,Beverages,202.0,18.0,417.0,Yes
4169,557,Cheese Pizza,Fast Food,78.0,4.0,539.0,Yes
4170,557,Paneer Tikka,Starters,278.0,12.0,82.0,Yes
4171,557,Brownie,Desserts,167.0,12.0,524.0,Yes
4172,558,Kulcha,Breads,93.0,23.0,416.0,Yes
4173,558,Veg Burger,Fast Food,297.0,22.0,341.0,Yes
4174,558,Chole Bhature,Main Course,213.0,18.0,171.0,No
4175,558,Kheer,Desserts,235.0,17.0,80.0,Yes
4176,558,Fish Fingers,Starters,50.0,13.0,531.0,Yes
4177,558,Fish Fingers,Starters,122.0,23.0,518.0,Yes
4178,558,Fresh Lime Soda,Beverages,163.0,24.0,392.0,Yes
4179,559,Dal Makhani,Main Course,113.0,16.0,283.0,Yes
4180,559,Fish Fingers,Starters,253.0,21.0,631.0,Yes
4181,559,Veg Burger,Fast Food,174.0,21.0,446.0,Yes
4182,559,Momos,Starters,228.0,21.0,287.0,Yes
4183,559,Chicken Burger,Fast Food,192.0,18.0,732.0,Yes
4184,559,Fresh Lime Soda,Beverages,40.0,24.0,631.0,Yes
4185,559,Rasmalai,Desserts,98.0,35.0,428.0,Yes
4186,560,Masala Chai,Beverages,163.0,18.0,431.0,Yes
4187,560,Chicken Burger,Fast Food,204.0,8.0,471.0,Yes
4188,560,Tandoori Roti,Breads,40.0,14.0,351.0,Yes
4189,560,Gulab Jamun,Desserts,186.0,17.0,442.0,Yes
4190,560,Momos,Starters,61.0,18.0,267.0,Yes
4191,560,Masala Chai,Beverages,208.0,32.0,417.0,Yes
4192,560,French Fries,Fast Food,321.0,20.0,303.0,Yes
4193,561,Paneer Butter Masala,Main Course,201.0,3.0,438.0,No
4194,561,Tandoori Roti,Breads,294.0,10.0,563.0,Yes
4195,561,Fried Rice,Main Course,99.0,16.0,241.0,Yes
4196,561,Ice Cream,Desserts,181.0,41.0,312.0,Yes
4197,561,Butter Naan,Breads,166.0,18.0,379.0,Yes
4198,561,Brownie,Desserts,282.0,13.0,449.0,Yes
4199,561,Kheer,Desserts,145.0,30.0,438.0,Yes
4200,561,Biryani,Main Course,193.0,23.0,618.0,Yes
4201,562,Biryani,Main Course,272.0,25.0,589.0,Yes
4202,562,Cheese Pizza,Fast Food,180.0,34.0,527.0,Yes
4203,562,Lassi,Beverages,231.0,17.0,176.0,Yes
4204,562,Cheese Pizza,Fast Food,187.0,11.0,333.0,Yes
4205,562,Veg Burger,Fast Food,192.0,28.0,382.0,Yes
4206,562,Paneer Tikka,Starters,92.0,6.0,239.0,No
4207,562,Butter Naan,Breads,373.0,13.0,132.0,Yes
4208,563,Cheese Pizza,Fast Food,207.0,13.0,397.0,Yes
4209,563,Dal Makhani,Main Course,259.0,27.0,385.0,Yes
4210,563,Chole Bhature,Main Course,210.0,28.0,,Yes
4211,563,Chicken Burger,Fast Food,66.0,21.0,246.0,Yes
4212,563,Tandoori Roti,Breads,140.0,18.0,430.0,Yes
4213,563,Tandoori Roti,Breads,154.0,25.0,388.0,Yes
4214,564,Cold Coffee,Beverages,40.0,19.0,422.0,Yes
4215,564,Butter Naan,Breads,153.0,16.0,325.0,Yes
4216,564,Biryani,Main Course,103.0,30.0,493.0,Yes
4217,564,Veg Manchurian,Starters,241.0,16.0,266.0,No
4218,564,Brownie,Desserts,40.0,27.0,709.0,Yes
4219,564,Mojito,Beverages,58.0,3.0,498.0,Yes
4220,565,Ice Cream,Desserts,341.0,11.0,693.0,Yes
4221,565,Gulab Jamun,Desserts,224.0,3.0,573.0,Yes
4222,565,Cold Coffee,Beverages,157.0,16.0,359.0,Yes
4223,565,Ice Cream,Desserts,187.0,11.0,224.0,Yes
4224,565,Biryani,Main Course,234.0,8.0,239.0,No
4225,565,Veg Sandwich,Fast Food,40.0,25.0,,Yes
4226,565,Veg Sandwich,Fast Food,59.0,12.0,398.0,Yes
4227,566,Mojito,Beverages,253.0,17.0,646.0,Yes
4228,566,Kulcha,Breads,112.0,18.0,405.0,Yes
4229,566,Fish Fingers,Starters,40.0,16.0,446.0,Yes
4230,566,Mojito,Beverages,44.0,12.0,672.0,Yes
4231,566,Masala Chai,Beverages,112.0,19.0,354.0,Yes
4232,566,Cheese Pizza,Fast Food,124.0,8.0,454.0,Yes
4233,567,Ice Cream,Desserts,96.0,14.0,584.0,Yes
4234,567,Paneer Butter Masala,Main Course,100.0,27.0,331.0,Yes
4235,567,Lassi,Beverages,161.0,21.0,188.0,No
4236,567,Paneer Butter Masala,Main Course,245.0,10.0,,Yes
4237,567,Veg Burger,Fast Food,74.0,20.0,190.0,Yes
4238,567,Dal Makhani,Main Course,129.0,13.0,476.0,Yes
4239,567,Kulcha,Breads,309.0,14.0,347.0,Yes
4240,567,Garlic Naan,Breads,114.0,30.0,357.0,Yes
4241,567,Paneer Butter Masala,Main Course,221.0,21.0,278.0,Yes
4242,568,Lassi,Beverages,229.0,27.0,332.0,Yes
4243,568,Chicken Burger,Fast Food,266.0,20.0,221.0,Yes
4244,568,Fresh Lime Soda,Beverages,319.0,24.0,208.0,Yes
4245,568,Spring Rolls,Starters,95.0,28.0,252.0,Yes
4246,568,Kulcha,Breads,59.0,5.0,299.0,Yes
4247,568,Veg Manchurian,Starters,243.0,20.0,210.0,Yes
4248,568,Lassi,Beverages,154.0,23.0,271.0,Yes
4249,569,Tandoori Roti,Breads,164.0,31.0,410.0,Yes
4250,569,Chicken Burger,Fast Food,325.0,11.0,336.0,Yes
4251,569,Momos,Starters,293.0,18.0,215.0,Yes
4252,569,Gulab Jamun,Desserts,362.0,20.0,681.0,Yes
4253,569,Fish Fingers,Starters,119.0,16.0,501.0,Yes
4254,569,Cheese Pizza,Fast Food,306.0,26.0,50.0,Yes
4255,569,Lassi,Beverages,116.0,19.0,514.0,Yes
4256,569,Veg Burger,Fast Food,147.0,14.0,433.0,Yes
4257,569,Fresh Lime Soda,Beverages,101.0,12.0,,Yes
4258,570,Fish Fingers,Starters,176.0,8.0,439.0,Yes
4259,570,Cheese Pizza,Fast Food,217.0,29.0,393.0,Yes
4260,570,Lassi,Beverages,282.0,3.0,391.0,Yes
4261,570,Veg Sandwich,Fast Food,135.0,14.0,464.0,Yes
4262,570,Cold Coffee,Beverages,40.0,4.0,488.0,Yes
4263,570,Chole Bhature,Main Course,197.0,12.0,594.0,No
4264,570,Cheese Pizza,Fast Food,272.0,20.0,190.0,Yes
4265,571,Mojito,Beverages,300.0,3.0,232.0,No
4266,571,Fried Rice,Main Course,252.0,6.0,606.0,Yes
4267,571,French Fries,Fast Food,353.0,23.0,289.0,Yes
4268,571,Veg Sandwich,Fast Food,63.0,5.0,445.0,Yes
4269,571,Chole Bhature,Main Course,189.0,19.0,609.0,Yes
4270,571,Butter Naan,Breads,250.0,20.0,414.0,Yes
4271,571,Rasmalai,Desserts,88.0,21.0,435.0,No
4272,571,Chicken Burger,Fast Food,277.0,20.0,757.0,Yes
4273,572,Butter Naan,Breads,287.0,3.0,435.0,Yes
4274,572,Garlic Naan,Breads,294.0,13.0,303.0,Yes
4275,572,Chole Bhature,Main Course,331.0,10.0,488.0,Yes
4276,572,Fish Fingers,Starters,170.0,23.0,313.0,Yes
4277,572,Fried Rice,Main Course,120.0,26.0,638.0,Yes
4278,572,Fish Fingers,Starters,163.0,21.0,527.0,Yes
4279,573,Kheer,Desserts,197.0,23.0,657.0,Yes
4280,573,Dal Makhani,Main Course,61.0,26.0,721.0,Yes
4281,573,Cold Coffee,Beverages,276.0,8.0,648.0,No
4282,573,Ice Cream,Desserts,178.0,22.0,556.0,Yes
4283,573,Paneer Tikka,Starters,311.0,11.0,409.0,Yes
4284,573,Ice Cream,Desserts,205.0,11.0,517.0,Yes
4285,573,Ice Cream,Desserts,156.0,18.0,326.0,Yes
4286,574,Paneer Butter Masala,Main Course,232.0,13.0,394.0,Yes
4287,574,Chicken Burger,Fast Food,181.0,13.0,126.0,Yes
4288,574,Kheer,Desserts,241.0,17.0,347.0,Yes
4289,574,Masala Chai,Beverages,177.0,24.0,723.0,Yes
4290,574,Spring Rolls,Starters,40.0,21.0,329.0,Yes
4291,574,French Fries,Fast Food,308.0,7.0,414.0,Yes
4292,574,Lassi,Beverages,165.0,9.0,,Yes
4293,574,Masala Chai,Beverages,152.0,19.0,50.0,Yes
4294,574,French Fries,Fast Food,154.0,24.0,598.0,Yes
4295,575,Butter Naan,Breads,208.0,22.0,210.0,Yes
4296,575,Fresh Lime Soda,Beverages,149.0,8.0,372.0,Yes
4297,575,Chicken 65,Starters,386.0,29.0,,Yes
4298,575,French Fries,Fast Food,208.0,15.0,497.0,Yes
4299,575,Biryani,Main Course,125.0,35.0,524.0,Yes
4300,575,Garlic Naan,Breads,267.0,14.0,330.0,No
4301,575,Paneer Butter Masala,Main Course,113.0,8.0,608.0,Yes
4302,576,French Fries,Fast Food,241.0,14.0,309.0,Yes
4303,576,Tandoori Roti,Breads,311.0,22.0,336.0,Yes
4304,576,Fresh Lime Soda,Beverages,284.0,33.0,313.0,Yes
4305,576,Butter Chicken,Main Course,142.0,16.0,444.0,Yes
4306,576,Garlic Naan,Breads,176.0,6.0,262.0,Yes
4307,576,Veg Sandwich,Fast Food,191.0,30.0,432.0,Yes
4308,576,Paneer Butter Masala,Main Course,263.0,20.0,375.0,Yes
4309,576,Chole Bhature,Main Course,101.0,20.0,584.0,Yes
4310,577,Ice Cream,Desserts,65.0,22.0,,Yes
4311,577,Kulcha,Breads,211.0,12.0,421.0,No
4312,577,Veg Burger,Fast Food,94.0,25.0,408.0,Yes
4313,577,Fresh Lime Soda,Beverages,340.0,20.0,250.0,Yes
4314,577,Masala Chai,Beverages,40.0,29.0,310.0,Yes
4315,577,Chole Bhature,Main Course,91.0,28.0,334.0,Yes
4316,577,Butter Chicken,Main Course,262.0,20.0,112.0,Yes
4317,577,Cheese Pizza,Fast Food,237.0,10.0,215.0,Yes
4318,578,Fish Fingers,Starters,40.0,8.0,,Yes
4319,578,Fish Fingers,Starters,187.0,19.0,532.0,Yes
4320,578,Butter Chicken,Main Course,40.0,3.0,772.0,Yes
4321,578,Garlic Naan,Breads,174.0,22.0,184.0,Yes
4322,578,Butter Chicken,Main Course,241.0,26.0,113.0,Yes
4323,578,Brownie,Desserts,223.0,21.0,50.0,Yes
4324,579,Veg Burger,Fast Food,196.0,12.0,469.0,Yes
4325,579,Fresh Lime Soda,Beverages,242.0,21.0,354.0,Yes
4326,579,Kheer,Desserts,141.0,19.0,361.0,Yes
4327,579,Paneer Butter Masala,Main Course,46.0,19.0,372.0,Yes
4328,579,Tandoori Roti,Breads,163.0,15.0,370.0,Yes
4329,579,Butter Chicken,Main Course,121.0,24.0,334.0,Yes
4330,579,French Fries,Fast Food,187.0,12.0,235.0,Yes
4331,579,Garlic Naan,Breads,169.0,23.0,,Yes
4332,579,Ice Cream,Desserts,244.0,10.0,408.0,Yes
4333,580,Cheese Pizza,Fast Food,172.0,23.0,476.0,No
4334,580,Cheese Pizza,Fast Food,123.0,20.0,485.0,Yes
4335,580,Cold Coffee,Beverages,209.0,17.0,301.0,Yes
4336,580,Fresh Lime Soda,Beverages,143.0,35.0,222.0,No
4337,580,Spring Rolls,Starters,349.0,32.0,204.0,Yes
4338,580,Fried Rice,Main Course,123.0,15.0,307.0,Yes
4339,580,Momos,Starters,125.0,23.0,438.0,Yes
4340,580,Fried Rice,Main Course,229.0,16.0,366.0,Yes
4341,581,Fish Fingers,Starters,112.0,21.0,552.0,Yes
4342,581,Chicken 65,Starters,76.0,24.0,441.0,Yes
4343,581,Fresh Lime Soda,Beverages,75.0,6.0,358.0,Yes
4344,581,Paneer Tikka,Starters,133.0,26.0,341.0,Yes
4345,581,Spring Rolls,Starters,131.0,14.0,364.0,Yes
4346,581,Lassi,Beverages,205.0,26.0,215.0,Yes
4347,581,Mojito,Beverages,215.0,7.0,556.0,No
4348,581,Veg Sandwich,Fast Food,40.0,27.0,541.0,Yes
4349,581,Veg Sandwich,Fast Food,109.0,13.0,115.0,Yes
4350,582,Brownie,Desserts,40.0,15.0,428.0,Yes
4351,582,Biryani,Main Course,273.0,15.0,379.0,Yes
4352,582,Kulcha,Breads,66.0,16.0,414.0,Yes
4353,582,Dal Makhani,Main Course,232.0,17.0,540.0,Yes
4354,582,Paneer Butter Masala,Main Course,181.0,16.0,519.0,Yes
4355,582,Veg Burger,Fast Food,252.0,15.0,670.0,Yes
4356,582,Biryani,Main Course,203.0,18.0,352.0,Yes
4357,582,Chicken Burger,Fast Food,220.0,24.0,414.0,Yes
4358,583,Fresh Lime Soda,Beverages,199.0,9.0,274.0,Yes
4359,583,Gulab Jamun,Desserts,110.0,19.0,230.0,Yes
4360,583,Dal Makhani,Main Course,40.0,6.0,479.0,Yes
4361,583,Spring Rolls,Starters,330.0,25.0,237.0,Yes
4362,583,Kulcha,Breads,102.0,12.0,167.0,Yes
4363,583,Rasmalai,Desserts,161.0,21.0,252.0,Yes
4364,584,Masala Chai,Beverages,72.0,24.0,263.0,Yes
4365,584,French Fries,Fast Food,108.0,3.0,537.0,Yes
4366,584,Cheese Pizza,Fast Food,298.0,15.0,390.0,Yes
4367,584,Veg Manchurian,Starters,223.0,23.0,387.0,Yes
4368,584,Butter Naan,Breads,127.0,16.0,341.0,Yes
4369,584,French Fries,Fast Food,201.0,9.0,575.0,Yes
4370,584,Ice Cream,Desserts,357.0,12.0,282.0,Yes
4371,584,Cold Coffee,Beverages,103.0,14.0,661.0,Yes
4372,584,Biryani,Main Course,128.0,19.0,329.0,Yes
4373,585,Butter Chicken,Main Course,40.0,13.0,392.0,Yes
4374,585,Lassi,Beverages,316.0,3.0,541.0,No
4375,585,Butter Naan,Breads,200.0,17.0,243.0,Yes
4376,585,Veg Manchurian,Starters,290.0,20.0,392.0,Yes
4377,585,Butter Naan,Breads,170.0,25.0,270.0,Yes
4378,585,Garlic Naan,Breads,308.0,35.0,353.0,Yes
4379,585,Dal Makhani,Main Course,295.0,13.0,229.0,Yes
4380,585,Chole Bhature,Main Course,127.0,21.0,363.0,Yes
4381,585,Kulcha,Breads,215.0,20.0,334.0,Yes
4382,586,Fried Rice,Main Course,68.0,17.0,192.0,Yes
4383,586,Brownie,Desserts,185.0,20.0,50.0,Yes
4384,586,Cheese Pizza,Fast Food,293.0,15.0,475.0,Yes
4385,586,Fried Rice,Main Course,120.0,14.0,639.0,Yes
4386,586,French Fries,Fast Food,57.0,13.0,406.0,Yes
4387,586,Butter Naan,Breads,40.0,10.0,521.0,Yes
4388,586,Butter Chicken,Main Course,64.0,19.0,450.0,Yes
4389,587,Cold Coffee,Beverages,225.0,9.0,423.0,Yes
4390,587,French Fries,Fast Food,74.0,15.0,529.0,Yes
4391,587,Kheer,Desserts,103.0,22.0,388.0,Yes
4392,587,Fish Fingers,Starters,248.0,3.0,576.0,Yes
4393,587,Cheese Pizza,Fast Food,40.0,8.0,571.0,Yes
4394,587,Lassi,Beverages,173.0,14.0,541.0,Yes
4395,587,Butter Naan,Breads,168.0,10.0,587.0,Yes
4396,587,Kulcha,Breads,203.0,7.0,284.0,Yes
4397,587,Fried Rice,Main Course,89.0,8.0,379.0,Yes
4398,588,Fried Rice,Main Course,173.0,21.0,483.0,No
4399,588,Momos,Starters,256.0,26.0,472.0,Yes
4400,588,Butter Chicken,Main Course,212.0,25.0,461.0,Yes
4401,588,Paneer Tikka,Starters,94.0,6.0,246.0,Yes
4402,588,Spring Rolls,Starters,208.0,15.0,434.0,No
4403,588,Veg Sandwich,Fast Food,156.0,10.0,50.0,Yes
4404,589,Fresh Lime Soda,Beverages,70.0,31.0,544.0,No
4405,589,Garlic Naan,Breads,112.0,13.0,324.0,Yes
4406,589,Cheese Pizza,Fast Food,278.0,25.0,544.0,Yes
4407,589,Butter Naan,Breads,88.0,32.0,356.0,Yes
4408,589,Veg Burger,Fast Food,255.0,20.0,143.0,Yes
4409,589,Brownie,Desserts,133.0,17.0,276.0,Yes
4410,589,Brownie,Desserts,46.0,14.0,596.0,Yes
4411,590,French Fries,Fast Food,229.0,13.0,432.0,Yes
4412,590,Veg Manchurian,Starters,57.0,17.0,108.0,Yes
4413,590,Veg Manchurian,Starters,72.0,24.0,308.0,Yes
4414,590,Biryani,Main Course,137.0,17.0,629.0,Yes
4415,590,Gulab Jamun,Desserts,40.0,10.0,753.0,Yes
4416,590,Masala Chai,Beverages,282.0,21.0,435.0,Yes
4417,591,Kheer,Desserts,155.0,6.0,332.0,No
4418,591,Ice Cream,Desserts,166.0,26.0,447.0,Yes
4419,591,Cheese Pizza,Fast Food,183.0,12.0,324.0,Yes
4420,591,Brownie,Desserts,40.0,19.0,209.0,Yes
4421,591,Paneer Tikka,Starters,145.0,25.0,435.0,Yes
4422,591,Gulab Jamun,Desserts,207.0,27.0,498.0,Yes
4423,591,Rasmalai,Desserts,165.0,3.0,333.0,Yes
4424,591,Rasmalai,Desserts,169.0,17.0,153.0,Yes
4425,592,Tandoori Roti,Breads,194.0,23.0,340.0,Yes
4426,592,Dal Makhani,Main Course,217.0,12.0,431.0,Yes
4427,592,Spring Rolls,Starters,346.0,14.0,223.0,Yes
4428,592,Cheese Pizza,Fast Food,244.0,15.0,278.0,Yes
4429,592,Fish Fingers,Starters,109.0,19.0,402.0,Yes
4430,592,Rasmalai,Desserts,292.0,21.0,539.0,Yes
4431,592,Gulab Jamun,Desserts,179.0,21.0,388.0,Yes
4432,593,Spring Rolls,Starters,340.0,21.0,177.0,Yes
4433,593,Cold Coffee,Beverages,160.0,19.0,393.0,Yes
4434,593,Veg Manchurian,Starters,252.0,13.0,400.0,Yes
4435,593,Fresh Lime Soda,Beverages,260.0,6.0,254.0,Yes
4436,593,Mojito,Beverages,351.0,14.0,525.0,No
4437,593,Brownie,Desserts,276.0,7.0,270.0,Yes
4438,593,Momos,Starters,180.0,12.0,460.0,Yes
4439,594,Tandoori Roti,Breads,227.0,19.0,392.0,Yes
4440,594,Lassi,Beverages,231.0,27.0,595.0,Yes
4441,594,Rasmalai,Desserts,204.0,10.0,373.0,No
4442,594,Lassi,Beverages,240.0,26.0,559.0,Yes
4443,594,Butter Chicken,Main Course,164.0,19.0,477.0,No
4444,594,Paneer Tikka,Starters,311.0,11.0,468.0,Yes
4445,594,Spring Rolls,Starters,133.0,27.0,395.0,Yes
4446,594,Masala Chai,Beverages,201.0,11.0,335.0,Yes
4447,595,Ice Cream,Desserts,358.0,22.0,,Yes
4448,595,Gulab Jamun,Desserts,303.0,30.0,394.0,Yes
4449,595,Momos,Starters,111.0,16.0,345.0,Yes
4450,595,Fresh Lime Soda,Beverages,189.0,20.0,778.0,Yes
4451,595,Kulcha,Breads,86.0,7.0,311.0,Yes
4452,595,Dal Makhani,Main Course,40.0,3.0,201.0,No
4453,595,Kulcha,Breads,281.0,7.0,145.0,Yes
4454,596,Chicken Burger,Fast Food,104.0,21.0,323.0,Yes
4455,596,Fried Rice,Main Course,149.0,13.0,201.0,Yes
4456,596,Dal Makhani,Main Course,96.0,11.0,495.0,Yes
4457,596,Kulcha,Breads,79.0,26.0,502.0,Yes
4458,596,Tandoori Roti,Breads,40.0,21.0,408.0,Yes
4459,596,Brownie,Desserts,302.0,11.0,498.0,Yes
4460,596,Chicken Burger,Fast Food,251.0,4.0,596.0,Yes
4461,596,Dal Makhani,Main Course,113.0,21.0,366.0,Yes
4462,596,Chicken Burger,Fast Food,162.0,11.0,310.0,Yes
4463,597,Garlic Naan,Breads,220.0,29.0,217.0,No
4464,597,Garlic Naan,Breads,132.0,20.0,431.0,Yes
4465,597,Paneer Butter Masala,Main Course,225.0,27.0,142.0,Yes
4466,597,Tandoori Roti,Breads,128.0,26.0,373.0,Yes
4467,597,Fresh Lime Soda,Beverages,76.0,7.0,398.0,Yes
4468,597,Chicken 65,Starters,142.0,35.0,376.0,Yes
4469,597,Cheese Pizza,Fast Food,111.0,27.0,388.0,Yes
4470,598,Garlic Naan,Breads,249.0,33.0,621.0,Yes
4471,598,Fried Rice,Main Course,213.0,23.0,602.0,Yes
4472,598,French Fries,Fast Food,93.0,7.0,702.0,Yes
4473,598,Brownie,Desserts,67.0,36.0,295.0,Yes
4474,598,Fried Rice,Main Course,98.0,24.0,159.0,Yes
4475,598,Butter Chicken,Main Course,411.0,33.0,630.0,Yes
4476,599,Chole Bhature,Main Course,42.0,28.0,578.0,Yes
4477,599,Masala Chai,Beverages,194.0,24.0,492.0,Yes
4478,599,French Fries,Fast Food,70.0,14.0,354.0,Yes
4479,599,Biryani,Main Course,43.0,24.0,569.0,Yes
4480,599,Rasmalai,Desserts,220.0,32.0,452.0,Yes
4481,599,French Fries,Fast Food,181.0,13.0,441.0,Yes
4482,600,Mojito,Beverages,40.0,32.0,458.0,Yes
4483,600,Garlic Naan,Breads,282.0,27.0,510.0,Yes
4484,600,Biryani,Main Course,88.0,3.0,727.0,Yes
4485,600,Veg Burger,Fast Food,181.0,15.0,360.0,Yes
4486,600,Cheese Pizza,Fast Food,138.0,17.0,388.0,Yes
4487,600,Veg Burger,Fast Food,190.0,16.0,533.0,Yes
4488,600,Paneer Tikka,Starters,245.0,13.0,,Yes
4489,601,Momos,Starters,75.0,22.0,653.0,Yes
4490,601,Paneer Butter Masala,Main Course,259.0,17.0,255.0,Yes
4491,601,Lassi,Beverages,241.0,13.0,404.0,Yes
4492,601,French Fries,Fast Food,249.0,11.0,415.0,Yes
4493,601,French Fries,Fast Food,86.0,15.0,332.0,Yes
4494,601,Ice Cream,Desserts,290.0,19.0,300.0,Yes
4495,601,Kulcha,Breads,143.0,26.0,165.0,Yes
4496,601,Paneer Butter Masala,Main Course,107.0,9.0,,Yes
4497,601,Dal Makhani,Main Course,192.0,16.0,389.0,Yes
4498,602,Tandoori Roti,Breads,60.0,10.0,488.0,Yes
4499,602,Rasmalai,Desserts,49.0,15.0,545.0,Yes
4500,602,Paneer Butter Masala,Main Course,199.0,12.0,508.0,Yes
4501,602,Tandoori Roti,Breads,115.0,18.0,284.0,Yes
4502,602,Fresh Lime Soda,Beverages,46.0,17.0,582.0,Yes
4503,602,Chicken Burger,Fast Food,283.0,23.0,508.0,Yes
4504,602,Tandoori Roti,Breads,248.0,16.0,213.0,Yes
4505,602,Brownie,Desserts,195.0,25.0,529.0,Yes
4506,602,Fish Fingers,Starters,201.0,20.0,190.0,Yes
4507,603,Garlic Naan,Breads,320.0,17.0,83.0,Yes
4508,603,Paneer Tikka,Starters,167.0,18.0,480.0,Yes
4509,603,Cold Coffee,Beverages,173.0,13.0,320.0,Yes
4510,603,Gulab Jamun,Desserts,180.0,16.0,698.0,Yes
4511,603,Brownie,Desserts,150.0,11.0,562.0,Yes
4512,603,Cold Coffee,Beverages,180.0,25.0,386.0,Yes
4513,603,Kheer,Desserts,244.0,28.0,614.0,Yes
4514,603,Masala Chai,Beverages,248.0,3.0,172.0,Yes
4515,603,Momos,Starters,207.0,6.0,237.0,Yes
4516,604,Momos,Starters,260.0,12.0,314.0,Yes
4517,604,Kulcha,Breads,144.0,27.0,589.0,Yes
4518,604,Tandoori Roti,Breads,390.0,24.0,636.0,Yes
4519,604,Masala Chai,Beverages,116.0,6.0,490.0,Yes
4520,604,Spring Rolls,Starters,162.0,31.0,342.0,Yes
4521,604,Chole Bhature,Main Course,124.0,15.0,393.0,Yes
4522,604,Rasmalai,Desserts,182.0,19.0,602.0,Yes
4523,605,Rasmalai,Desserts,76.0,25.0,504.0,Yes
4524,605,Chicken 65,Starters,208.0,21.0,,Yes
4525,605,Gulab Jamun,Desserts,54.0,21.0,328.0,Yes
4526,605,Paneer Tikka,Starters,232.0,15.0,528.0,Yes
4527,605,Mojito,Beverages,275.0,25.0,587.0,Yes
4528,605,Spring Rolls,Starters,178.0,26.0,344.0,Yes
4529,606,Cold Coffee,Beverages,130.0,18.0,596.0,Yes
4530,606,Masala Chai,Beverages,161.0,25.0,249.0,Yes
4531,606,Veg Burger,Fast Food,40.0,14.0,392.0,Yes
4532,606,Cheese Pizza,Fast Food,269.0,16.0,642.0,Yes
4533,606,Kulcha,Breads,225.0,16.0,434.0,Yes
4534,606,Fish Fingers,Starters,85.0,16.0,373.0,Yes
4535,606,Paneer Tikka,Starters,197.0,15.0,469.0,Yes
4536,607,Gulab Jamun,Desserts,40.0,26.0,396.0,Yes
4537,607,Mojito,Beverages,248.0,26.0,427.0,Yes
4538,607,Brownie,Desserts,258.0,20.0,447.0,Yes
4539,607,Spring Rolls,Starters,136.0,27.0,416.0,Yes
4540,607,Kheer,Desserts,305.0,9.0,310.0,Yes
4541,607,Dal Makhani,Main Course,80.0,26.0,489.0,Yes
4542,607,Paneer Tikka,Starters,41.0,11.0,229.0,No
4543,607,Momos,Starters,272.0,27.0,329.0,Yes
4544,608,Kheer,Desserts,40.0,3.0,596.0,Yes
4545,608,Kheer,Desserts,291.0,30.0,381.0,Yes
4546,608,Butter Chicken,Main Course,40.0,21.0,326.0,Yes
4547,608,Cold Coffee,Beverages,339.0,23.0,429.0,Yes
4548,608,Kheer,Desserts,144.0,28.0,292.0,Yes
4549,608,Biryani,Main Course,55.0,18.0,563.0,Yes
4550,609,Cold Coffee,Beverages,327.0,5.0,590.0,Yes
4551,609,Kulcha,Breads,174.0,24.0,185.0,Yes
4552,609,Veg Burger,Fast Food,145.0,23.0,400.0,No
4553,609,Tandoori Roti,Breads,169.0,15.0,400.0,Yes
4554,609,Brownie,Desserts,182.0,8.0,316.0,Yes
4555,609,Spring Rolls,Starters,233.0,16.0,474.0,No
4556,609,French Fries,Fast Food,165.0,13.0,553.0,Yes
4557,610,Fish Fingers,Starters,237.0,17.0,516.0,Yes
4558,610,French Fries,Fast Food,235.0,13.0,424.0,Yes
4559,610,Ice Cream,Desserts,213.0,21.0,663.0,Yes
4560,610,Garlic Naan,Breads,238.0,23.0,237.0,Yes
4561,610,Brownie,Desserts,418.0,7.0,317.0,Yes
4562,610,Lassi,Beverages,134.0,15.0,268.0,Yes
4563,610,Cheese Pizza,Fast Food,40.0,27.0,322.0,Yes
4564,611,Gulab Jamun,Desserts,40.0,15.0,466.0,Yes
4565,611,Kheer,Desserts,40.0,22.0,447.0,Yes
4566,611,Biryani,Main Course,101.0,20.0,643.0,Yes
4567,611,Rasmalai,Desserts,185.0,14.0,276.0,Yes
4568,611,Biryani,Main Course,343.0,16.0,364.0,Yes
4569,611,Momos,Starters,259.0,22.0,193.0,Yes
4570,612,Veg Sandwich,Fast Food,198.0,14.0,576.0,Yes
4571,612,Paneer Butter Masala,Main Course,76.0,24.0,105.0,Yes
4572,612,Kheer,Desserts,238.0,24.0,264.0,Yes
4573,612,Veg Burger,Fast Food,257.0,16.0,71.0,Yes
4574,612,Ice Cream,Desserts,206.0,11.0,539.0,Yes
4575,612,Momos,Starters,297.0,14.0,236.0,Yes
4576,612,Kheer,Desserts,177.0,23.0,308.0,Yes
4577,612,Paneer Butter Masala,Main Course,221.0,25.0,568.0,Yes
4578,612,French Fries,Fast Food,214.0,4.0,355.0,Yes
4579,613,Chicken Burger,Fast Food,161.0,18.0,50.0,Yes
4580,613,Brownie,Desserts,108.0,16.0,466.0,Yes
4581,613,Fried Rice,Main Course,383.0,23.0,250.0,Yes
4582,613,Gulab Jamun,Desserts,105.0,12.0,341.0,Yes
4583,613,Veg Manchurian,Starters,200.0,10.0,367.0,Yes
4584,613,Cheese Pizza,Fast Food,162.0,20.0,338.0,No
4585,613,Fried Rice,Main Course,111.0,12.0,458.0,Yes
4586,614,Cheese Pizza,Fast Food,114.0,23.0,454.0,Yes
4587,614,Brownie,Desserts,81.0,27.0,411.0,Yes
4588,614,Veg Burger,Fast Food,120.0,32.0,398.0,Yes
4589,614,French Fries,Fast Food,212.0,18.0,616.0,Yes
4590,614,Kulcha,Breads,340.0,20.0,410.0,Yes
4591,614,Gulab Jamun,Desserts,264.0,14.0,437.0,No
4592,615,Chole Bhature,Main Course,121.0,33.0,562.0,Yes
4593,615,Masala Chai,Beverages,340.0,14.0,536.0,Yes
4594,615,Momos,Starters,218.0,20.0,648.0,Yes
4595,615,Fish Fingers,Starters,97.0,13.0,319.0,Yes
4596,615,Spring Rolls,Starters,50.0,3.0,374.0,Yes
4597,615,Rasmalai,Desserts,246.0,16.0,277.0,No
4598,615,Momos,Starters,289.0,8.0,122.0,Yes
4599,616,Fish Fingers,Starters,42.0,30.0,369.0,Yes
4600,616,Chicken Burger,Fast Food,294.0,27.0,110.0,Yes
4601,616,Paneer Tikka,Starters,185.0,24.0,238.0,Yes
4602,616,Kulcha,Breads,64.0,22.0,220.0,Yes
4603,616,Tandoori Roti,Breads,205.0,24.0,533.0,Yes
4604,616,Masala Chai,Beverages,252.0,28.0,248.0,Yes
4605,616,Tandoori Roti,Breads,331.0,13.0,237.0,Yes
4606,616,Fried Rice,Main Course,276.0,22.0,144.0,Yes
4607,616,Brownie,Desserts,258.0,20.0,404.0,Yes
4608,617,Butter Naan,Breads,137.0,28.0,,Yes
4609,617,Butter Chicken,Main Course,238.0,8.0,216.0,Yes
4610,617,Veg Manchurian,Starters,105.0,25.0,351.0,Yes
4611,617,Cold Coffee,Beverages,235.0,13.0,610.0,Yes
4612,617,Mojito,Beverages,76.0,16.0,364.0,Yes
4613,617,Momos,Starters,241.0,20.0,622.0,Yes
4614,618,Fried Rice,Main Course,296.0,12.0,406.0,Yes
4615,618,Brownie,Desserts,179.0,13.0,168.0,No
4616,618,Kulcha,Breads,178.0,24.0,428.0,Yes
4617,618,Rasmalai,Desserts,210.0,29.0,269.0,Yes
4618,618,Gulab Jamun,Desserts,108.0,14.0,561.0,Yes
4619,618,Cold Coffee,Beverages,260.0,20.0,614.0,Yes
4620,618,Chicken 65,Starters,96.0,14.0,454.0,Yes
4621,619,Rasmalai,Desserts,161.0,24.0,659.0,Yes
4622,619,Veg Sandwich,Fast Food,171.0,21.0,539.0,Yes
4623,619,Chicken Burger,Fast Food,248.0,32.0,462.0,Yes
4624,619,Veg Manchurian,Starters,184.0,10.0,452.0,Yes
4625,619,Fish Fingers,Starters,97.0,10.0,462.0,Yes
4626,619,Biryani,Main Course,150.0,3.0,748.0,Yes
4627,619,Cheese Pizza,Fast Food,49.0,15.0,221.0,Yes
4628,619,Brownie,Desserts,157.0,14.0,299.0,Yes
4629,620,Cheese Pizza,Fast Food,171.0,9.0,480.0,No
4630,620,Paneer Butter Masala,Main Course,219.0,18.0,481.0,Yes
4631,620,Paneer Tikka,Starters,273.0,6.0,641.0,Yes
4632,620,Dal Makhani,Main Course,330.0,24.0,351.0,Yes
4633,620,Veg Burger,Fast Food,371.0,26.0,175.0,Yes
4634,620,Paneer Butter Masala,Main Course,146.0,22.0,209.0,No
4635,620,Momos,Starters,279.0,16.0,252.0,No
4636,620,Tandoori Roti,Breads,164.0,13.0,141.0,Yes
4637,621,Chicken 65,Starters,176.0,14.0,417.0,Yes
4638,621,Garlic Naan,Breads,82.0,19.0,762.0,Yes
4639,621,French Fries,Fast Food,67.0,18.0,447.0,Yes
4640,621,Ice Cream,Desserts,185.0,17.0,411.0,Yes
4641,621,Fish Fingers,Starters,141.0,31.0,462.0,Yes
4642,621,Veg Burger,Fast Food,123.0,27.0,291.0,No
4643,622,Dal Makhani,Main Course,77.0,14.0,615.0,No
4644,622,Chicken Burger,Fast Food,79.0,15.0,312.0,No
4645,622,Rasmalai,Desserts,257.0,9.0,,No
4646,622,Brownie,Desserts,59.0,26.0,483.0,Yes
4647,622,Mojito,Beverages,246.0,19.0,240.0,Yes
4648,622,Chicken Burger,Fast Food,251.0,22.0,285.0,Yes
4649,622,Mojito,Beverages,68.0,18.0,422.0,Yes
4650,623,Fresh Lime Soda,Beverages,245.0,12.0,457.0,Yes
4651,623,Brownie,Desserts,268.0,3.0,50.0,Yes
4652,623,French Fries,Fast Food,196.0,20.0,305.0,Yes
4653,623,Momos,Starters,46.0,32.0,,Yes
4654,623,Ice Cream,Desserts,190.0,14.0,377.0,Yes
4655,623,Masala Chai,Beverages,155.0,28.0,772.0,Yes
4656,623,Kheer,Desserts,108.0,26.0,641.0,Yes
4657,623,Butter Naan,Breads,105.0,13.0,220.0,Yes
4658,623,Kheer,Desserts,126.0,11.0,367.0,Yes
4659,624,Spring Rolls,Starters,65.0,22.0,526.0,Yes
4660,624,Dal Makhani,Main Course,141.0,9.0,430.0,Yes
4661,624,Fried Rice,Main Course,204.0,12.0,337.0,Yes
4662,624,Paneer Tikka,Starters,138.0,24.0,429.0,Yes
4663,624,Kheer,Desserts,40.0,37.0,334.0,Yes
4664,624,Ice Cream,Desserts,247.0,18.0,324.0,Yes
4665,624,Paneer Butter Masala,Main Course,266.0,32.0,232.0,Yes
4666,624,Gulab Jamun,Desserts,109.0,30.0,710.0,Yes
4667,625,Gulab Jamun,Desserts,213.0,28.0,329.0,Yes
4668,625,Chicken Burger,Fast Food,40.0,17.0,,Yes
4669,625,Chicken Burger,Fast Food,115.0,30.0,587.0,Yes
4670,625,Fried Rice,Main Course,195.0,40.0,377.0,Yes
4671,625,Cold Coffee,Beverages,62.0,15.0,456.0,Yes
4672,625,Biryani,Main Course,120.0,12.0,472.0,Yes
4673,625,Ice Cream,Desserts,256.0,20.0,393.0,Yes
4674,625,Kulcha,Breads,128.0,12.0,361.0,Yes
4675,626,Masala Chai,Beverages,66.0,13.0,446.0,Yes
4676,626,Chicken Burger,Fast Food,76.0,3.0,330.0,Yes
4677,626,Chole Bhature,Main Course,72.0,13.0,527.0,No
4678,626,Mojito,Beverages,255.0,17.0,486.0,Yes
4679,626,Veg Sandwich,Fast Food,357.0,15.0,254.0,Yes
4680,626,Kulcha,Breads,240.0,13.0,237.0,Yes
4681,626,Kheer,Desserts,157.0,21.0,454.0,Yes
4682,627,Chicken Burger,Fast Food,55.0,21.0,180.0,Yes
4683,627,Fish Fingers,Starters,63.0,28.0,141.0,Yes
4684,627,Kulcha,Breads,40.0,21.0,309.0,Yes
4685,627,Butter Naan,Breads,144.0,29.0,559.0,Yes
4686,627,Tandoori Roti,Breads,264.0,18.0,476.0,Yes
4687,627,Butter Naan,Breads,136.0,13.0,399.0,Yes
4688,627,Paneer Butter Masala,Main Course,234.0,30.0,560.0,Yes
4689,627,Ice Cream,Desserts,240.0,17.0,360.0,Yes
4690,628,Butter Naan,Breads,200.0,19.0,239.0,Yes
4691,628,Kheer,Desserts,146.0,18.0,496.0,Yes
4692,628,Fish Fingers,Starters,174.0,33.0,308.0,No
4693,628,Gulab Jamun,Desserts,201.0,17.0,462.0,Yes
4694,628,Cold Coffee,Beverages,180.0,15.0,483.0,Yes
4695,628,Garlic Naan,Breads,106.0,7.0,543.0,Yes
4696,629,Veg Burger,Fast Food,181.0,30.0,401.0,Yes
4697,629,Veg Manchurian,Starters,49.0,21.0,131.0,No
4698,629,Masala Chai,Beverages,40.0,18.0,430.0,Yes
4699,629,Paneer Tikka,Starters,192.0,11.0,280.0,Yes
4700,629,Dal Makhani,Main Course,422.0,8.0,279.0,Yes
4701,629,Veg Burger,Fast Food,310.0,11.0,361.0,Yes
4702,630,Ice Cream,Desserts,183.0,15.0,572.0,Yes
4703,630,Masala Chai,Beverages,271.0,24.0,618.0,Yes
4704,630,Butter Chicken,Main Course,169.0,28.0,470.0,Yes
4705,630,Paneer Tikka,Starters,98.0,21.0,334.0,Yes
4706,630,Chole Bhature,Main Course,44.0,5.0,255.0,Yes
4707,630,Chicken Burger,Fast Food,320.0,3.0,360.0,Yes
4708,631,Butter Naan,Breads,228.0,16.0,348.0,Yes
4709,631,Masala Chai,Beverages,107.0,29.0,332.0,Yes
4710,631,Veg Sandwich,Fast Food,69.0,14.0,440.0,Yes
4711,631,Rasmalai,Desserts,110.0,21.0,393.0,Yes
4712,631,Momos,Starters,213.0,29.0,132.0,Yes
4713,631,Tandoori Roti,Breads,142.0,10.0,291.0,Yes
4714,631,Lassi,Beverages,190.0,17.0,145.0,Yes
4715,631,Butter Naan,Breads,71.0,26.0,194.0,Yes
4716,631,Cold Coffee,Beverages,241.0,3.0,155.0,Yes
4717,632,Gulab Jamun,Desserts,226.0,29.0,544.0,Yes
4718,632,Garlic Naan,Breads,132.0,11.0,463.0,Yes
4719,632,Kheer,Desserts,40.0,21.0,316.0,No
4720,632,Ice Cream,Desserts,326.0,20.0,373.0,Yes
4721,632,French Fries,Fast Food,200.0,15.0,474.0,Yes
4722,632,Spring Rolls,Starters,100.0,26.0,345.0,Yes
4723,632,Mojito,Beverages,254.0,24.0,422.0,Yes
4724,632,Butter Chicken,Main Course,242.0,14.0,496.0,Yes
4725,632,Kheer,Desserts,40.0,9.0,372.0,Yes
4726,633,Butter Chicken,Main Course,40.0,18.0,,Yes
4727,633,Lassi,Beverages,115.0,18.0,256.0,Yes
4728,633,Dal Makhani,Main Course,277.0,16.0,397.0,Yes
4729,633,Biryani,Main Course,160.0,15.0,215.0,Yes
4730,633,Tandoori Roti,Breads,196.0,15.0,176.0,Yes
4731,633,Chicken Burger,Fast Food,40.0,16.0,354.0,Yes
4732,633,Chicken Burger,Fast Food,61.0,24.0,321.0,Yes
4733,633,Fish Fingers,Starters,230.0,11.0,343.0,Yes
4734,634,Garlic Naan,Breads,125.0,14.0,433.0,Yes
4735,634,Cheese Pizza,Fast Food,155.0,22.0,226.0,Yes
4736,634,Cold Coffee,Beverages,114.0,20.0,534.0,Yes
4737,634,Chicken Burger,Fast Food,187.0,23.0,266.0,Yes
4738,634,Veg Burger,Fast Food,136.0,22.0,345.0,No
4739,634,Lassi,Beverages,138.0,14.0,218.0,Yes
4740,634,Mojito,Beverages,85.0,12.0,614.0,Yes
4741,634,Mojito,Beverages,141.0,15.0,499.0,Yes
4742,635,Dal Makhani,Main Course,179.0,14.0,386.0,No
4743,635,Ice Cream,Desserts,98.0,8.0,544.0,No
4744,635,Masala Chai,Beverages,208.0,3.0,519.0,Yes
4745,635,Fish Fingers,Starters,160.0,15.0,538.0,Yes
4746,635,Fried Rice,Main Course,91.0,18.0,614.0,Yes
4747,635,Brownie,Desserts,153.0,14.0,646.0,Yes
4748,635,Rasmalai,Desserts,131.0,23.0,207.0,Yes
4749,635,Lassi,Beverages,251.0,13.0,536.0,Yes
4750,635,Momos,Starters,130.0,22.0,111.0,Yes
4751,636,Butter Naan,Breads,170.0,18.0,251.0,Yes
4752,636,Rasmalai,Desserts,183.0,39.0,247.0,Yes
4753,636,Garlic Naan,Breads,220.0,13.0,580.0,Yes
4754,636,Fresh Lime Soda,Beverages,203.0,14.0,418.0,Yes
4755,636,Chicken Burger,Fast Food,332.0,14.0,533.0,Yes
4756,636,Veg Manchurian,Starters,83.0,21.0,385.0,Yes
4757,636,Fresh Lime Soda,Beverages,287.0,17.0,590.0,Yes
4758,636,Veg Sandwich,Fast Food,107.0,8.0,255.0,Yes
4759,636,Fresh Lime Soda,Beverages,222.0,9.0,66.0,Yes
4760,637,Ice Cream,Desserts,149.0,19.0,332.0,Yes
4761,637,Butter Naan,Breads,78.0,27.0,521.0,Yes
4762,637,Butter Chicken,Main Course,210.0,28.0,264.0,Yes
4763,637,Paneer Tikka,Starters,161.0,27.0,424.0,Yes
4764,637,Cold Coffee,Beverages,333.0,3.0,127.0,Yes
4765,637,Veg Manchurian,Starters,135.0,22.0,506.0,Yes
4766,637,Kheer,Desserts,158.0,26.0,462.0,Yes
4767,638,Paneer Butter Masala,Main Course,185.0,28.0,409.0,Yes
4768,638,French Fries,Fast Food,114.0,16.0,246.0,Yes
4769,638,Chole Bhature,Main Course,162.0,11.0,200.0,Yes
4770,638,Veg Sandwich,Fast Food,136.0,5.0,512.0,Yes
4771,638,Chicken 65,Starters,237.0,26.0,320.0,Yes
4772,638,Chicken Burger,Fast Food,220.0,8.0,314.0,Yes
4773,638,Chole Bhature,Main Course,272.0,27.0,418.0,Yes
4774,639,Chicken Burger,Fast Food,241.0,16.0,550.0,Yes
4775,639,Veg Burger,Fast Food,98.0,18.0,577.0,Yes
4776,639,Ice Cream,Desserts,134.0,17.0,464.0,Yes
4777,639,Mojito,Beverages,264.0,12.0,456.0,Yes
4778,639,Masala Chai,Beverages,268.0,25.0,393.0,Yes
4779,639,Rasmalai,Desserts,148.0,17.0,293.0,Yes
4780,639,French Fries,Fast Food,228.0,19.0,50.0,No
4781,639,Mojito,Beverages,212.0,14.0,424.0,Yes
4782,639,Butter Chicken,Main Course,316.0,10.0,340.0,Yes
4783,640,Biryani,Main Course,159.0,7.0,415.0,Yes
4784,640,Kulcha,Breads,219.0,14.0,482.0,Yes
4785,640,Kulcha,Breads,313.0,12.0,377.0,Yes
4786,640,Cheese Pizza,Fast Food,153.0,32.0,485.0,Yes
4787,640,Veg Burger,Fast Food,276.0,16.0,669.0,Yes
4788,640,Gulab Jamun,Desserts,270.0,10.0,221.0,Yes
4789,640,Cheese Pizza,Fast Food,185.0,22.0,345.0,Yes
4790,640,Masala Chai,Beverages,113.0,25.0,454.0,Yes
4791,640,Veg Sandwich,Fast Food,173.0,12.0,390.0,Yes
4792,641,Rasmalai,Desserts,112.0,25.0,511.0,Yes
4793,641,French Fries,Fast Food,94.0,10.0,596.0,Yes
4794,641,Lassi,Beverages,252.0,23.0,571.0,Yes
4795,641,Gulab Jamun,Desserts,92.0,16.0,684.0,Yes
4796,641,Chole Bhature,Main Course,316.0,22.0,431.0,Yes
4797,641,Gulab Jamun,Desserts,229.0,17.0,295.0,Yes
4798,641,Biryani,Main Course,107.0,35.0,312.0,Yes
4799,641,Mojito,Beverages,274.0,3.0,321.0,Yes
4800,641,Fried Rice,Main Course,169.0,13.0,284.0,Yes
4801,642,Paneer Tikka,Starters,264.0,20.0,318.0,Yes
4802,642,Veg Burger,Fast Food,122.0,7.0,233.0,Yes
4803,642,Paneer Tikka,Starters,84.0,14.0,860.0,Yes
4804,642,Lassi,Beverages,130.0,14.0,316.0,Yes
4805,642,Rasmalai,Desserts,220.0,7.0,248.0,Yes
4806,642,Spring Rolls,Starters,278.0,20.0,425.0,Yes
4807,642,Fresh Lime Soda,Beverages,260.0,18.0,221.0,Yes
4808,642,Cheese Pizza,Fast Food,224.0,22.0,172.0,Yes
4809,643,French Fries,Fast Food,207.0,23.0,504.0,Yes
4810,643,Dal Makhani,Main Course,255.0,21.0,549.0,Yes
4811,643,Ice Cream,Desserts,90.0,30.0,116.0,Yes
4812,643,Cheese Pizza,Fast Food,257.0,10.0,586.0,No
4813,643,Fresh Lime Soda,Beverages,244.0,13.0,359.0,Yes
4814,643,Cheese Pizza,Fast Food,139.0,23.0,188.0,Yes
4815,643,Chole Bhature,Main Course,158.0,21.0,114.0,Yes
4816,644,Lassi,Beverages,63.0,27.0,116.0,Yes
4817,644,Fish Fingers,Starters,92.0,31.0,455.0,No
4818,644,Chicken 65,Starters,296.0,11.0,189.0,Yes
4819,644,Kulcha,Breads,188.0,21.0,152.0,Yes
4820,644,Butter Naan,Breads,180.0,11.0,409.0,Yes
4821,644,Veg Sandwich,Fast Food,271.0,15.0,576.0,Yes
4822,644,Kulcha,Breads,158.0,25.0,529.0,Yes
4823,645,Paneer Butter Masala,Main Course,237.0,19.0,663.0,Yes
4824,645,Masala Chai,Beverages,199.0,23.0,180.0,Yes
4825,645,Butter Naan,Breads,246.0,26.0,340.0,Yes
4826,645,Lassi,Beverages,293.0,10.0,256.0,Yes
4827,645,Paneer Tikka,Starters,215.0,20.0,319.0,Yes
4828,645,Biryani,Main Course,69.0,27.0,163.0,Yes
4829,645,Veg Sandwich,Fast Food,219.0,11.0,440.0,Yes
4830,645,Tandoori Roti,Breads,168.0,31.0,609.0,Yes
4831,646,Biryani,Main Course,164.0,27.0,121.0,Yes
4832,646,Kheer,Desserts,167.0,15.0,93.0,Yes
4833,646,Mojito,Beverages,139.0,27.0,427.0,Yes
4834,646,Kheer,Desserts,227.0,9.0,265.0,Yes
4835,646,Brownie,Desserts,168.0,20.0,491.0,Yes
4836,646,Tandoori Roti,Breads,183.0,13.0,322.0,Yes
4837,646,Chicken Burger,Fast Food,118.0,12.0,270.0,Yes
4838,647,Gulab Jamun,Desserts,228.0,18.0,479.0,Yes
4839,647,Chicken Burger,Fast Food,153.0,17.0,124.0,Yes
4840,647,Kulcha,Breads,247.0,21.0,419.0,Yes
4841,647,Kheer,Desserts,262.0,31.0,282.0,Yes
4842,647,Kulcha,Breads,307.0,28.0,337.0,Yes
4843,647,Ice Cream,Desserts,81.0,20.0,569.0,Yes
4844,647,Chicken Burger,Fast Food,66.0,8.0,487.0,Yes
4845,647,Veg Burger,Fast Food,192.0,24.0,443.0,Yes
4846,647,Dal Makhani,Main Course,213.0,19.0,405.0,Yes
4847,648,Garlic Naan,Breads,239.0,7.0,393.0,Yes
4848,648,Lassi,Beverages,140.0,14.0,493.0,Yes
4849,648,Lassi,Beverages,253.0,24.0,521.0,No
4850,648,French Fries,Fast Food,205.0,6.0,362.0,Yes
4851,648,Butter Naan,Breads,219.0,19.0,533.0,Yes
4852,648,Ice Cream,Desserts,207.0,18.0,280.0,Yes
4853,648,Ice Cream,Desserts,149.0,26.0,354.0,No
4854,648,Mojito,Beverages,252.0,3.0,275.0,Yes
4855,648,Fish Fingers,Starters,40.0,3.0,125.0,Yes
4856,649,Tandoori Roti,Breads,165.0,29.0,159.0,Yes
4857,649,Garlic Naan,Breads,181.0,16.0,407.0,Yes
4858,649,Veg Burger,Fast Food,159.0,12.0,63.0,Yes
4859,649,Masala Chai,Beverages,231.0,26.0,395.0,Yes
4860,649,Veg Sandwich,Fast Food,184.0,7.0,324.0,Yes
4861,649,Veg Burger,Fast Food,227.0,9.0,383.0,Yes
4862,649,Paneer Butter Masala,Main Course,373.0,19.0,230.0,No
4863,649,Rasmalai,Desserts,430.0,20.0,276.0,Yes
4864,650,Cold Coffee,Beverages,170.0,4.0,276.0,No
4865,650,Cold Coffee,Beverages,258.0,8.0,187.0,Yes
4866,650,Rasmalai,Desserts,264.0,35.0,482.0,Yes
4867,650,Brownie,Desserts,339.0,8.0,469.0,Yes
4868,650,Veg Sandwich,Fast Food,281.0,13.0,257.0,Yes
4869,650,Kheer,Desserts,170.0,20.0,365.0,Yes
4870,651,Tandoori Roti,Breads,198.0,7.0,444.0,Yes
4871,651,Veg Sandwich,Fast Food,248.0,20.0,283.0,Yes
4872,651,Fish Fingers,Starters,40.0,18.0,314.0,Yes
4873,651,Paneer Butter Masala,Main Course,325.0,29.0,119.0,Yes
4874,651,Veg Burger,Fast Food,156.0,11.0,221.0,Yes
4875,651,Kheer,Desserts,164.0,11.0,262.0,No
4876,651,Spring Rolls,Starters,88.0,28.0,370.0,Yes
4877,652,Fried Rice,Main Course,174.0,28.0,352.0,Yes
4878,652,Chole Bhature,Main Course,208.0,12.0,325.0,Yes
4879,652,Paneer Butter Masala,Main Course,190.0,19.0,511.0,Yes
4880,652,Butter Naan,Breads,276.0,17.0,562.0,Yes
4881,652,Chicken 65,Starters,105.0,23.0,289.0,Yes
4882,652,Fried Rice,Main Course,116.0,26.0,65.0,Yes
4883,652,Cold Coffee,Beverages,239.0,19.0,425.0,Yes
4884,652,Tandoori Roti,Breads,325.0,9.0,223.0,Yes
4885,652,Tandoori Roti,Breads,279.0,16.0,581.0,Yes
4886,653,Butter Naan,Breads,239.0,20.0,368.0,Yes
4887,653,Veg Burger,Fast Food,157.0,33.0,308.0,Yes
4888,653,Fried Rice,Main Course,273.0,10.0,266.0,Yes
4889,653,Masala Chai,Beverages,196.0,16.0,544.0,Yes
4890,653,Momos,Starters,155.0,13.0,209.0,Yes
4891,653,Veg Manchurian,Starters,390.0,6.0,867.0,Yes
4892,654,Chicken Burger,Fast Food,240.0,21.0,173.0,No
4893,654,Veg Manchurian,Starters,229.0,5.0,375.0,Yes
4894,654,Veg Burger,Fast Food,278.0,6.0,498.0,Yes
4895,654,Tandoori Roti,Breads,147.0,22.0,198.0,Yes
4896,654,Spring Rolls,Starters,299.0,23.0,273.0,Yes
4897,654,Garlic Naan,Breads,110.0,28.0,335.0,Yes
4898,655,Brownie,Desserts,104.0,22.0,496.0,Yes
4899,655,Veg Manchurian,Starters,129.0,29.0,399.0,Yes
4900,655,Garlic Naan,Breads,262.0,25.0,201.0,Yes
4901,655,Ice Cream,Desserts,284.0,26.0,450.0,No
4902,655,Chicken 65,Starters,40.0,19.0,263.0,Yes
4903,655,Chicken 65,Starters,57.0,16.0,73.0,Yes
4904,656,Fried Rice,Main Course,170.0,26.0,482.0,Yes
4905,656,Chicken Burger,Fast Food,285.0,15.0,467.0,Yes
4906,656,Biryani,Main Course,82.0,3.0,233.0,Yes
4907,656,French Fries,Fast Food,113.0,11.0,584.0,Yes
4908,656,Kheer,Desserts,166.0,35.0,628.0,Yes
4909,656,Veg Sandwich,Fast Food,89.0,26.0,557.0,Yes
4910,656,Momos,Starters,147.0,18.0,301.0,Yes
4911,656,Spring Rolls,Starters,394.0,30.0,356.0,Yes
4912,656,Masala Chai,Beverages,320.0,14.0,542.0,Yes
4913,657,Butter Chicken,Main Course,203.0,17.0,247.0,Yes
4914,657,Butter Naan,Breads,127.0,22.0,410.0,Yes
4915,657,Kulcha,Breads,150.0,29.0,419.0,Yes
4916,657,Veg Burger,Fast Food,180.0,13.0,444.0,Yes
4917,657,Cheese Pizza,Fast Food,233.0,19.0,488.0,Yes
4918,657,Fish Fingers,Starters,120.0,9.0,361.0,Yes
4919,658,Garlic Naan,Breads,218.0,26.0,735.0,No
4920,658,Dal Makhani,Main Course,238.0,3.0,575.0,Yes
4921,658,Butter Chicken,Main Course,217.0,12.0,523.0,Yes
4922,658,Cold Coffee,Beverages,217.0,14.0,418.0,Yes
4923,658,Tandoori Roti,Breads,99.0,16.0,204.0,Yes
4924,658,Fish Fingers,Starters,218.0,20.0,570.0,Yes
4925,658,Lassi,Beverages,270.0,12.0,457.0,Yes
4926,658,Veg Sandwich,Fast Food,217.0,11.0,536.0,Yes
4927,659,Masala Chai,Beverages,151.0,12.0,374.0,Yes
4928,659,Veg Burger,Fast Food,40.0,3.0,487.0,Yes
4929,659,Tandoori Roti,Breads,120.0,8.0,156.0,Yes
4930,659,Paneer Tikka,Starters,65.0,11.0,101.0,Yes
4931,659,Spring Rolls,Starters,239.0,21.0,280.0,Yes
4932,659,Fresh Lime Soda,Beverages,297.0,12.0,394.0,Yes
4933,659,Kheer,Desserts,299.0,15.0,519.0,Yes
4934,660,Veg Manchurian,Starters,242.0,14.0,358.0,Yes
4935,660,Lassi,Beverages,57.0,3.0,283.0,Yes
4936,660,Cold Coffee,Beverages,201.0,8.0,492.0,Yes
4937,660,Butter Naan,Breads,139.0,25.0,238.0,No
4938,660,Tandoori Roti,Breads,174.0,8.0,113.0,No
4939,660,Brownie,Desserts,156.0,8.0,391.0,Yes
4940,660,Butter Chicken,Main Course,217.0,6.0,524.0,Yes
4941,661,Kheer,Desserts,71.0,12.0,300.0,Yes
4942,661,Fresh Lime Soda,Beverages,199.0,22.0,478.0,Yes
4943,661,Gulab Jamun,Desserts,117.0,22.0,528.0,No
4944,661,Butter Naan,Breads,126.0,5.0,348.0,No
4945,661,Mojito,Beverages,282.0,31.0,79.0,No
4946,661,Fresh Lime Soda,Beverages,203.0,20.0,619.0,Yes
4947,661,Kulcha,Breads,195.0,19.0,346.0,No
4948,661,Mojito,Beverages,94.0,13.0,458.0,Yes
4949,661,Rasmalai,Desserts,74.0,27.0,439.0,Yes
4950,662,Brownie,Desserts,40.0,20.0,315.0,No
4951,662,Paneer Tikka,Starters,329.0,5.0,381.0,No
4952,662,Veg Sandwich,Fast Food,104.0,23.0,542.0,Yes
4953,662,Butter Naan,Breads,56.0,19.0,657.0,Yes
4954,662,Butter Chicken,Main Course,258.0,30.0,454.0,No
4955,662,Kheer,Desserts,56.0,5.0,315.0,Yes
4956,662,Cheese Pizza,Fast Food,116.0,31.0,698.0,Yes
4957,662,Dal Makhani,Main Course,241.0,23.0,266.0,Yes
4958,663,Tandoori Roti,Breads,225.0,6.0,232.0,Yes
4959,663,Biryani,Main Course,315.0,20.0,506.0,Yes
4960,663,Paneer Butter Masala,Main Course,40.0,14.0,321.0,Yes
4961,663,French Fries,Fast Food,277.0,25.0,532.0,Yes
4962,663,Paneer Tikka,Starters,191.0,29.0,280.0,Yes
4963,663,Chole Bhature,Main Course,154.0,31.0,415.0,Yes
4964,663,Chole Bhature,Main Course,295.0,14.0,418.0,Yes
4965,664,Veg Sandwich,Fast Food,275.0,28.0,387.0,Yes
4966,664,Fried Rice,Main Course,55.0,10.0,341.0,Yes
4967,664,Kheer,Desserts,222.0,11.0,469.0,Yes
4968,664,Cheese Pizza,Fast Food,206.0,14.0,117.0,No
4969,664,Paneer Tikka,Starters,225.0,4.0,526.0,Yes
4970,664,Gulab Jamun,Desserts,374.0,18.0,323.0,Yes
4971,664,Garlic Naan,Breads,316.0,15.0,440.0,Yes
4972,665,Paneer Tikka,Starters,239.0,11.0,627.0,Yes
4973,665,Masala Chai,Beverages,282.0,35.0,486.0,Yes
4974,665,Gulab Jamun,Desserts,149.0,8.0,419.0,Yes
4975,665,Brownie,Desserts,189.0,28.0,371.0,Yes
4976,665,Biryani,Main Course,114.0,3.0,385.0,Yes
4977,665,Paneer Tikka,Starters,115.0,14.0,369.0,Yes
4978,666,Kheer,Desserts,188.0,10.0,297.0,Yes
4979,666,Cold Coffee,Beverages,310.0,15.0,507.0,Yes
4980,666,Ice Cream,Desserts,145.0,15.0,553.0,Yes
4981,666,Veg Manchurian,Starters,132.0,24.0,488.0,Yes
4982,666,Rasmalai,Desserts,145.0,8.0,516.0,Yes
4983,666,Paneer Tikka,Starters,124.0,15.0,318.0,No
4984,666,Butter Naan,Breads,40.0,18.0,85.0,Yes
4985,667,Cheese Pizza,Fast Food,235.0,23.0,383.0,Yes
4986,667,Rasmalai,Desserts,69.0,22.0,50.0,Yes
4987,667,French Fries,Fast Food,179.0,28.0,445.0,Yes
4988,667,Paneer Tikka,Starters,122.0,8.0,770.0,Yes
4989,667,Tandoori Roti,Breads,142.0,16.0,321.0,Yes
4990,667,Gulab Jamun,Desserts,94.0,3.0,310.0,Yes
4991,667,Spring Rolls,Starters,171.0,9.0,50.0,No
4992,667,Cold Coffee,Beverages,202.0,17.0,622.0,Yes
4993,667,Biryani,Main Course,167.0,3.0,591.0,Yes
4994,668,Butter Chicken,Main Course,298.0,6.0,478.0,No
4995,668,Fresh Lime Soda,Beverages,308.0,31.0,600.0,Yes
4996,668,Dal Makhani,Main Course,207.0,17.0,309.0,Yes
4997,668,Veg Burger,Fast Food,121.0,7.0,469.0,No
4998,668,Butter Naan,Breads,163.0,14.0,377.0,Yes
4999,668,Chole Bhature,Main Course,279.0,23.0,101.0,Yes
5000,668,Fried Rice,Main Course,399.0,27.0,325.0,Yes
5001,669,Lassi,Beverages,180.0,17.0,244.0,Yes
5002,669,Paneer Butter Masala,Main Course,145.0,9.0,538.0,Yes
5003,669,Veg Burger,Fast Food,40.0,12.0,251.0,Yes
5004,669,Fresh Lime Soda,Beverages,339.0,24.0,475.0,Yes
5005,669,Fried Rice,Main Course,278.0,18.0,377.0,Yes
5006,669,Biryani,Main Course,168.0,14.0,504.0,No
5007,670,Chicken Burger,Fast Food,266.0,23.0,333.0,Yes
5008,670,Butter Naan,Breads,129.0,35.0,345.0,No
5009,670,Fish Fingers,Starters,306.0,14.0,,Yes
5010,670,Paneer Butter Masala,Main Course,219.0,30.0,458.0,Yes
5011,670,Chicken Burger,Fast Food,126.0,37.0,434.0,Yes
5012,670,Gulab Jamun,Desserts,158.0,22.0,244.0,No
5013,670,Cheese Pizza,Fast Food,253.0,9.0,499.0,Yes
5014,670,Garlic Naan,Breads,323.0,10.0,418.0,Yes
5015,670,Fresh Lime Soda,Beverages,211.0,25.0,477.0,Yes
5016,671,Dal Makhani,Main Course,187.0,28.0,433.0,Yes
5017,671,Cheese Pizza,Fast Food,120.0,9.0,577.0,Yes
5018,671,Garlic Naan,Breads,311.0,19.0,179.0,Yes
5019,671,Paneer Tikka,Starters,130.0,28.0,482.0,Yes
5020,671,Fried Rice,Main Course,45.0,22.0,392.0,Yes
5021,671,Kulcha,Breads,259.0,14.0,599.0,Yes
5022,671,Brownie,Desserts,157.0,3.0,306.0,Yes
5023,672,Brownie,Desserts,202.0,19.0,327.0,Yes
5024,672,Chicken Burger,Fast Food,40.0,27.0,644.0,Yes
5025,672,Cheese Pizza,Fast Food,94.0,24.0,493.0,Yes
5026,672,Gulab Jamun,Desserts,67.0,20.0,826.0,Yes
5027,672,Tandoori Roti,Breads,60.0,28.0,393.0,Yes
5028,672,Lassi,Beverages,154.0,28.0,306.0,Yes
5029,673,Kulcha,Breads,188.0,16.0,253.0,Yes
5030,673,Chicken Burger,Fast Food,291.0,21.0,740.0,Yes
5031,673,Kheer,Desserts,193.0,17.0,350.0,Yes
5032,673,Spring Rolls,Starters,154.0,30.0,315.0,Yes
5033,673,Chicken Burger,Fast Food,221.0,15.0,205.0,Yes
5034,673,Ice Cream,Desserts,209.0,5.0,,Yes
5035,673,Chole Bhature,Main Course,139.0,14.0,381.0,Yes
5036,674,Chicken 65,Starters,182.0,16.0,478.0,Yes
5037,674,Butter Chicken,Main Course,180.0,40.0,234.0,No
5038,674,Garlic Naan,Breads,78.0,14.0,270.0,Yes
5039,674,Veg Manchurian,Starters,287.0,31.0,339.0,Yes
5040,674,French Fries,Fast Food,226.0,21.0,331.0,Yes
5041,674,Brownie,Desserts,235.0,24.0,149.0,Yes
5042,674,Lassi,Beverages,73.0,15.0,351.0,Yes
5043,674,Kulcha,Breads,187.0,10.0,244.0,Yes
5044,674,Spring Rolls,Starters,147.0,8.0,579.0,Yes
5045,675,Lassi,Beverages,273.0,22.0,552.0,Yes
5046,675,Butter Naan,Breads,141.0,14.0,460.0,Yes
5047,675,Cold Coffee,Beverages,249.0,20.0,443.0,Yes
5048,675,Veg Burger,Fast Food,211.0,25.0,563.0,Yes
5049,675,Tandoori Roti,Breads,158.0,23.0,82.0,Yes
5050,675,Dal Makhani,Main Course,40.0,15.0,304.0,Yes
5051,675,Biryani,Main Course,337.0,15.0,455.0,Yes
5052,675,Butter Chicken,Main Course,198.0,6.0,443.0,Yes
5053,675,Masala Chai,Beverages,182.0,30.0,316.0,Yes
5054,676,French Fries,Fast Food,236.0,22.0,273.0,Yes
5055,676,Momos,Starters,40.0,18.0,587.0,Yes
5056,676,Butter Naan,Breads,207.0,25.0,305.0,Yes
5057,676,Mojito,Beverages,249.0,3.0,,Yes
5058,676,Tandoori Roti,Breads,40.0,22.0,316.0,Yes
5059,676,Cheese Pizza,Fast Food,256.0,17.0,564.0,Yes
5060,676,Rasmalai,Desserts,219.0,18.0,577.0,Yes
5061,676,Gulab Jamun,Desserts,220.0,31.0,395.0,Yes
5062,677,Momos,Starters,161.0,10.0,316.0,Yes
5063,677,Ice Cream,Desserts,158.0,12.0,495.0,Yes
5064,677,Chicken 65,Starters,66.0,11.0,80.0,Yes
5065,677,Fresh Lime Soda,Beverages,117.0,27.0,322.0,Yes
5066,677,Veg Burger,Fast Food,104.0,12.0,452.0,Yes
5067,677,Brownie,Desserts,294.0,24.0,201.0,Yes
5068,677,Spring Rolls,Starters,305.0,26.0,470.0,Yes
5069,677,Gulab Jamun,Desserts,78.0,10.0,284.0,Yes
5070,678,Chicken Burger,Fast Food,131.0,19.0,50.0,Yes
5071,678,Cold Coffee,Beverages,64.0,16.0,547.0,Yes
5072,678,Momos,Starters,152.0,19.0,,Yes
5073,678,Chicken Burger,Fast Food,108.0,9.0,234.0,Yes
5074,678,Lassi,Beverages,155.0,12.0,649.0,Yes
5075,678,Fried Rice,Main Course,201.0,23.0,271.0,Yes
5076,679,Chicken Burger,Fast Food,175.0,15.0,428.0,Yes
5077,679,Tandoori Roti,Breads,214.0,15.0,368.0,No
5078,679,Dal Makhani,Main Course,281.0,10.0,508.0,Yes
5079,679,Gulab Jamun,Desserts,206.0,23.0,353.0,Yes
5080,679,Rasmalai,Desserts,272.0,12.0,475.0,Yes
5081,679,Biryani,Main Course,224.0,19.0,553.0,Yes
5082,679,Ice Cream,Desserts,279.0,23.0,666.0,No
5083,680,Kheer,Desserts,143.0,15.0,442.0,Yes
5084,680,Brownie,Desserts,164.0,15.0,180.0,Yes
5085,680,Fresh Lime Soda,Beverages,250.0,17.0,391.0,Yes
5086,680,Masala Chai,Beverages,88.0,14.0,435.0,Yes
5087,680,Cold Coffee,Beverages,71.0,16.0,334.0,Yes
5088,680,Butter Chicken,Main Course,170.0,16.0,198.0,Yes
5089,680,Masala Chai,Beverages,256.0,3.0,432.0,Yes
5090,681,Chole Bhature,Main Course,273.0,17.0,193.0,Yes
5091,681,Butter Naan,Breads,251.0,5.0,349.0,Yes
5092,681,Brownie,Desserts,282.0,17.0,403.0,Yes
5093,681,Veg Manchurian,Starters,290.0,5.0,407.0,Yes
5094,681,Spring Rolls,Starters,180.0,11.0,306.0,Yes
5095,681,Tandoori Roti,Breads,270.0,3.0,372.0,Yes
5096,681,Chicken 65,Starters,116.0,19.0,320.0,No
5097,681,Kheer,Desserts,195.0,17.0,405.0,Yes
5098,681,Tandoori Roti,Breads,170.0,18.0,430.0,Yes
5099,682,Dal Makhani,Main Course,185.0,16.0,551.0,Yes
5100,682,Tandoori Roti,Breads,96.0,35.0,268.0,No
5101,682,Veg Sandwich,Fast Food,136.0,3.0,354.0,Yes
5102,682,Cheese Pizza,Fast Food,259.0,10.0,604.0,No
5103,682,Lassi,Beverages,164.0,6.0,274.0,Yes
5104,682,Dal Makhani,Main Course,222.0,13.0,641.0,Yes
5105,682,Ice Cream,Desserts,117.0,17.0,304.0,Yes
5106,682,Garlic Naan,Breads,262.0,6.0,90.0,Yes
5107,682,Veg Burger,Fast Food,131.0,16.0,145.0,Yes
5108,683,Mojito,Beverages,218.0,23.0,346.0,Yes
5109,683,Kulcha,Breads,118.0,29.0,233.0,Yes
5110,683,Cheese Pizza,Fast Food,227.0,14.0,427.0,Yes
5111,683,Lassi,Beverages,250.0,20.0,128.0,Yes
5112,683,Momos,Starters,262.0,3.0,499.0,Yes
5113,683,Rasmalai,Desserts,220.0,15.0,469.0,Yes
5114,684,Chicken Burger,Fast Food,79.0,7.0,482.0,Yes
5115,684,Fresh Lime Soda,Beverages,149.0,29.0,345.0,Yes
5116,684,Brownie,Desserts,87.0,39.0,186.0,Yes
5117,684,Chole Bhature,Main Course,193.0,18.0,507.0,Yes
5118,684,Lassi,Beverages,149.0,15.0,377.0,Yes
5119,684,Chicken Burger,Fast Food,342.0,24.0,271.0,Yes
5120,684,Butter Naan,Breads,132.0,16.0,265.0,Yes
5121,685,Kheer,Desserts,40.0,12.0,263.0,Yes
5122,685,Veg Manchurian,Starters,321.0,18.0,175.0,Yes
5123,685,Dal Makhani,Main Course,152.0,21.0,509.0,Yes
5124,685,Lassi,Beverages,197.0,22.0,379.0,Yes
5125,685,Fresh Lime Soda,Beverages,167.0,44.0,309.0,Yes
5126,685,Dal Makhani,Main Course,66.0,14.0,383.0,Yes
5127,685,Dal Makhani,Main Course,40.0,22.0,308.0,Yes
5128,685,Paneer Tikka,Starters,40.0,17.0,278.0,Yes
5129,685,Ice Cream,Desserts,271.0,9.0,318.0,Yes
5130,686,Ice Cream,Desserts,211.0,15.0,258.0,Yes
5131,686,Biryani,Main Course,94.0,27.0,319.0,Yes
5132,686,French Fries,Fast Food,71.0,15.0,378.0,Yes
5133,686,Kulcha,Breads,231.0,7.0,654.0,Yes
5134,686,Ice Cream,Desserts,131.0,31.0,430.0,Yes
5135,686,Masala Chai,Beverages,231.0,24.0,337.0,Yes
5136,686,Fresh Lime Soda,Beverages,57.0,23.0,725.0,Yes
5137,687,Spring Rolls,Starters,180.0,18.0,449.0,Yes
5138,687,Brownie,Desserts,48.0,27.0,213.0,Yes
5139,687,Chicken Burger,Fast Food,314.0,20.0,591.0,Yes
5140,687,Kheer,Desserts,40.0,25.0,428.0,Yes
5141,687,Tandoori Roti,Breads,157.0,27.0,516.0,Yes
5142,687,Garlic Naan,Breads,196.0,3.0,351.0,Yes
5143,688,Momos,Starters,261.0,12.0,445.0,No
5144,688,Fresh Lime Soda,Beverages,238.0,28.0,433.0,Yes
5145,688,Gulab Jamun,Desserts,97.0,27.0,363.0,No
5146,688,Momos,Starters,226.0,12.0,205.0,Yes
5147,688,Gulab Jamun,Desserts,67.0,29.0,394.0,Yes
5148,688,Spring Rolls,Starters,245.0,34.0,540.0,Yes
5149,688,Kheer,Desserts,350.0,9.0,400.0,No
5150,688,Mojito,Beverages,100.0,9.0,308.0,Yes
5151,688,Fish Fingers,Starters,112.0,13.0,413.0,Yes
5152,689,Kheer,Desserts,209.0,25.0,484.0,Yes
5153,689,Butter Naan,Breads,355.0,34.0,325.0,Yes
5154,689,Garlic Naan,Breads,202.0,18.0,247.0,Yes
5155,689,Lassi,Beverages,262.0,24.0,505.0,Yes
5156,689,Dal Makhani,Main Course,264.0,13.0,596.0,Yes
5157,689,Brownie,Desserts,293.0,3.0,334.0,Yes
5158,689,Mojito,Beverages,224.0,40.0,439.0,No
5159,689,Cheese Pizza,Fast Food,210.0,15.0,388.0,No
5160,690,French Fries,Fast Food,318.0,18.0,624.0,Yes
5161,690,Momos,Starters,160.0,21.0,129.0,Yes
5162,690,Garlic Naan,Breads,128.0,15.0,393.0,Yes
5163,690,Fried Rice,Main Course,170.0,16.0,588.0,Yes
5164,690,Chicken Burger,Fast Food,139.0,23.0,406.0,Yes
5165,690,Paneer Butter Masala,Main Course,152.0,35.0,493.0,Yes
5166,690,Veg Sandwich,Fast Food,169.0,23.0,488.0,Yes
5167,690,Veg Sandwich,Fast Food,171.0,10.0,343.0,Yes
5168,690,Mojito,Beverages,40.0,13.0,498.0,Yes
5169,691,Cold Coffee,Beverages,206.0,15.0,471.0,Yes
5170,691,Fried Rice,Main Course,266.0,19.0,361.0,Yes
5171,691,Kheer,Desserts,159.0,10.0,521.0,Yes
5172,691,Ice Cream,Desserts,367.0,7.0,318.0,Yes
5173,691,Rasmalai,Desserts,207.0,15.0,494.0,Yes
5174,691,Mojito,Beverages,102.0,3.0,541.0,Yes
5175,691,Lassi,Beverages,249.0,24.0,694.0,Yes
5176,691,Veg Sandwich,Fast Food,136.0,32.0,628.0,Yes
5177,692,Tandoori Roti,Breads,153.0,8.0,253.0,No
5178,692,Mojito,Beverages,241.0,9.0,434.0,Yes
5179,692,Fresh Lime Soda,Beverages,160.0,20.0,537.0,Yes
5180,692,Kheer,Desserts,216.0,24.0,688.0,Yes
5181,692,Mojito,Beverages,40.0,20.0,393.0,Yes
5182,692,Ice Cream,Desserts,181.0,3.0,432.0,Yes
5183,692,Rasmalai,Desserts,134.0,23.0,785.0,Yes
5184,692,Fish Fingers,Starters,80.0,20.0,131.0,Yes
5185,692,Gulab Jamun,Desserts,193.0,25.0,472.0,Yes
5186,693,Garlic Naan,Breads,302.0,23.0,138.0,Yes
5187,693,Masala Chai,Beverages,349.0,6.0,677.0,Yes
5188,693,Veg Manchurian,Starters,241.0,20.0,658.0,Yes
5189,693,Chole Bhature,Main Course,232.0,25.0,429.0,Yes
5190,693,Veg Manchurian,Starters,123.0,9.0,716.0,Yes
5191,693,Butter Chicken,Main Course,317.0,16.0,307.0,Yes
5192,693,Gulab Jamun,Desserts,324.0,25.0,562.0,No
5193,694,Cold Coffee,Beverages,299.0,27.0,694.0,Yes
5194,694,Chole Bhature,Main Course,256.0,7.0,349.0,Yes
5195,694,Spring Rolls,Starters,225.0,20.0,521.0,Yes
5196,694,Brownie,Desserts,183.0,6.0,444.0,Yes
5197,694,Chole Bhature,Main Course,40.0,4.0,479.0,Yes
5198,694,Cold Coffee,Beverages,96.0,14.0,474.0,Yes
5199,694,Chicken 65,Starters,130.0,21.0,579.0,Yes
5200,695,Veg Manchurian,Starters,104.0,13.0,495.0,Yes
5201,695,Chicken Burger,Fast Food,140.0,23.0,477.0,Yes
5202,695,Fish Fingers,Starters,150.0,28.0,220.0,Yes
5203,695,Momos,Starters,234.0,3.0,414.0,No
5204,695,Dal Makhani,Main Course,185.0,8.0,630.0,Yes
5205,695,Gulab Jamun,Desserts,81.0,15.0,577.0,Yes
5206,695,Paneer Tikka,Starters,200.0,14.0,310.0,Yes
5207,696,Lassi,Beverages,181.0,14.0,417.0,Yes
5208,696,Tandoori Roti,Breads,121.0,25.0,305.0,Yes
5209,696,Chicken 65,Starters,45.0,40.0,550.0,Yes
5210,696,Veg Sandwich,Fast Food,119.0,10.0,503.0,Yes
5211,696,Butter Chicken,Main Course,121.0,26.0,477.0,Yes
5212,696,Chicken Burger,Fast Food,206.0,19.0,619.0,Yes
5213,696,Butter Naan,Breads,161.0,19.0,286.0,Yes
5214,696,Cold Coffee,Beverages,234.0,11.0,583.0,Yes
5215,697,Fish Fingers,Starters,298.0,4.0,553.0,Yes
5216,697,Mojito,Beverages,68.0,14.0,396.0,No
5217,697,Chicken 65,Starters,139.0,15.0,521.0,Yes
5218,697,Brownie,Desserts,276.0,17.0,399.0,Yes
5219,697,Veg Burger,Fast Food,236.0,9.0,405.0,Yes
5220,697,Kheer,Desserts,159.0,20.0,225.0,Yes
5221,697,Gulab Jamun,Desserts,212.0,20.0,696.0,Yes
5222,697,Spring Rolls,Starters,63.0,36.0,688.0,Yes
5223,697,Fish Fingers,Starters,295.0,13.0,547.0,Yes
5224,698,Fried Rice,Main Course,40.0,3.0,313.0,Yes
5225,698,Gulab Jamun,Desserts,92.0,3.0,643.0,Yes
5226,698,Dal Makhani,Main Course,115.0,21.0,822.0,Yes
5227,698,Chicken Burger,Fast Food,169.0,7.0,680.0,Yes
5228,698,Lassi,Beverages,166.0,24.0,50.0,Yes
5229,698,Chicken 65,Starters,206.0,17.0,344.0,Yes
5230,699,Kulcha,Breads,267.0,12.0,358.0,Yes
5231,699,Chicken Burger,Fast Food,189.0,24.0,362.0,Yes
5232,699,Kulcha,Breads,165.0,16.0,374.0,Yes
5233,699,Fish Fingers,Starters,61.0,24.0,523.0,Yes
5234,699,Momos,Starters,40.0,14.0,598.0,Yes
5235,699,Momos,Starters,189.0,15.0,232.0,Yes
5236,699,Fish Fingers,Starters,293.0,12.0,503.0,Yes
5237,699,Lassi,Beverages,352.0,18.0,613.0,Yes
5238,699,Veg Sandwich,Fast Food,222.0,26.0,362.0,Yes
5239,700,Spring Rolls,Starters,100.0,14.0,346.0,Yes
5240,700,Brownie,Desserts,204.0,23.0,167.0,Yes
5241,700,Kulcha,Breads,194.0,20.0,407.0,Yes
5242,700,Kheer,Desserts,86.0,21.0,456.0,Yes
5243,700,Fresh Lime Soda,Beverages,254.0,16.0,445.0,Yes
5244,700,Ice Cream,Desserts,230.0,18.0,199.0,Yes
5245,700,Cheese Pizza,Fast Food,40.0,11.0,144.0,Yes
5246,700,Paneer Tikka,Starters,202.0,9.0,301.0,Yes
5247,701,Lassi,Beverages,339.0,14.0,578.0,Yes
5248,701,Masala Chai,Beverages,183.0,6.0,393.0,No
5249,701,Fish Fingers,Starters,40.0,19.0,,Yes
5250,701,Garlic Naan,Breads,178.0,12.0,577.0,Yes
5251,701,Spring Rolls,Starters,183.0,15.0,325.0,Yes
5252,701,Gulab Jamun,Desserts,199.0,14.0,53.0,Yes
5253,702,Fried Rice,Main Course,131.0,18.0,286.0,Yes
5254,702,Tandoori Roti,Breads,202.0,18.0,70.0,Yes
5255,702,Masala Chai,Beverages,116.0,28.0,,Yes
5256,702,Momos,Starters,236.0,25.0,363.0,Yes
5257,702,Lassi,Beverages,129.0,24.0,567.0,Yes
5258,702,Butter Naan,Breads,291.0,12.0,498.0,Yes
5259,703,Mojito,Beverages,169.0,23.0,386.0,No
5260,703,Veg Sandwich,Fast Food,177.0,24.0,350.0,No
5261,703,Butter Naan,Breads,146.0,26.0,461.0,No
5262,703,Cold Coffee,Beverages,91.0,27.0,618.0,Yes
5263,703,Dal Makhani,Main Course,206.0,15.0,641.0,Yes
5264,703,Ice Cream,Desserts,319.0,10.0,360.0,Yes
5265,703,Ice Cream,Desserts,175.0,31.0,533.0,Yes
5266,703,Fresh Lime Soda,Beverages,151.0,17.0,383.0,Yes
5267,703,Brownie,Desserts,111.0,22.0,468.0,Yes
5268,704,French Fries,Fast Food,233.0,19.0,237.0,Yes
5269,704,Chicken Burger,Fast Food,122.0,18.0,534.0,Yes
5270,704,Butter Naan,Breads,205.0,8.0,96.0,Yes
5271,704,Paneer Butter Masala,Main Course,176.0,21.0,518.0,Yes
5272,704,Chicken Burger,Fast Food,337.0,26.0,492.0,Yes
5273,704,Veg Sandwich,Fast Food,131.0,29.0,237.0,No
5274,704,Chicken Burger,Fast Food,278.0,33.0,609.0,Yes
5275,704,Ice Cream,Desserts,144.0,4.0,287.0,Yes
5276,704,Biryani,Main Course,184.0,15.0,436.0,Yes
5277,705,Butter Chicken,Main Course,40.0,24.0,306.0,No
5278,705,Mojito,Beverages,179.0,14.0,512.0,Yes
5279,705,French Fries,Fast Food,129.0,4.0,484.0,Yes
5280,705,Cheese Pizza,Fast Food,40.0,16.0,563.0,Yes
5281,705,Veg Burger,Fast Food,231.0,18.0,410.0,Yes
5282,705,Masala Chai,Beverages,85.0,21.0,473.0,Yes
5283,705,Masala Chai,Beverages,199.0,18.0,378.0,Yes
5284,705,Cheese Pizza,Fast Food,251.0,13.0,198.0,Yes
5285,705,Tandoori Roti,Breads,261.0,7.0,288.0,No
5286,706,Gulab Jamun,Desserts,218.0,20.0,375.0,Yes
5287,706,Garlic Naan,Breads,306.0,25.0,384.0,Yes
5288,706,Chicken 65,Starters,129.0,20.0,428.0,Yes
5289,706,Ice Cream,Desserts,286.0,16.0,553.0,No
5290,706,Brownie,Desserts,60.0,20.0,293.0,Yes
5291,706,Kheer,Desserts,180.0,16.0,233.0,Yes
5292,706,Mojito,Beverages,113.0,14.0,661.0,Yes
5293,706,Dal Makhani,Main Course,131.0,3.0,288.0,Yes
5294,707,French Fries,Fast Food,40.0,9.0,50.0,Yes
5295,707,Dal Makhani,Main Course,124.0,20.0,338.0,Yes
5296,707,Dal Makhani,Main Course,147.0,38.0,309.0,Yes
5297,707,Kulcha,Breads,199.0,18.0,438.0,Yes
5298,707,Lassi,Beverages,125.0,24.0,578.0,Yes
5299,707,Chicken 65,Starters,185.0,27.0,481.0,Yes
5300,707,Veg Burger,Fast Food,195.0,9.0,381.0,No
5301,708,Mojito,Beverages,269.0,14.0,411.0,Yes
5302,708,Fresh Lime Soda,Beverages,83.0,20.0,469.0,Yes
5303,708,Fresh Lime Soda,Beverages,390.0,19.0,445.0,Yes
5304,708,Kheer,Desserts,166.0,17.0,354.0,Yes
5305,708,French Fries,Fast Food,302.0,13.0,572.0,Yes
5306,708,Garlic Naan,Breads,172.0,11.0,315.0,Yes
5307,709,Tandoori Roti,Breads,117.0,13.0,218.0,Yes
5308,709,French Fries,Fast Food,112.0,3.0,415.0,Yes
5309,709,Brownie,Desserts,129.0,16.0,276.0,Yes
5310,709,Paneer Tikka,Starters,302.0,3.0,540.0,Yes
5311,709,Cold Coffee,Beverages,40.0,12.0,454.0,Yes
5312,709,Chicken 65,Starters,355.0,24.0,50.0,No
5313,709,Chicken 65,Starters,211.0,11.0,759.0,Yes
5314,709,Butter Chicken,Main Course,207.0,25.0,269.0,Yes
5315,709,Paneer Butter Masala,Main Course,95.0,17.0,,Yes
5316,710,Kulcha,Breads,209.0,14.0,395.0,Yes
5317,710,Brownie,Desserts,267.0,18.0,359.0,Yes
5318,710,Mojito,Beverages,116.0,13.0,506.0,Yes
5319,710,Cheese Pizza,Fast Food,167.0,10.0,340.0,Yes
5320,710,Fresh Lime Soda,Beverages,254.0,15.0,50.0,Yes
5321,710,Veg Burger,Fast Food,261.0,16.0,519.0,Yes
5322,710,Veg Burger,Fast Food,143.0,21.0,485.0,Yes
5323,710,Dal Makhani,Main Course,113.0,7.0,228.0,Yes
5324,711,Momos,Starters,198.0,16.0,397.0,No
5325,711,Chicken Burger,Fast Food,218.0,15.0,331.0,Yes
5326,711,Lassi,Beverages,105.0,20.0,654.0,Yes
5327,711,Veg Manchurian,Starters,134.0,21.0,598.0,Yes
5328,711,Chicken 65,Starters,119.0,32.0,260.0,Yes
5329,711,Brownie,Desserts,229.0,9.0,478.0,Yes
5330,712,Gulab Jamun,Desserts,120.0,3.0,609.0,Yes
5331,712,Momos,Starters,198.0,13.0,364.0,No
5332,712,Veg Sandwich,Fast Food,162.0,15.0,341.0,No
5333,712,Paneer Tikka,Starters,167.0,33.0,58.0,Yes
5334,712,Cheese Pizza,Fast Food,40.0,21.0,50.0,Yes
5335,712,Paneer Tikka,Starters,134.0,11.0,394.0,Yes
5336,712,Mojito,Beverages,123.0,16.0,283.0,Yes
5337,712,Veg Manchurian,Starters,66.0,15.0,476.0,Yes
5338,713,Ice Cream,Desserts,236.0,19.0,591.0,Yes
5339,713,Veg Burger,Fast Food,187.0,24.0,360.0,Yes
5340,713,Dal Makhani,Main Course,221.0,33.0,426.0,Yes
5341,713,Veg Burger,Fast Food,287.0,18.0,211.0,Yes
5342,713,Ice Cream,Desserts,194.0,22.0,527.0,Yes
5343,713,Chicken Burger,Fast Food,118.0,48.0,561.0,No
5344,713,Tandoori Roti,Breads,293.0,25.0,273.0,Yes
5345,714,Tandoori Roti,Breads,142.0,22.0,123.0,Yes
5346,714,Veg Manchurian,Starters,137.0,13.0,490.0,Yes
5347,714,Chicken 65,Starters,90.0,34.0,883.0,Yes
5348,714,Veg Manchurian,Starters,218.0,27.0,474.0,Yes
5349,714,Veg Manchurian,Starters,131.0,10.0,451.0,Yes
5350,714,Veg Manchurian,Starters,119.0,26.0,303.0,Yes
5351,714,Cold Coffee,Beverages,199.0,11.0,261.0,Yes
5352,715,Paneer Tikka,Starters,309.0,14.0,339.0,No
5353,715,Biryani,Main Course,121.0,13.0,383.0,Yes
5354,715,Veg Burger,Fast Food,40.0,24.0,459.0,Yes
5355,715,Gulab Jamun,Desserts,258.0,28.0,421.0,Yes
5356,715,Tandoori Roti,Breads,189.0,22.0,202.0,Yes
5357,715,Butter Naan,Breads,147.0,25.0,529.0,Yes
5358,715,Cheese Pizza,Fast Food,377.0,17.0,582.0,Yes
5359,715,Mojito,Beverages,174.0,9.0,426.0,Yes
5360,715,Cold Coffee,Beverages,160.0,14.0,238.0,Yes
5361,716,Veg Manchurian,Starters,156.0,11.0,697.0,Yes
5362,716,Momos,Starters,261.0,8.0,310.0,Yes
5363,716,Fresh Lime Soda,Beverages,144.0,16.0,274.0,Yes
5364,716,Kheer,Desserts,170.0,26.0,344.0,Yes
5365,716,Butter Chicken,Main Course,72.0,3.0,106.0,Yes
5366,716,Butter Naan,Breads,205.0,19.0,369.0,No
5367,717,Butter Naan,Breads,127.0,14.0,438.0,No
5368,717,Momos,Starters,126.0,18.0,362.0,Yes
5369,717,Lassi,Beverages,188.0,3.0,521.0,Yes
5370,717,Fried Rice,Main Course,205.0,14.0,352.0,Yes
5371,717,Lassi,Beverages,227.0,16.0,490.0,Yes
5372,717,Veg Burger,Fast Food,190.0,25.0,255.0,Yes
5373,717,Cheese Pizza,Fast Food,191.0,3.0,255.0,Yes
5374,718,Spring Rolls,Starters,58.0,16.0,349.0,Yes
5375,718,Mojito,Beverages,125.0,7.0,149.0,No
5376,718,Cheese Pizza,Fast Food,77.0,24.0,404.0,Yes
5377,718,Biryani,Main Course,96.0,17.0,438.0,Yes
5378,718,Brownie,Desserts,189.0,13.0,319.0,Yes
5379,718,Ice Cream,Desserts,137.0,27.0,488.0,Yes
5380,719,Garlic Naan,Breads,296.0,18.0,251.0,Yes
5381,719,Kulcha,Breads,296.0,15.0,232.0,No
5382,719,Tandoori Roti,Breads,92.0,23.0,420.0,No
5383,719,Momos,Starters,114.0,12.0,805.0,Yes
5384,719,Mojito,Beverages,220.0,16.0,467.0,Yes
5385,719,Brownie,Desserts,40.0,10.0,278.0,Yes
5386,719,Tandoori Roti,Breads,298.0,3.0,258.0,Yes
5387,720,Butter Chicken,Main Course,183.0,14.0,252.0,Yes
5388,720,Veg Sandwich,Fast Food,154.0,30.0,529.0,No
5389,720,Biryani,Main Course,40.0,18.0,134.0,Yes
5390,720,Butter Naan,Breads,204.0,25.0,194.0,Yes
5391,720,Lassi,Beverages,213.0,30.0,72.0,Yes
5392,720,Kulcha,Breads,189.0,19.0,383.0,Yes
5393,720,Rasmalai,Desserts,84.0,20.0,339.0,Yes
5394,721,Gulab Jamun,Desserts,201.0,12.0,,Yes
5395,721,Lassi,Beverages,418.0,5.0,50.0,Yes
5396,721,Kulcha,Breads,191.0,15.0,369.0,Yes
5397,721,Lassi,Beverages,86.0,21.0,613.0,No
5398,721,Tandoori Roti,Breads,115.0,25.0,441.0,Yes
5399,721,Kheer,Desserts,217.0,19.0,332.0,No
5400,721,Chicken Burger,Fast Food,240.0,13.0,546.0,Yes
5401,722,Momos,Starters,282.0,16.0,240.0,No
5402,722,Garlic Naan,Breads,178.0,26.0,325.0,Yes
5403,722,Fish Fingers,Starters,191.0,16.0,342.0,Yes
5404,722,Chicken 65,Starters,328.0,25.0,281.0,Yes
5405,722,Gulab Jamun,Desserts,40.0,21.0,273.0,Yes
5406,722,Veg Sandwich,Fast Food,202.0,16.0,591.0,No
5407,723,Spring Rolls,Starters,165.0,19.0,727.0,Yes
5408,723,Paneer Tikka,Starters,286.0,3.0,357.0,Yes
5409,723,Garlic Naan,Breads,130.0,22.0,315.0,Yes
5410,723,Fish Fingers,Starters,40.0,18.0,543.0,Yes
5411,723,Veg Sandwich,Fast Food,166.0,16.0,386.0,No
5412,723,Butter Naan,Breads,111.0,16.0,355.0,Yes
5413,723,Cheese Pizza,Fast Food,234.0,27.0,511.0,Yes
5414,724,Biryani,Main Course,141.0,3.0,365.0,Yes
5415,724,Butter Naan,Breads,237.0,25.0,364.0,Yes
5416,724,Butter Naan,Breads,127.0,8.0,522.0,Yes
5417,724,French Fries,Fast Food,42.0,25.0,312.0,Yes
5418,724,Chole Bhature,Main Course,74.0,29.0,213.0,Yes
5419,724,Kheer,Desserts,50.0,33.0,489.0,Yes
5420,724,Veg Manchurian,Starters,216.0,19.0,297.0,Yes
5421,725,Cheese Pizza,Fast Food,134.0,31.0,386.0,Yes
5422,725,Chole Bhature,Main Course,120.0,28.0,288.0,Yes
5423,725,Masala Chai,Beverages,222.0,29.0,372.0,Yes
5424,725,Garlic Naan,Breads,40.0,25.0,591.0,Yes
5425,725,Ice Cream,Desserts,181.0,16.0,397.0,Yes
5426,725,Kheer,Desserts,188.0,15.0,663.0,Yes
5427,725,Cold Coffee,Beverages,198.0,18.0,516.0,Yes
5428,726,Spring Rolls,Starters,142.0,16.0,475.0,Yes
5429,726,Masala Chai,Beverages,176.0,24.0,353.0,No
5430,726,Brownie,Desserts,217.0,24.0,552.0,Yes
5431,726,Veg Sandwich,Fast Food,40.0,20.0,526.0,Yes
5432,726,Veg Burger,Fast Food,93.0,26.0,431.0,Yes
5433,726,Ice Cream,Desserts,141.0,21.0,523.0,Yes
5434,727,Chicken 65,Starters,40.0,30.0,107.0,Yes
5435,727,Paneer Butter Masala,Main Course,80.0,29.0,538.0,Yes
5436,727,Butter Naan,Breads,139.0,26.0,451.0,Yes
5437,727,French Fries,Fast Food,201.0,3.0,245.0,No
5438,727,Ice Cream,Desserts,146.0,3.0,516.0,Yes
5439,727,Butter Chicken,Main Course,174.0,28.0,322.0,Yes
5440,727,Ice Cream,Desserts,52.0,10.0,445.0,Yes
5441,727,Gulab Jamun,Desserts,279.0,18.0,548.0,Yes
5442,728,Veg Manchurian,Starters,179.0,23.0,657.0,Yes
5443,728,French Fries,Fast Food,229.0,12.0,439.0,Yes
5444,728,Butter Chicken,Main Course,189.0,15.0,280.0,Yes
5445,728,Fried Rice,Main Course,380.0,15.0,50.0,Yes
5446,728,Chicken 65,Starters,122.0,11.0,362.0,Yes
5447,728,Veg Burger,Fast Food,45.0,13.0,437.0,Yes
5448,728,Paneer Tikka,Starters,59.0,27.0,406.0,Yes
5449,729,Chicken 65,Starters,195.0,14.0,433.0,No
5450,729,Tandoori Roti,Breads,249.0,19.0,569.0,Yes
5451,729,Chicken 65,Starters,192.0,24.0,463.0,Yes
5452,729,Butter Naan,Breads,40.0,10.0,276.0,Yes
5453,729,Rasmalai,Desserts,108.0,9.0,569.0,Yes
5454,729,Veg Burger,Fast Food,316.0,4.0,518.0,Yes
5455,729,Butter Chicken,Main Course,233.0,35.0,388.0,Yes
5456,729,Spring Rolls,Starters,40.0,5.0,567.0,Yes
5457,730,Butter Chicken,Main Course,103.0,23.0,395.0,Yes
5458,730,Garlic Naan,Breads,259.0,5.0,410.0,Yes
5459,730,Veg Burger,Fast Food,250.0,23.0,544.0,No
5460,730,Tandoori Roti,Breads,40.0,17.0,395.0,No
5461,730,Spring Rolls,Starters,312.0,39.0,615.0,Yes
5462,730,Momos,Starters,260.0,21.0,404.0,Yes
5463,730,Chole Bhature,Main Course,293.0,19.0,329.0,Yes
5464,730,Brownie,Desserts,174.0,12.0,121.0,Yes
5465,731,Chicken Burger,Fast Food,40.0,18.0,,Yes
5466,731,Mojito,Beverages,76.0,21.0,287.0,Yes
5467,731,Fresh Lime Soda,Beverages,69.0,9.0,579.0,Yes
5468,731,Veg Sandwich,Fast Food,254.0,11.0,473.0,Yes
5469,731,Rasmalai,Desserts,189.0,24.0,591.0,Yes
5470,731,Lassi,Beverages,40.0,21.0,405.0,Yes
5471,731,Kulcha,Breads,278.0,4.0,207.0,Yes
5472,731,Tandoori Roti,Breads,188.0,15.0,452.0,Yes
5473,731,Fried Rice,Main Course,40.0,27.0,427.0,Yes
5474,732,Kheer,Desserts,196.0,16.0,227.0,Yes
5475,732,Veg Manchurian,Starters,110.0,31.0,411.0,Yes
5476,732,Fresh Lime Soda,Beverages,180.0,24.0,281.0,Yes
5477,732,Mojito,Beverages,218.0,19.0,357.0,Yes
5478,732,Garlic Naan,Breads,136.0,23.0,483.0,Yes
5479,732,Kulcha,Breads,111.0,21.0,231.0,Yes
5480,733,Chicken 65,Starters,117.0,21.0,438.0,Yes
5481,733,Cold Coffee,Beverages,82.0,20.0,372.0,Yes
5482,733,Butter Naan,Breads,275.0,21.0,229.0,Yes
5483,733,Garlic Naan,Breads,196.0,11.0,411.0,Yes
5484,733,Veg Manchurian,Starters,214.0,21.0,256.0,Yes
5485,733,Veg Sandwich,Fast Food,125.0,18.0,334.0,Yes
5486,733,Fresh Lime Soda,Beverages,142.0,9.0,456.0,Yes
5487,734,French Fries,Fast Food,121.0,15.0,406.0,Yes
5488,734,Paneer Butter Masala,Main Course,40.0,5.0,638.0,Yes
5489,734,Chicken Burger,Fast Food,40.0,25.0,533.0,Yes
5490,734,Cheese Pizza,Fast Food,178.0,29.0,523.0,Yes
5491,734,Butter Naan,Breads,197.0,21.0,543.0,Yes
5492,734,Paneer Tikka,Starters,215.0,24.0,641.0,Yes
5493,734,Rasmalai,Desserts,292.0,15.0,272.0,Yes
5494,734,Rasmalai,Desserts,184.0,34.0,223.0,Yes
5495,734,Veg Manchurian,Starters,160.0,16.0,272.0,Yes
5496,735,Butter Naan,Breads,190.0,13.0,392.0,Yes
5497,735,Chicken 65,Starters,164.0,18.0,255.0,Yes
5498,735,Chicken 65,Starters,134.0,16.0,394.0,No
5499,735,Garlic Naan,Breads,180.0,22.0,235.0,Yes
5500,735,Tandoori Roti,Breads,155.0,10.0,245.0,Yes
5501,735,Fish Fingers,Starters,211.0,18.0,318.0,Yes
5502,736,Garlic Naan,Breads,126.0,7.0,557.0,Yes
5503,736,Veg Sandwich,Fast Food,167.0,5.0,410.0,No
5504,736,Paneer Butter Masala,Main Course,111.0,13.0,548.0,Yes
5505,736,Tandoori Roti,Breads,158.0,31.0,850.0,No
5506,736,Gulab Jamun,Desserts,303.0,9.0,610.0,Yes
5507,736,Rasmalai,Desserts,128.0,21.0,607.0,Yes
5508,737,Garlic Naan,Breads,79.0,18.0,417.0,Yes
5509,737,Gulab Jamun,Desserts,101.0,3.0,507.0,Yes
5510,737,Chicken Burger,Fast Food,52.0,23.0,371.0,No
5511,737,Fried Rice,Main Course,300.0,8.0,388.0,No
5512,737,Fresh Lime Soda,Beverages,368.0,12.0,645.0,Yes
5513,737,Chicken Burger,Fast Food,109.0,19.0,272.0,Yes
5514,737,Cold Coffee,Beverages,226.0,7.0,319.0,Yes
5515,738,Veg Burger,Fast Food,134.0,12.0,620.0,Yes
5516,738,Mojito,Beverages,110.0,18.0,678.0,No
5517,738,Kulcha,Breads,202.0,3.0,704.0,Yes
5518,738,Dal Makhani,Main Course,280.0,28.0,601.0,Yes
5519,738,Veg Manchurian,Starters,171.0,6.0,547.0,Yes
5520,738,Butter Chicken,Main Course,40.0,6.0,398.0,Yes
5521,739,Dal Makhani,Main Course,273.0,12.0,308.0,Yes
5522,739,Chole Bhature,Main Course,409.0,25.0,467.0,No
5523,739,Cold Coffee,Beverages,313.0,22.0,232.0,Yes
5524,739,Biryani,Main Course,71.0,16.0,357.0,Yes
5525,739,Tandoori Roti,Breads,369.0,17.0,662.0,Yes
5526,739,Garlic Naan,Breads,214.0,24.0,50.0,Yes
5527,739,Lassi,Beverages,393.0,11.0,566.0,Yes
5528,739,Garlic Naan,Breads,40.0,31.0,165.0,Yes
5529,740,Brownie,Desserts,91.0,14.0,341.0,Yes
5530,740,Garlic Naan,Breads,149.0,21.0,238.0,Yes
5531,740,Paneer Tikka,Starters,209.0,31.0,239.0,Yes
5532,740,Veg Burger,Fast Food,170.0,24.0,142.0,Yes
5533,740,Chole Bhature,Main Course,63.0,22.0,348.0,Yes
5534,740,Chole Bhature,Main Course,199.0,21.0,149.0,Yes
5535,740,Fish Fingers,Starters,336.0,17.0,389.0,Yes
5536,740,Paneer Butter Masala,Main Course,162.0,22.0,513.0,Yes
5537,741,Garlic Naan,Breads,40.0,24.0,209.0,Yes
5538,741,Fried Rice,Main Course,132.0,9.0,316.0,Yes
5539,741,French Fries,Fast Food,147.0,16.0,149.0,Yes
5540,741,Mojito,Beverages,180.0,21.0,,Yes
5541,741,Cheese Pizza,Fast Food,127.0,10.0,50.0,No
5542,741,Fried Rice,Main Course,224.0,20.0,336.0,Yes
5543,742,Kheer,Desserts,40.0,16.0,312.0,Yes
5544,742,Lassi,Beverages,300.0,26.0,279.0,No
5545,742,Butter Naan,Breads,245.0,9.0,590.0,Yes
5546,742,Masala Chai,Beverages,196.0,34.0,294.0,Yes
5547,742,Masala Chai,Beverages,292.0,29.0,329.0,Yes
5548,742,Rasmalai,Desserts,56.0,24.0,250.0,Yes
5549,742,Garlic Naan,Breads,148.0,11.0,685.0,Yes
5550,742,Brownie,Desserts,184.0,20.0,399.0,Yes
5551,742,Kheer,Desserts,110.0,22.0,538.0,Yes
5552,743,Momos,Starters,123.0,18.0,557.0,Yes
5553,743,Butter Naan,Breads,73.0,16.0,523.0,Yes
5554,743,Brownie,Desserts,88.0,19.0,319.0,Yes
5555,743,Chicken Burger,Fast Food,116.0,12.0,198.0,Yes
5556,743,Rasmalai,Desserts,40.0,10.0,461.0,Yes
5557,743,Dal Makhani,Main Course,91.0,14.0,192.0,Yes
5558,743,Mojito,Beverages,192.0,31.0,484.0,Yes
5559,743,Biryani,Main Course,156.0,21.0,576.0,Yes
5560,743,Rasmalai,Desserts,270.0,26.0,436.0,No
5561,744,Gulab Jamun,Desserts,340.0,15.0,616.0,Yes
5562,744,Veg Manchurian,Starters,243.0,12.0,140.0,No
5563,744,Veg Manchurian,Starters,198.0,5.0,432.0,No
5564,744,Butter Naan,Breads,92.0,24.0,200.0,Yes
5565,744,Biryani,Main Course,352.0,20.0,141.0,Yes
5566,744,Fish Fingers,Starters,249.0,5.0,487.0,Yes
5567,744,Brownie,Desserts,106.0,36.0,389.0,Yes
5568,745,Gulab Jamun,Desserts,40.0,16.0,250.0,Yes
5569,745,French Fries,Fast Food,310.0,20.0,335.0,No
5570,745,Mojito,Beverages,217.0,24.0,518.0,Yes
5571,745,Brownie,Desserts,40.0,28.0,126.0,Yes
5572,745,Biryani,Main Course,278.0,13.0,348.0,Yes
5573,745,Kheer,Desserts,154.0,18.0,589.0,No
5574,746,Kulcha,Breads,296.0,19.0,525.0,Yes
5575,746,Garlic Naan,Breads,159.0,15.0,529.0,Yes
5576,746,Paneer Butter Masala,Main Course,273.0,13.0,644.0,Yes
5577,746,Paneer Tikka,Starters,298.0,3.0,273.0,Yes
5578,746,Veg Burger,Fast Food,122.0,15.0,236.0,Yes
5579,746,Lassi,Beverages,165.0,19.0,659.0,Yes
5580,746,Chicken Burger,Fast Food,276.0,36.0,205.0,Yes
5581,746,Butter Naan,Breads,191.0,16.0,381.0,Yes
5582,747,Brownie,Desserts,128.0,14.0,340.0,Yes
5583,747,Spring Rolls,Starters,245.0,20.0,298.0,Yes
5584,747,Tandoori Roti,Breads,264.0,5.0,521.0,Yes
5585,747,Chole Bhature,Main Course,224.0,9.0,432.0,Yes
5586,747,Fresh Lime Soda,Beverages,84.0,21.0,160.0,Yes
5587,747,Paneer Butter Masala,Main Course,222.0,3.0,470.0,Yes
5588,747,Cheese Pizza,Fast Food,71.0,19.0,546.0,Yes
5589,747,Lassi,Beverages,72.0,3.0,185.0,Yes
5590,747,Chicken Burger,Fast Food,133.0,8.0,119.0,Yes
5591,748,Biryani,Main Course,79.0,27.0,617.0,Yes
5592,748,Rasmalai,Desserts,49.0,22.0,464.0,Yes
5593,748,Momos,Starters,92.0,36.0,374.0,Yes
5594,748,Butter Naan,Breads,185.0,3.0,486.0,Yes
5595,748,Chicken Burger,Fast Food,40.0,19.0,315.0,Yes
5596,748,Mojito,Beverages,117.0,12.0,607.0,Yes
5597,748,Butter Naan,Breads,264.0,24.0,389.0,Yes
5598,748,Fish Fingers,Starters,95.0,13.0,296.0,Yes
5599,748,Paneer Butter Masala,Main Course,209.0,20.0,401.0,Yes
5600,749,Spring Rolls,Starters,264.0,15.0,471.0,Yes
5601,749,Kheer,Desserts,66.0,33.0,546.0,Yes
5602,749,Brownie,Desserts,109.0,25.0,526.0,No
5603,749,Dal Makhani,Main Course,40.0,26.0,241.0,Yes
5604,749,Veg Sandwich,Fast Food,234.0,32.0,454.0,Yes
5605,749,Butter Naan,Breads,455.0,24.0,383.0,No
5606,749,Kheer,Desserts,166.0,21.0,393.0,Yes
5607,749,Cold Coffee,Beverages,40.0,14.0,279.0,Yes
5608,749,Paneer Butter Masala,Main Course,253.0,12.0,463.0,Yes
5609,750,Butter Chicken,Main Course,191.0,15.0,303.0,Yes
5610,750,Lassi,Beverages,188.0,18.0,284.0,Yes
5611,750,Fried Rice,Main Course,156.0,15.0,472.0,Yes
5612,750,Spring Rolls,Starters,182.0,19.0,414.0,Yes
5613,750,Paneer Tikka,Starters,146.0,13.0,589.0,Yes
5614,750,Lassi,Beverages,108.0,31.0,654.0,Yes
5615,751,Chole Bhature,Main Course,120.0,22.0,483.0,Yes
5616,751,Fish Fingers,Starters,247.0,21.0,255.0,Yes
5617,751,Fresh Lime Soda,Beverages,311.0,31.0,320.0,Yes
5618,751,Rasmalai,Desserts,113.0,3.0,472.0,Yes
5619,751,Garlic Naan,Breads,158.0,8.0,424.0,No
5620,751,Tandoori Roti,Breads,105.0,21.0,296.0,Yes
5621,751,Fried Rice,Main Course,107.0,18.0,344.0,Yes
5622,752,Tandoori Roti,Breads,49.0,27.0,343.0,Yes
5623,752,Ice Cream,Desserts,257.0,20.0,117.0,Yes
5624,752,Butter Naan,Breads,226.0,14.0,365.0,Yes
5625,752,Fish Fingers,Starters,377.0,21.0,378.0,Yes
5626,752,Dal Makhani,Main Course,141.0,33.0,398.0,Yes
5627,752,Mojito,Beverages,272.0,20.0,424.0,Yes
5628,752,Tandoori Roti,Breads,272.0,19.0,397.0,Yes
5629,752,Fried Rice,Main Course,226.0,8.0,469.0,Yes
5630,752,French Fries,Fast Food,190.0,14.0,453.0,No
5631,753,Rasmalai,Desserts,123.0,11.0,571.0,Yes
5632,753,Rasmalai,Desserts,253.0,24.0,590.0,Yes
5633,753,Paneer Tikka,Starters,242.0,5.0,545.0,Yes
5634,753,Chicken 65,Starters,143.0,13.0,489.0,No
5635,753,Mojito,Beverages,270.0,21.0,375.0,Yes
5636,753,Butter Chicken,Main Course,260.0,19.0,460.0,Yes
5637,753,Biryani,Main Course,89.0,7.0,350.0,Yes
5638,754,Kheer,Desserts,90.0,28.0,178.0,No
5639,754,Gulab Jamun,Desserts,116.0,4.0,459.0,Yes
5640,754,Cheese Pizza,Fast Food,123.0,31.0,457.0,Yes
5641,754,Chole Bhature,Main Course,154.0,19.0,466.0,Yes
5642,754,Biryani,Main Course,251.0,25.0,342.0,Yes
5643,754,Chicken 65,Starters,103.0,21.0,657.0,Yes
5644,754,Cold Coffee,Beverages,294.0,33.0,643.0,Yes
5645,754,Cold Coffee,Beverages,76.0,17.0,382.0,No
5646,755,Dal Makhani,Main Course,190.0,19.0,564.0,Yes
5647,755,Paneer Butter Masala,Main Course,40.0,24.0,489.0,Yes
5648,755,Butter Chicken,Main Course,234.0,13.0,491.0,Yes
5649,755,Veg Burger,Fast Food,133.0,20.0,376.0,Yes
5650,755,Mojito,Beverages,113.0,4.0,528.0,Yes
5651,755,Butter Naan,Breads,137.0,16.0,467.0,Yes
5652,756,Veg Sandwich,Fast Food,68.0,22.0,441.0,Yes
5653,756,Butter Chicken,Main Course,60.0,12.0,541.0,Yes
5654,756,Veg Burger,Fast Food,287.0,25.0,285.0,Yes
5655,756,Fish Fingers,Starters,128.0,8.0,,Yes
5656,756,Momos,Starters,67.0,31.0,390.0,Yes
5657,756,Cold Coffee,Beverages,153.0,14.0,296.0,No
5658,756,Cheese Pizza,Fast Food,177.0,10.0,546.0,Yes
5659,757,Butter Naan,Breads,255.0,19.0,527.0,Yes
5660,757,Mojito,Beverages,103.0,9.0,469.0,Yes
5661,757,Momos,Starters,167.0,18.0,244.0,Yes
5662,757,Biryani,Main Course,184.0,8.0,562.0,Yes
5663,757,Lassi,Beverages,175.0,29.0,426.0,Yes
5664,757,Spring Rolls,Starters,112.0,24.0,229.0,Yes
5665,757,Fish Fingers,Starters,153.0,16.0,58.0,Yes
5666,758,Fresh Lime Soda,Beverages,311.0,22.0,185.0,Yes
5667,758,Chole Bhature,Main Course,208.0,9.0,446.0,No
5668,758,Fresh Lime Soda,Beverages,97.0,18.0,460.0,Yes
5669,758,Gulab Jamun,Desserts,202.0,15.0,300.0,Yes
5670,758,Butter Naan,Breads,155.0,26.0,471.0,Yes
5671,758,Ice Cream,Desserts,248.0,17.0,553.0,Yes
5672,758,Chicken 65,Starters,314.0,7.0,241.0,Yes
5673,758,Paneer Tikka,Starters,277.0,31.0,233.0,Yes
5674,759,Momos,Starters,57.0,11.0,326.0,Yes
5675,759,Rasmalai,Desserts,193.0,24.0,372.0,Yes
5676,759,French Fries,Fast Food,335.0,17.0,296.0,Yes
5677,759,Kulcha,Breads,94.0,14.0,428.0,No
5678,759,Brownie,Desserts,168.0,14.0,353.0,Yes
5679,759,Tandoori Roti,Breads,109.0,19.0,699.0,Yes
5680,760,Biryani,Main Course,151.0,21.0,327.0,Yes
5681,760,Paneer Butter Masala,Main Course,333.0,13.0,338.0,Yes
5682,760,Masala Chai,Beverages,40.0,3.0,367.0,Yes
5683,760,Tandoori Roti,Breads,129.0,22.0,478.0,Yes
5684,760,Momos,Starters,197.0,21.0,492.0,Yes
5685,760,Chole Bhature,Main Course,217.0,13.0,277.0,Yes
5686,761,Dal Makhani,Main Course,156.0,14.0,427.0,Yes
5687,761,Veg Burger,Fast Food,270.0,15.0,427.0,Yes
5688,761,French Fries,Fast Food,357.0,20.0,475.0,Yes
5689,761,Dal Makhani,Main Course,329.0,16.0,496.0,Yes
5690,761,Chicken Burger,Fast Food,103.0,15.0,346.0,Yes
5691,761,Fried Rice,Main Course,222.0,34.0,282.0,Yes
5692,762,Gulab Jamun,Desserts,280.0,24.0,434.0,Yes
5693,762,Veg Manchurian,Starters,204.0,23.0,403.0,Yes
5694,762,Dal Makhani,Main Course,141.0,26.0,379.0,Yes
5695,762,Veg Manchurian,Starters,192.0,9.0,389.0,Yes
5696,762,Veg Manchurian,Starters,51.0,19.0,186.0,Yes
5697,762,Garlic Naan,Breads,40.0,6.0,468.0,Yes
5698,762,Garlic Naan,Breads,92.0,16.0,304.0,Yes
5699,763,Biryani,Main Course,218.0,3.0,392.0,Yes
5700,763,Tandoori Roti,Breads,143.0,23.0,491.0,Yes
5701,763,Veg Sandwich,Fast Food,40.0,27.0,555.0,Yes
5702,763,Chole Bhature,Main Course,221.0,6.0,476.0,Yes
5703,763,Cold Coffee,Beverages,242.0,15.0,541.0,Yes
5704,763,Lassi,Beverages,331.0,14.0,266.0,Yes
5705,763,Masala Chai,Beverages,161.0,22.0,397.0,Yes
5706,764,Butter Naan,Breads,93.0,27.0,374.0,Yes
5707,764,Lassi,Beverages,234.0,23.0,372.0,Yes
5708,764,Fresh Lime Soda,Beverages,236.0,31.0,537.0,Yes
5709,764,Kulcha,Breads,40.0,16.0,296.0,Yes
5710,764,Fresh Lime Soda,Beverages,288.0,17.0,377.0,Yes
5711,764,Brownie,Desserts,45.0,42.0,416.0,Yes
5712,764,Spring Rolls,Starters,166.0,5.0,426.0,Yes
5713,764,Fried Rice,Main Course,174.0,19.0,191.0,Yes
5714,765,Spring Rolls,Starters,40.0,31.0,224.0,Yes
5715,765,Lassi,Beverages,227.0,15.0,549.0,Yes
5716,765,Paneer Butter Masala,Main Course,197.0,18.0,421.0,Yes
5717,765,Butter Naan,Breads,110.0,8.0,363.0,Yes
5718,765,Biryani,Main Course,42.0,3.0,421.0,Yes
5719,765,Biryani,Main Course,155.0,25.0,526.0,Yes
5720,765,Veg Burger,Fast Food,226.0,22.0,281.0,Yes
5721,765,Masala Chai,Beverages,222.0,13.0,487.0,Yes
5722,765,Chicken 65,Starters,427.0,3.0,510.0,Yes
5723,766,Rasmalai,Desserts,186.0,13.0,512.0,Yes
5724,766,Dal Makhani,Main Course,66.0,34.0,559.0,Yes
5725,766,Kulcha,Breads,130.0,3.0,306.0,Yes
5726,766,Cold Coffee,Beverages,308.0,33.0,364.0,Yes
5727,766,Cold Coffee,Beverages,244.0,14.0,356.0,Yes
5728,766,Spring Rolls,Starters,101.0,29.0,293.0,Yes
5729,766,Paneer Butter Masala,Main Course,215.0,19.0,792.0,Yes
5730,766,Biryani,Main Course,182.0,13.0,290.0,Yes
5731,767,Mojito,Beverages,262.0,34.0,671.0,No
5732,767,Chicken 65,Starters,135.0,24.0,244.0,Yes
5733,767,Garlic Naan,Breads,177.0,7.0,406.0,Yes
5734,767,Veg Sandwich,Fast Food,88.0,17.0,598.0,Yes
5735,767,Paneer Butter Masala,Main Course,103.0,14.0,543.0,Yes
5736,767,Butter Naan,Breads,145.0,8.0,337.0,Yes
5737,767,Fish Fingers,Starters,182.0,22.0,130.0,Yes
5738,767,Cold Coffee,Beverages,231.0,19.0,84.0,No
5739,768,Tandoori Roti,Breads,155.0,18.0,269.0,Yes
5740,768,Tandoori Roti,Breads,85.0,17.0,396.0,Yes
5741,768,Chole Bhature,Main Course,40.0,12.0,277.0,No
5742,768,Chole Bhature,Main Course,59.0,24.0,541.0,Yes
5743,768,Biryani,Main Course,48.0,16.0,464.0,Yes
5744,768,Ice Cream,Desserts,269.0,24.0,346.0,Yes
5745,768,Garlic Naan,Breads,187.0,26.0,338.0,Yes
5746,769,Kheer,Desserts,97.0,27.0,243.0,Yes
5747,769,Spring Rolls,Starters,40.0,20.0,507.0,Yes
5748,769,Cold Coffee,Beverages,289.0,23.0,518.0,Yes
5749,769,Brownie,Desserts,79.0,21.0,486.0,Yes
5750,769,Veg Sandwich,Fast Food,125.0,18.0,574.0,No
5751,769,Veg Sandwich,Fast Food,259.0,27.0,321.0,Yes
5752,769,Brownie,Desserts,317.0,13.0,181.0,Yes
5753,769,Veg Burger,Fast Food,169.0,17.0,272.0,Yes
5754,769,Butter Naan,Breads,214.0,37.0,475.0,Yes
5755,770,Fish Fingers,Starters,257.0,23.0,310.0,Yes
5756,770,Cold Coffee,Beverages,85.0,16.0,401.0,Yes
5757,770,Masala Chai,Beverages,297.0,11.0,404.0,Yes
5758,770,Tandoori Roti,Breads,179.0,15.0,481.0,Yes
5759,770,Brownie,Desserts,201.0,29.0,422.0,Yes
5760,770,Rasmalai,Desserts,40.0,9.0,320.0,No
5761,770,Chicken Burger,Fast Food,40.0,9.0,546.0,Yes
5762,770,Chicken Burger,Fast Food,42.0,22.0,206.0,No
5763,770,Masala Chai,Beverages,178.0,17.0,438.0,Yes
5764,771,Ice Cream,Desserts,50.0,26.0,332.0,Yes
5765,771,Kulcha,Breads,97.0,21.0,396.0,Yes
5766,771,Veg Sandwich,Fast Food,115.0,14.0,50.0,Yes
5767,771,Rasmalai,Desserts,161.0,14.0,331.0,Yes
5768,771,Mojito,Beverages,111.0,22.0,463.0,Yes
5769,771,Kulcha,Breads,205.0,9.0,301.0,Yes
5770,771,Brownie,Desserts,40.0,21.0,599.0,Yes
5771,772,Biryani,Main Course,40.0,25.0,575.0,Yes
5772,772,Spring Rolls,Starters,98.0,39.0,259.0,Yes
5773,772,Fried Rice,Main Course,137.0,16.0,478.0,Yes
5774,772,Veg Burger,Fast Food,104.0,14.0,198.0,Yes
5775,772,Spring Rolls,Starters,190.0,28.0,368.0,Yes
5776,772,Masala Chai,Beverages,241.0,15.0,626.0,Yes
5777,772,Dal Makhani,Main Course,186.0,9.0,414.0,Yes
5778,772,Veg Manchurian,Starters,160.0,16.0,459.0,Yes
5779,772,Chicken Burger,Fast Food,40.0,16.0,561.0,Yes
5780,773,Spring Rolls,Starters,297.0,12.0,153.0,Yes
5781,773,Veg Sandwich,Fast Food,315.0,10.0,336.0,Yes
5782,773,Dal Makhani,Main Course,105.0,17.0,310.0,Yes
5783,773,Kulcha,Breads,255.0,23.0,203.0,Yes
5784,773,French Fries,Fast Food,42.0,8.0,301.0,No
5785,773,Kulcha,Breads,232.0,20.0,637.0,Yes
5786,773,Lassi,Beverages,119.0,9.0,395.0,Yes
5787,773,Tandoori Roti,Breads,40.0,18.0,312.0,Yes
5788,773,Kheer,Desserts,355.0,16.0,703.0,Yes
5789,774,Masala Chai,Beverages,218.0,23.0,463.0,Yes
5790,774,Paneer Tikka,Starters,41.0,28.0,517.0,Yes
5791,774,Cold Coffee,Beverages,186.0,6.0,146.0,Yes
5792,774,Brownie,Desserts,155.0,25.0,412.0,Yes
5793,774,Paneer Butter Masala,Main Course,209.0,30.0,529.0,Yes
5794,774,Kheer,Desserts,241.0,23.0,464.0,Yes
5795,774,French Fries,Fast Food,233.0,22.0,484.0,Yes
5796,775,Gulab Jamun,Desserts,500.0,17.0,63.0,Yes
5797,775,Brownie,Desserts,83.0,26.0,459.0,Yes
5798,775,Brownie,Desserts,154.0,21.0,539.0,Yes
5799,775,Paneer Butter Masala,Main Course,229.0,29.0,683.0,No
5800,775,Kulcha,Breads,263.0,17.0,602.0,Yes
5801,775,Mojito,Beverages,113.0,8.0,223.0,Yes
5802,776,Fried Rice,Main Course,157.0,9.0,449.0,Yes
5803,776,Chicken 65,Starters,237.0,32.0,348.0,Yes
5804,776,Kheer,Desserts,282.0,20.0,505.0,Yes
5805,776,Masala Chai,Beverages,347.0,24.0,286.0,No
5806,776,Spring Rolls,Starters,79.0,6.0,135.0,Yes
5807,776,Mojito,Beverages,140.0,19.0,404.0,Yes
5808,776,Chole Bhature,Main Course,124.0,3.0,595.0,Yes
5809,776,Tandoori Roti,Breads,117.0,22.0,246.0,No
5810,777,Chicken Burger,Fast Food,40.0,14.0,484.0,Yes
5811,777,Kheer,Desserts,40.0,15.0,381.0,Yes
5812,777,Tandoori Roti,Breads,142.0,8.0,377.0,Yes
5813,777,Fried Rice,Main Course,116.0,6.0,576.0,Yes
5814,777,Veg Manchurian,Starters,268.0,12.0,310.0,Yes
5815,777,Chicken 65,Starters,171.0,24.0,597.0,Yes
5816,777,Gulab Jamun,Desserts,47.0,25.0,417.0,Yes
5817,778,Mojito,Beverages,164.0,8.0,376.0,Yes
5818,778,Chicken Burger,Fast Food,169.0,15.0,374.0,Yes
5819,778,Fried Rice,Main Course,276.0,20.0,544.0,Yes
5820,778,Biryani,Main Course,51.0,15.0,325.0,Yes
5821,778,Lassi,Beverages,231.0,19.0,514.0,Yes
5822,778,Fresh Lime Soda,Beverages,324.0,19.0,394.0,No
5823,779,Mojito,Beverages,156.0,4.0,212.0,Yes
5824,779,Chicken Burger,Fast Food,40.0,13.0,341.0,Yes
5825,779,Veg Manchurian,Starters,335.0,18.0,422.0,Yes
5826,779,Fish Fingers,Starters,112.0,16.0,69.0,Yes
5827,779,Kheer,Desserts,237.0,14.0,217.0,No
5828,779,Masala Chai,Beverages,164.0,23.0,515.0,Yes
5829,780,Kheer,Desserts,341.0,17.0,228.0,Yes
5830,780,Fish Fingers,Starters,211.0,25.0,473.0,Yes
5831,780,Butter Naan,Breads,191.0,23.0,347.0,Yes
5832,780,French Fries,Fast Food,185.0,20.0,50.0,Yes
5833,780,Brownie,Desserts,120.0,7.0,191.0,Yes
5834,780,Mojito,Beverages,53.0,18.0,480.0,No
5835,780,French Fries,Fast Food,77.0,9.0,460.0,Yes
5836,780,Lassi,Beverages,269.0,21.0,545.0,Yes
5837,780,Spring Rolls,Starters,163.0,24.0,350.0,Yes
5838,781,Veg Manchurian,Starters,211.0,8.0,613.0,Yes
5839,781,Fresh Lime Soda,Beverages,334.0,19.0,648.0,Yes
5840,781,Butter Chicken,Main Course,221.0,17.0,,Yes
5841,781,Mojito,Beverages,347.0,16.0,398.0,No
5842,781,Gulab Jamun,Desserts,263.0,21.0,355.0,Yes
5843,781,Kheer,Desserts,264.0,5.0,386.0,Yes
5844,782,Veg Sandwich,Fast Food,182.0,16.0,524.0,Yes
5845,782,Fish Fingers,Starters,104.0,17.0,776.0,Yes
5846,782,Veg Burger,Fast Food,244.0,25.0,383.0,Yes
5847,782,Mojito,Beverages,304.0,5.0,568.0,Yes
5848,782,Kulcha,Breads,158.0,12.0,287.0,Yes
5849,782,Veg Manchurian,Starters,172.0,25.0,216.0,Yes
5850,782,Kheer,Desserts,314.0,9.0,347.0,Yes
5851,782,Cold Coffee,Beverages,129.0,18.0,,Yes
5852,783,Kulcha,Breads,127.0,8.0,419.0,Yes
5853,783,Masala Chai,Beverages,59.0,15.0,250.0,Yes
5854,783,Fresh Lime Soda,Beverages,83.0,12.0,270.0,Yes
5855,783,Biryani,Main Course,219.0,13.0,596.0,Yes
5856,783,Cheese Pizza,Fast Food,118.0,16.0,318.0,No
5857,783,Veg Manchurian,Starters,168.0,17.0,392.0,Yes
5858,783,Ice Cream,Desserts,237.0,18.0,436.0,Yes
5859,783,Dal Makhani,Main Course,287.0,15.0,592.0,Yes
5860,784,Butter Naan,Breads,194.0,3.0,428.0,Yes
5861,784,French Fries,Fast Food,306.0,22.0,382.0,Yes
5862,784,Tandoori Roti,Breads,131.0,31.0,412.0,Yes
5863,784,Chicken Burger,Fast Food,74.0,18.0,272.0,Yes
5864,784,Veg Burger,Fast Food,40.0,18.0,408.0,Yes
5865,784,Garlic Naan,Breads,148.0,15.0,420.0,Yes
5866,785,Fresh Lime Soda,Beverages,119.0,9.0,206.0,Yes
5867,785,Butter Naan,Breads,144.0,20.0,62.0,Yes
5868,785,Momos,Starters,224.0,15.0,311.0,Yes
5869,785,Mojito,Beverages,312.0,27.0,480.0,Yes
5870,785,Butter Chicken,Main Course,86.0,27.0,245.0,Yes
5871,785,Fish Fingers,Starters,152.0,19.0,84.0,Yes
5872,785,Butter Naan,Breads,202.0,11.0,330.0,Yes
5873,785,Lassi,Beverages,73.0,26.0,347.0,Yes
5874,785,Lassi,Beverages,180.0,30.0,543.0,Yes
5875,786,Cold Coffee,Beverages,184.0,12.0,290.0,Yes
5876,786,Spring Rolls,Starters,219.0,10.0,117.0,Yes
5877,786,Butter Naan,Breads,109.0,21.0,306.0,Yes
5878,786,Ice Cream,Desserts,272.0,12.0,371.0,No
5879,786,Mojito,Beverages,110.0,16.0,230.0,Yes
5880,786,Ice Cream,Desserts,296.0,25.0,,Yes
5881,786,Brownie,Desserts,273.0,29.0,486.0,Yes
5882,787,Gulab Jamun,Desserts,288.0,18.0,496.0,Yes
5883,787,Tandoori Roti,Breads,223.0,10.0,529.0,Yes
5884,787,Ice Cream,Desserts,212.0,9.0,155.0,No
5885,787,Kulcha,Breads,204.0,16.0,212.0,Yes
5886,787,Brownie,Desserts,289.0,21.0,469.0,No
5887,787,Ice Cream,Desserts,193.0,8.0,239.0,Yes
5888,788,Lassi,Beverages,290.0,19.0,241.0,Yes
5889,788,Masala Chai,Beverages,171.0,21.0,320.0,Yes
5890,788,Fresh Lime Soda,Beverages,198.0,26.0,661.0,Yes
5891,788,Cheese Pizza,Fast Food,40.0,25.0,474.0,Yes
5892,788,Spring Rolls,Starters,209.0,10.0,465.0,Yes
5893,788,Fried Rice,Main Course,133.0,21.0,468.0,Yes
5894,788,Veg Manchurian,Starters,293.0,24.0,113.0,No
5895,789,Veg Sandwich,Fast Food,184.0,28.0,178.0,Yes
5896,789,Chicken 65,Starters,169.0,20.0,60.0,Yes
5897,789,Brownie,Desserts,210.0,13.0,425.0,Yes
5898,789,Kulcha,Breads,200.0,15.0,398.0,Yes
5899,789,Brownie,Desserts,85.0,17.0,313.0,Yes
5900,789,Chole Bhature,Main Course,213.0,18.0,240.0,Yes
5901,790,Ice Cream,Desserts,108.0,11.0,388.0,Yes
5902,790,Paneer Tikka,Starters,191.0,17.0,419.0,Yes
5903,790,Chole Bhature,Main Course,130.0,11.0,194.0,Yes
5904,790,Biryani,Main Course,146.0,12.0,745.0,Yes
5905,790,Chole Bhature,Main Course,362.0,21.0,264.0,Yes
5906,790,Veg Manchurian,Starters,172.0,20.0,71.0,No
5907,791,Tandoori Roti,Breads,177.0,7.0,349.0,Yes
5908,791,Mojito,Beverages,102.0,17.0,332.0,Yes
5909,791,Mojito,Beverages,198.0,23.0,484.0,Yes
5910,791,Rasmalai,Desserts,346.0,14.0,609.0,Yes
5911,791,Rasmalai,Desserts,88.0,3.0,479.0,Yes
5912,791,Veg Manchurian,Starters,315.0,11.0,479.0,Yes
5913,791,Veg Burger,Fast Food,108.0,26.0,,Yes
5914,791,Biryani,Main Course,212.0,8.0,459.0,Yes
5915,791,French Fries,Fast Food,40.0,18.0,279.0,Yes
5916,792,Veg Sandwich,Fast Food,189.0,18.0,421.0,Yes
5917,792,Butter Chicken,Main Course,41.0,8.0,666.0,Yes
5918,792,Biryani,Main Course,255.0,20.0,169.0,Yes
5919,792,Kulcha,Breads,207.0,20.0,334.0,Yes
5920,792,Chole Bhature,Main Course,73.0,12.0,551.0,Yes
5921,792,Biryani,Main Course,248.0,25.0,485.0,Yes
5922,793,Butter Naan,Breads,97.0,4.0,390.0,Yes
5923,793,Paneer Butter Masala,Main Course,266.0,26.0,245.0,Yes
5924,793,Fried Rice,Main Course,209.0,12.0,358.0,Yes
5925,793,Cheese Pizza,Fast Food,65.0,23.0,475.0,Yes
5926,793,Lassi,Beverages,73.0,15.0,167.0,Yes
5927,793,Cold Coffee,Beverages,40.0,7.0,402.0,No
5928,794,Cold Coffee,Beverages,133.0,18.0,318.0,Yes
5929,794,Spring Rolls,Starters,250.0,15.0,564.0,Yes
5930,794,Spring Rolls,Starters,136.0,22.0,388.0,Yes
5931,794,Cheese Pizza,Fast Food,68.0,30.0,663.0,Yes
5932,794,Fish Fingers,Starters,173.0,16.0,540.0,Yes
5933,794,French Fries,Fast Food,176.0,23.0,437.0,Yes
5934,794,Garlic Naan,Breads,194.0,12.0,308.0,Yes
5935,794,Garlic Naan,Breads,274.0,29.0,424.0,Yes
5936,795,Ice Cream,Desserts,294.0,11.0,480.0,Yes
5937,795,Chicken Burger,Fast Food,157.0,18.0,363.0,Yes
5938,795,Tandoori Roti,Breads,160.0,3.0,206.0,Yes
5939,795,French Fries,Fast Food,40.0,14.0,240.0,Yes
5940,795,Chicken 65,Starters,40.0,9.0,367.0,Yes
5941,795,Masala Chai,Beverages,447.0,16.0,343.0,Yes
5942,796,Gulab Jamun,Desserts,54.0,9.0,530.0,Yes
5943,796,Biryani,Main Course,307.0,10.0,424.0,Yes
5944,796,Veg Manchurian,Starters,410.0,33.0,437.0,Yes
5945,796,Paneer Butter Masala,Main Course,93.0,9.0,78.0,Yes
5946,796,Brownie,Desserts,178.0,32.0,295.0,Yes
5947,796,Biryani,Main Course,154.0,17.0,401.0,Yes
5948,796,French Fries,Fast Food,98.0,16.0,446.0,Yes
5949,796,Momos,Starters,221.0,20.0,280.0,Yes
5950,797,Kheer,Desserts,174.0,20.0,556.0,No
5951,797,Garlic Naan,Breads,227.0,9.0,410.0,Yes
5952,797,Spring Rolls,Starters,216.0,21.0,491.0,Yes
5953,797,Paneer Butter Masala,Main Course,229.0,5.0,248.0,No
5954,797,Veg Manchurian,Starters,286.0,10.0,443.0,Yes
5955,797,French Fries,Fast Food,123.0,25.0,562.0,Yes
5956,798,Fresh Lime Soda,Beverages,97.0,23.0,530.0,Yes
5957,798,Fresh Lime Soda,Beverages,232.0,16.0,141.0,Yes
5958,798,Dal Makhani,Main Course,284.0,13.0,366.0,Yes
5959,798,Butter Chicken,Main Course,222.0,9.0,232.0,Yes
5960,798,French Fries,Fast Food,103.0,10.0,235.0,Yes
5961,798,Chicken Burger,Fast Food,179.0,19.0,295.0,Yes
5962,798,Fresh Lime Soda,Beverages,185.0,3.0,443.0,Yes
5963,798,Butter Naan,Breads,186.0,26.0,456.0,Yes
5964,799,Brownie,Desserts,228.0,12.0,136.0,Yes
5965,799,Veg Burger,Fast Food,178.0,5.0,408.0,Yes
5966,799,Spring Rolls,Starters,223.0,17.0,253.0,Yes
5967,799,Paneer Butter Masala,Main Course,335.0,15.0,550.0,Yes
5968,799,Momos,Starters,319.0,28.0,501.0,Yes
5969,799,Veg Burger,Fast Food,337.0,20.0,551.0,Yes
5970,800,Paneer Tikka,Starters,199.0,11.0,427.0,Yes
5971,800,Momos,Starters,51.0,18.0,344.0,Yes
5972,800,Garlic Naan,Breads,259.0,28.0,238.0,No
5973,800,Tandoori Roti,Breads,215.0,21.0,598.0,Yes
5974,800,Kulcha,Breads,260.0,26.0,458.0,Yes
5975,800,Cheese Pizza,Fast Food,71.0,12.0,464.0,Yes
5976,800,Fish Fingers,Starters,66.0,13.0,345.0,No
5977,801,Dal Makhani,Main Course,170.0,21.0,447.0,Yes
5978,801,Paneer Butter Masala,Main Course,235.0,10.0,341.0,No
5979,801,Rasmalai,Desserts,221.0,8.0,512.0,Yes
5980,801,Fresh Lime Soda,Beverages,189.0,7.0,526.0,Yes
5981,801,Chicken Burger,Fast Food,201.0,32.0,571.0,Yes
5982,801,Garlic Naan,Breads,40.0,15.0,423.0,Yes
5983,801,French Fries,Fast Food,204.0,10.0,412.0,Yes
5984,801,Tandoori Roti,Breads,154.0,11.0,325.0,Yes
5985,802,Cheese Pizza,Fast Food,137.0,32.0,575.0,Yes
5986,802,Mojito,Beverages,206.0,4.0,611.0,Yes
5987,802,Kulcha,Breads,40.0,7.0,172.0,Yes
5988,802,Ice Cream,Desserts,95.0,31.0,,Yes
5989,802,Veg Burger,Fast Food,203.0,18.0,259.0,Yes
5990,802,Masala Chai,Beverages,253.0,29.0,534.0,No
5991,802,Momos,Starters,235.0,26.0,410.0,Yes
5992,802,Kheer,Desserts,40.0,27.0,243.0,No
5993,802,Chole Bhature,Main Course,182.0,32.0,396.0,No
5994,803,Masala Chai,Beverages,327.0,19.0,274.0,Yes
5995,803,Veg Manchurian,Starters,173.0,13.0,563.0,Yes
5996,803,Butter Chicken,Main Course,163.0,23.0,458.0,No
5997,803,Veg Burger,Fast Food,40.0,12.0,,Yes
5998,803,Masala Chai,Beverages,147.0,19.0,484.0,Yes
5999,803,Veg Manchurian,Starters,277.0,20.0,417.0,Yes
6000,803,Gulab Jamun,Desserts,233.0,13.0,435.0,Yes
6001,803,Kheer,Desserts,217.0,18.0,397.0,No
6002,803,Veg Burger,Fast Food,241.0,10.0,274.0,Yes
6003,804,Garlic Naan,Breads,161.0,26.0,186.0,Yes
6004,804,Rasmalai,Desserts,271.0,29.0,432.0,Yes
6005,804,Kulcha,Breads,85.0,4.0,716.0,No
6006,804,Kheer,Desserts,71.0,13.0,125.0,Yes
6007,804,French Fries,Fast Food,40.0,23.0,312.0,Yes
6008,804,Momos,Starters,256.0,15.0,582.0,Yes
6009,804,Momos,Starters,150.0,25.0,250.0,Yes
6010,804,Garlic Naan,Breads,109.0,10.0,306.0,Yes
6011,804,Paneer Tikka,Starters,40.0,9.0,253.0,Yes
6012,805,Cheese Pizza,Fast Food,354.0,16.0,339.0,Yes
6013,805,Tandoori Roti,Breads,246.0,14.0,445.0,Yes
6014,805,Fried Rice,Main Course,239.0,22.0,394.0,Yes
6015,805,Spring Rolls,Starters,189.0,20.0,479.0,No
6016,805,Masala Chai,Beverages,210.0,19.0,258.0,Yes
6017,805,Veg Sandwich,Fast Food,230.0,8.0,403.0,Yes
6018,805,Chicken 65,Starters,193.0,6.0,290.0,Yes
6019,805,Mojito,Beverages,295.0,11.0,487.0,Yes
6020,806,Veg Manchurian,Starters,72.0,6.0,512.0,Yes
6021,806,Butter Chicken,Main Course,280.0,18.0,458.0,Yes
6022,806,Kheer,Desserts,300.0,16.0,411.0,Yes
6023,806,Chole Bhature,Main Course,159.0,12.0,172.0,Yes
6024,806,Lassi,Beverages,101.0,27.0,644.0,Yes
6025,806,Chicken 65,Starters,83.0,23.0,363.0,Yes
6026,807,Mojito,Beverages,317.0,17.0,300.0,Yes
6027,807,Garlic Naan,Breads,198.0,6.0,421.0,Yes
6028,807,Rasmalai,Desserts,152.0,15.0,305.0,No
6029,807,Brownie,Desserts,108.0,20.0,411.0,Yes
6030,807,Ice Cream,Desserts,160.0,20.0,385.0,No
6031,807,Chole Bhature,Main Course,158.0,12.0,561.0,No
6032,807,Butter Naan,Breads,384.0,3.0,363.0,Yes
6033,807,Lassi,Beverages,164.0,19.0,816.0,Yes
6034,807,French Fries,Fast Food,184.0,15.0,491.0,Yes
6035,808,Veg Sandwich,Fast Food,254.0,13.0,386.0,Yes
6036,808,Mojito,Beverages,176.0,30.0,420.0,Yes
6037,808,Mojito,Beverages,220.0,13.0,,Yes
6038,808,Veg Burger,Fast Food,166.0,15.0,313.0,Yes
6039,808,French Fries,Fast Food,199.0,16.0,255.0,Yes
6040,808,Butter Chicken,Main Course,98.0,19.0,414.0,No
6041,808,Tandoori Roti,Breads,236.0,19.0,235.0,Yes
6042,808,Cheese Pizza,Fast Food,231.0,11.0,555.0,Yes
6043,808,Masala Chai,Beverages,266.0,13.0,275.0,Yes
6044,809,Fish Fingers,Starters,71.0,7.0,,Yes
6045,809,Kulcha,Breads,107.0,14.0,771.0,Yes
6046,809,French Fries,Fast Food,283.0,26.0,500.0,No
6047,809,Ice Cream,Desserts,273.0,3.0,380.0,Yes
6048,809,Spring Rolls,Starters,118.0,5.0,180.0,Yes
6049,809,Momos,Starters,165.0,6.0,366.0,Yes
6050,809,Paneer Butter Masala,Main Course,139.0,30.0,497.0,No
6051,809,Chicken Burger,Fast Food,257.0,9.0,592.0,No
6052,810,Fish Fingers,Starters,233.0,17.0,182.0,Yes
6053,810,Chole Bhature,Main Course,215.0,15.0,298.0,Yes
6054,810,Fish Fingers,Starters,201.0,14.0,383.0,Yes
6055,810,Cheese Pizza,Fast Food,69.0,5.0,618.0,Yes
6056,810,Veg Manchurian,Starters,71.0,8.0,308.0,Yes
6057,810,Momos,Starters,255.0,12.0,375.0,Yes
6058,810,French Fries,Fast Food,97.0,27.0,84.0,Yes
6059,810,Spring Rolls,Starters,200.0,33.0,357.0,Yes
6060,811,Kulcha,Breads,96.0,3.0,453.0,Yes
6061,811,Veg Sandwich,Fast Food,262.0,27.0,621.0,Yes
6062,811,Fresh Lime Soda,Beverages,249.0,5.0,580.0,Yes
6063,811,Veg Manchurian,Starters,103.0,14.0,508.0,No
6064,811,Brownie,Desserts,210.0,11.0,455.0,Yes
6065,811,Veg Sandwich,Fast Food,40.0,25.0,328.0,Yes
6066,812,Mojito,Beverages,358.0,15.0,583.0,Yes
6067,812,Veg Manchurian,Starters,262.0,24.0,520.0,Yes
6068,812,Brownie,Desserts,224.0,23.0,511.0,Yes
6069,812,Spring Rolls,Starters,156.0,12.0,326.0,No
6070,812,Kulcha,Breads,152.0,19.0,513.0,Yes
6071,812,Chole Bhature,Main Course,186.0,25.0,402.0,Yes
6072,812,Fish Fingers,Starters,376.0,18.0,392.0,Yes
6073,812,Veg Burger,Fast Food,119.0,27.0,558.0,Yes
6074,813,Ice Cream,Desserts,323.0,28.0,406.0,Yes
6075,813,Biryani,Main Course,74.0,19.0,556.0,Yes
6076,813,Rasmalai,Desserts,173.0,14.0,354.0,Yes
6077,813,Cheese Pizza,Fast Food,294.0,15.0,503.0,No
6078,813,Rasmalai,Desserts,261.0,22.0,304.0,Yes
6079,813,French Fries,Fast Food,155.0,5.0,343.0,Yes
6080,813,Cheese Pizza,Fast Food,40.0,26.0,207.0,Yes
6081,814,Tandoori Roti,Breads,83.0,15.0,319.0,No
6082,814,Veg Sandwich,Fast Food,355.0,27.0,364.0,Yes
6083,814,Rasmalai,Desserts,320.0,21.0,395.0,Yes
6084,814,Mojito,Beverages,97.0,13.0,727.0,Yes
6085,814,Gulab Jamun,Desserts,222.0,16.0,411.0,Yes
6086,814,French Fries,Fast Food,192.0,17.0,50.0,Yes
6087,815,Cheese Pizza,Fast Food,256.0,32.0,443.0,Yes
6088,815,Fried Rice,Main Course,220.0,11.0,342.0,Yes
6089,815,Brownie,Desserts,214.0,19.0,373.0,No
6090,815,Butter Chicken,Main Course,274.0,19.0,485.0,Yes
6091,815,Spring Rolls,Starters,132.0,24.0,244.0,Yes
6092,815,Fried Rice,Main Course,180.0,20.0,337.0,Yes
6093,816,Cheese Pizza,Fast Food,183.0,23.0,504.0,Yes
6094,816,Garlic Naan,Breads,177.0,14.0,463.0,Yes
6095,816,Ice Cream,Desserts,369.0,22.0,654.0,Yes
6096,816,Cheese Pizza,Fast Food,199.0,20.0,62.0,Yes
6097,816,Masala Chai,Beverages,165.0,25.0,441.0,Yes
6098,816,Chicken Burger,Fast Food,172.0,18.0,662.0,Yes
6099,816,Mojito,Beverages,123.0,26.0,644.0,Yes
6100,816,Tandoori Roti,Breads,242.0,10.0,493.0,Yes
6101,816,Veg Manchurian,Starters,228.0,30.0,376.0,Yes
6102,817,Garlic Naan,Breads,40.0,10.0,372.0,Yes
6103,817,Kulcha,Breads,181.0,24.0,385.0,Yes
6104,817,Paneer Butter Masala,Main Course,131.0,11.0,376.0,Yes
6105,817,Chicken 65,Starters,195.0,20.0,502.0,Yes
6106,817,Chicken Burger,Fast Food,205.0,5.0,200.0,Yes
6107,817,Chicken 65,Starters,144.0,15.0,614.0,Yes
6108,818,Chicken 65,Starters,101.0,22.0,641.0,Yes
6109,818,Paneer Tikka,Starters,242.0,25.0,620.0,Yes
6110,818,Veg Burger,Fast Food,219.0,24.0,413.0,Yes
6111,818,Brownie,Desserts,350.0,21.0,293.0,Yes
6112,818,Kheer,Desserts,105.0,14.0,169.0,No
6113,818,Cheese Pizza,Fast Food,313.0,29.0,539.0,Yes
6114,818,Chicken Burger,Fast Food,185.0,9.0,315.0,Yes
6115,819,Veg Manchurian,Starters,226.0,14.0,399.0,Yes
6116,819,Ice Cream,Desserts,64.0,10.0,316.0,No
6117,819,Butter Naan,Breads,280.0,19.0,287.0,Yes
6118,819,French Fries,Fast Food,147.0,29.0,507.0,Yes
6119,819,Momos,Starters,89.0,19.0,421.0,Yes
6120,819,Dal Makhani,Main Course,248.0,8.0,,Yes
6121,820,Lassi,Beverages,272.0,24.0,311.0,Yes
6122,820,Dal Makhani,Main Course,222.0,14.0,457.0,Yes
6123,820,Masala Chai,Beverages,250.0,12.0,345.0,No
6124,820,Kulcha,Breads,189.0,14.0,308.0,Yes
6125,820,Rasmalai,Desserts,212.0,26.0,312.0,Yes
6126,820,Fish Fingers,Starters,112.0,11.0,386.0,Yes
6127,820,Momos,Starters,300.0,14.0,598.0,Yes
6128,820,Butter Chicken,Main Course,136.0,7.0,656.0,Yes
6129,820,Cold Coffee,Beverages,167.0,25.0,523.0,Yes
6130,821,Tandoori Roti,Breads,238.0,16.0,463.0,Yes
6131,821,Dal Makhani,Main Course,158.0,6.0,345.0,Yes
6132,821,Butter Chicken,Main Course,252.0,26.0,560.0,No
6133,821,Rasmalai,Desserts,178.0,28.0,253.0,Yes
6134,821,Cheese Pizza,Fast Food,419.0,17.0,414.0,Yes
6135,821,Brownie,Desserts,71.0,14.0,506.0,Yes
6136,821,Garlic Naan,Breads,226.0,6.0,446.0,Yes
6137,822,Tandoori Roti,Breads,40.0,27.0,586.0,Yes
6138,822,Kheer,Desserts,87.0,19.0,188.0,Yes
6139,822,Brownie,Desserts,139.0,20.0,415.0,Yes
6140,822,Rasmalai,Desserts,207.0,19.0,454.0,No
6141,822,Gulab Jamun,Desserts,123.0,16.0,406.0,No
6142,822,Veg Sandwich,Fast Food,164.0,39.0,413.0,Yes
6143,823,Veg Manchurian,Starters,55.0,9.0,436.0,Yes
6144,823,Veg Manchurian,Starters,169.0,16.0,165.0,Yes
6145,823,Tandoori Roti,Breads,56.0,9.0,252.0,Yes
6146,823,French Fries,Fast Food,59.0,23.0,426.0,Yes
6147,823,Fried Rice,Main Course,256.0,28.0,435.0,Yes
6148,823,Fresh Lime Soda,Beverages,109.0,24.0,199.0,Yes
6149,823,Butter Chicken,Main Course,130.0,16.0,428.0,Yes
6150,824,Cheese Pizza,Fast Food,286.0,10.0,197.0,Yes
6151,824,Fish Fingers,Starters,318.0,26.0,850.0,Yes
6152,824,Chicken Burger,Fast Food,41.0,19.0,180.0,Yes
6153,824,Butter Chicken,Main Course,328.0,3.0,256.0,Yes
6154,824,French Fries,Fast Food,206.0,19.0,394.0,Yes
6155,824,Rasmalai,Desserts,220.0,26.0,464.0,Yes
6156,824,Lassi,Beverages,143.0,11.0,445.0,Yes
6157,825,Veg Sandwich,Fast Food,220.0,22.0,354.0,No
6158,825,Brownie,Desserts,40.0,23.0,322.0,Yes
6159,825,Biryani,Main Course,193.0,18.0,198.0,Yes
6160,825,Butter Chicken,Main Course,177.0,20.0,521.0,Yes
6161,825,Gulab Jamun,Desserts,40.0,5.0,314.0,Yes
6162,825,Chicken 65,Starters,151.0,4.0,302.0,Yes
6163,826,Veg Burger,Fast Food,63.0,8.0,406.0,Yes
6164,826,Gulab Jamun,Desserts,128.0,8.0,514.0,Yes
6165,826,Mojito,Beverages,111.0,28.0,124.0,Yes
6166,826,Cheese Pizza,Fast Food,237.0,17.0,354.0,Yes
6167,826,Veg Manchurian,Starters,158.0,17.0,422.0,Yes
6168,826,Veg Sandwich,Fast Food,294.0,16.0,582.0,Yes
6169,826,Chicken Burger,Fast Food,151.0,18.0,364.0,Yes
6170,827,Biryani,Main Course,40.0,11.0,635.0,Yes
6171,827,Tandoori Roti,Breads,102.0,24.0,74.0,Yes
6172,827,Fried Rice,Main Course,143.0,21.0,,Yes
6173,827,Cold Coffee,Beverages,213.0,3.0,245.0,Yes
6174,827,Garlic Naan,Breads,123.0,9.0,380.0,Yes
6175,827,Kulcha,Breads,40.0,15.0,690.0,Yes
6176,827,Masala Chai,Beverages,146.0,4.0,550.0,Yes
6177,827,Paneer Butter Masala,Main Course,126.0,5.0,369.0,Yes
6178,827,Ice Cream,Desserts,130.0,18.0,403.0,Yes
6179,828,Chicken Burger,Fast Food,225.0,19.0,739.0,No
6180,828,Dal Makhani,Main Course,117.0,7.0,258.0,Yes
6181,828,French Fries,Fast Food,281.0,4.0,541.0,No
6182,828,Veg Sandwich,Fast Food,371.0,28.0,332.0,Yes
6183,828,Butter Naan,Breads,238.0,25.0,334.0,Yes
6184,828,Cold Coffee,Beverages,81.0,17.0,531.0,Yes
6185,828,Tandoori Roti,Breads,299.0,18.0,367.0,Yes
6186,829,French Fries,Fast Food,168.0,33.0,427.0,No
6187,829,Veg Manchurian,Starters,244.0,27.0,361.0,Yes
6188,829,Butter Naan,Breads,122.0,19.0,283.0,Yes
6189,829,Kheer,Desserts,134.0,3.0,553.0,Yes
6190,829,Fried Rice,Main Course,100.0,27.0,256.0,No
6191,829,Veg Sandwich,Fast Food,57.0,4.0,66.0,Yes
6192,829,Kheer,Desserts,319.0,24.0,425.0,Yes
6193,829,Biryani,Main Course,304.0,10.0,248.0,Yes
6194,830,Chicken Burger,Fast Food,193.0,13.0,585.0,Yes
6195,830,Momos,Starters,457.0,26.0,448.0,Yes
6196,830,Rasmalai,Desserts,185.0,31.0,411.0,Yes
6197,830,Masala Chai,Beverages,231.0,10.0,324.0,Yes
6198,830,Kheer,Desserts,224.0,27.0,371.0,Yes
6199,830,Ice Cream,Desserts,223.0,9.0,463.0,Yes
6200,831,Brownie,Desserts,279.0,18.0,377.0,Yes
6201,831,Paneer Butter Masala,Main Course,138.0,14.0,603.0,Yes
6202,831,Kheer,Desserts,131.0,17.0,260.0,Yes
6203,831,Masala Chai,Beverages,175.0,25.0,231.0,Yes
6204,831,Fried Rice,Main Course,94.0,30.0,320.0,Yes
6205,831,Chicken 65,Starters,256.0,14.0,285.0,Yes
6206,831,French Fries,Fast Food,382.0,16.0,499.0,Yes
6207,831,Veg Manchurian,Starters,169.0,16.0,588.0,Yes
6208,831,Chicken 65,Starters,146.0,10.0,357.0,Yes
6209,832,Lassi,Beverages,185.0,14.0,302.0,No
6210,832,Rasmalai,Desserts,66.0,13.0,182.0,Yes
6211,832,Gulab Jamun,Desserts,92.0,24.0,559.0,Yes
6212,832,Brownie,Desserts,183.0,5.0,327.0,Yes
6213,832,Mojito,Beverages,282.0,21.0,222.0,No
6214,832,Veg Burger,Fast Food,252.0,14.0,306.0,Yes
6215,833,Veg Manchurian,Starters,209.0,17.0,662.0,Yes
6216,833,Veg Manchurian,Starters,243.0,17.0,494.0,Yes
6217,833,Veg Sandwich,Fast Food,98.0,30.0,458.0,Yes
6218,833,Brownie,Desserts,384.0,12.0,91.0,Yes
6219,833,French Fries,Fast Food,159.0,3.0,745.0,Yes
6220,833,Veg Burger,Fast Food,174.0,7.0,310.0,Yes
6221,833,Rasmalai,Desserts,40.0,10.0,648.0,Yes
6222,834,Fried Rice,Main Course,224.0,22.0,448.0,Yes
6223,834,Brownie,Desserts,181.0,6.0,443.0,Yes
6224,834,French Fries,Fast Food,390.0,25.0,456.0,Yes
6225,834,Chicken 65,Starters,158.0,11.0,909.0,Yes
6226,834,Cheese Pizza,Fast Food,250.0,18.0,366.0,Yes
6227,834,Cold Coffee,Beverages,101.0,30.0,438.0,Yes
6228,834,Mojito,Beverages,232.0,8.0,480.0,Yes
6229,835,Garlic Naan,Breads,177.0,21.0,354.0,Yes
6230,835,Chole Bhature,Main Course,170.0,22.0,258.0,Yes
6231,835,French Fries,Fast Food,91.0,3.0,420.0,Yes
6232,835,Spring Rolls,Starters,218.0,10.0,208.0,Yes
6233,835,Chole Bhature,Main Course,172.0,23.0,147.0,Yes
6234,835,Cold Coffee,Beverages,137.0,26.0,283.0,Yes
6235,835,Veg Burger,Fast Food,127.0,23.0,373.0,Yes
6236,835,Momos,Starters,217.0,24.0,622.0,Yes
6237,836,Ice Cream,Desserts,281.0,32.0,694.0,Yes
6238,836,Fried Rice,Main Course,235.0,19.0,364.0,Yes
6239,836,Cheese Pizza,Fast Food,117.0,4.0,324.0,No
6240,836,Butter Chicken,Main Course,284.0,11.0,611.0,Yes
6241,836,Chole Bhature,Main Course,177.0,26.0,558.0,Yes
6242,836,Lassi,Beverages,121.0,32.0,684.0,No
6243,836,Lassi,Beverages,232.0,3.0,273.0,Yes
6244,837,Ice Cream,Desserts,42.0,16.0,304.0,Yes
6245,837,Ice Cream,Desserts,219.0,8.0,50.0,Yes
6246,837,Veg Sandwich,Fast Food,267.0,26.0,53.0,Yes
6247,837,Veg Manchurian,Starters,131.0,14.0,310.0,Yes
6248,837,Garlic Naan,Breads,295.0,19.0,133.0,No
6249,837,Fresh Lime Soda,Beverages,244.0,19.0,410.0,No
6250,838,Garlic Naan,Breads,239.0,3.0,396.0,Yes
6251,838,Rasmalai,Desserts,225.0,13.0,331.0,Yes
6252,838,Veg Sandwich,Fast Food,139.0,25.0,236.0,Yes
6253,838,French Fries,Fast Food,161.0,14.0,615.0,Yes
6254,838,Fried Rice,Main Course,190.0,17.0,85.0,Yes
6255,838,Masala Chai,Beverages,57.0,23.0,370.0,Yes
6256,838,Gulab Jamun,Desserts,234.0,24.0,578.0,Yes
6257,838,Momos,Starters,78.0,32.0,451.0,Yes
6258,838,Veg Sandwich,Fast Food,219.0,3.0,493.0,Yes
6259,839,Paneer Tikka,Starters,104.0,18.0,678.0,Yes
6260,839,Butter Naan,Breads,214.0,19.0,461.0,Yes
6261,839,Dal Makhani,Main Course,112.0,5.0,492.0,Yes
6262,839,Cheese Pizza,Fast Food,190.0,28.0,263.0,Yes
6263,839,Tandoori Roti,Breads,64.0,23.0,301.0,Yes
6264,839,Kheer,Desserts,40.0,13.0,243.0,Yes
6265,839,Mojito,Beverages,42.0,21.0,,No
6266,840,Biryani,Main Course,152.0,32.0,362.0,Yes
6267,840,Veg Sandwich,Fast Food,237.0,5.0,227.0,Yes
6268,840,Butter Naan,Breads,276.0,27.0,367.0,Yes
6269,840,Paneer Butter Masala,Main Course,235.0,20.0,483.0,Yes
6270,840,Tandoori Roti,Breads,89.0,38.0,888.0,Yes
6271,840,Paneer Butter Masala,Main Course,124.0,16.0,518.0,Yes
6272,840,Rasmalai,Desserts,266.0,13.0,509.0,Yes
6273,840,Ice Cream,Desserts,165.0,8.0,353.0,Yes
6274,841,Butter Naan,Breads,207.0,21.0,277.0,Yes
6275,841,Rasmalai,Desserts,155.0,24.0,489.0,Yes
6276,841,Chicken 65,Starters,179.0,17.0,581.0,Yes
6277,841,Mojito,Beverages,286.0,14.0,50.0,Yes
6278,841,Veg Manchurian,Starters,40.0,6.0,381.0,Yes
6279,841,Rasmalai,Desserts,233.0,23.0,263.0,Yes
6280,841,Veg Sandwich,Fast Food,128.0,17.0,381.0,Yes
6281,842,Lassi,Beverages,135.0,38.0,447.0,Yes
6282,842,Momos,Starters,81.0,17.0,335.0,Yes
6283,842,Brownie,Desserts,154.0,10.0,273.0,No
6284,842,Mojito,Beverages,40.0,16.0,403.0,Yes
6285,842,Paneer Butter Masala,Main Course,128.0,25.0,393.0,Yes
6286,842,Kulcha,Breads,183.0,19.0,394.0,Yes
6287,842,Brownie,Desserts,184.0,6.0,567.0,Yes
6288,842,Mojito,Beverages,58.0,25.0,451.0,Yes
6289,843,Butter Naan,Breads,131.0,21.0,356.0,Yes
6290,843,Veg Burger,Fast Food,268.0,12.0,397.0,Yes
6291,843,Kulcha,Breads,113.0,10.0,382.0,Yes
6292,843,Fish Fingers,Starters,305.0,21.0,377.0,Yes
6293,843,Rasmalai,Desserts,170.0,5.0,272.0,Yes
6294,843,Ice Cream,Desserts,110.0,19.0,546.0,Yes
6295,843,Fish Fingers,Starters,165.0,19.0,405.0,Yes
6296,843,Chicken Burger,Fast Food,193.0,18.0,458.0,Yes
6297,843,Dal Makhani,Main Course,116.0,25.0,240.0,Yes
6298,844,Gulab Jamun,Desserts,40.0,19.0,388.0,Yes
6299,844,Butter Chicken,Main Course,150.0,14.0,498.0,Yes
6300,844,Butter Naan,Breads,104.0,9.0,477.0,Yes
6301,844,Fish Fingers,Starters,252.0,11.0,590.0,Yes
6302,844,Fried Rice,Main Course,155.0,15.0,427.0,No
6303,844,Paneer Butter Masala,Main Course,187.0,24.0,756.0,Yes
6304,844,Lassi,Beverages,88.0,15.0,347.0,Yes
6305,845,Paneer Butter Masala,Main Course,353.0,4.0,374.0,Yes
6306,845,Cheese Pizza,Fast Food,227.0,26.0,351.0,Yes
6307,845,Chole Bhature,Main Course,294.0,11.0,330.0,Yes
6308,845,Garlic Naan,Breads,40.0,24.0,265.0,Yes
6309,845,Cheese Pizza,Fast Food,161.0,29.0,254.0,Yes
6310,845,Spring Rolls,Starters,285.0,26.0,383.0,Yes
6311,845,Fish Fingers,Starters,174.0,13.0,385.0,Yes
6312,845,Brownie,Desserts,122.0,31.0,420.0,No
6313,846,Paneer Tikka,Starters,271.0,12.0,603.0,No
6314,846,Brownie,Desserts,258.0,21.0,491.0,No
6315,846,Chole Bhature,Main Course,184.0,23.0,514.0,Yes
6316,846,Spring Rolls,Starters,233.0,22.0,428.0,Yes
6317,846,Gulab Jamun,Desserts,41.0,16.0,280.0,Yes
6318,846,Brownie,Desserts,60.0,21.0,647.0,Yes
6319,846,Chicken Burger,Fast Food,40.0,10.0,397.0,Yes
6320,846,Kulcha,Breads,224.0,15.0,480.0,Yes
6321,846,Chole Bhature,Main Course,290.0,20.0,460.0,No
6322,847,Butter Naan,Breads,40.0,3.0,310.0,Yes
6323,847,Masala Chai,Beverages,185.0,19.0,433.0,Yes
6324,847,Rasmalai,Desserts,128.0,20.0,391.0,Yes
6325,847,Brownie,Desserts,189.0,19.0,314.0,Yes
6326,847,Mojito,Beverages,143.0,33.0,515.0,Yes
6327,847,Butter Naan,Breads,157.0,18.0,350.0,No
6328,847,Brownie,Desserts,195.0,19.0,305.0,Yes
6329,847,Garlic Naan,Breads,212.0,19.0,317.0,Yes
6330,847,Chole Bhature,Main Course,253.0,12.0,254.0,Yes
6331,848,Fried Rice,Main Course,252.0,10.0,481.0,Yes
6332,848,Rasmalai,Desserts,341.0,26.0,322.0,No
6333,848,Garlic Naan,Breads,121.0,25.0,434.0,Yes
6334,848,Brownie,Desserts,40.0,23.0,366.0,Yes
6335,848,Chole Bhature,Main Course,190.0,19.0,449.0,Yes
6336,848,Tandoori Roti,Breads,371.0,30.0,180.0,Yes
6337,849,French Fries,Fast Food,223.0,5.0,599.0,Yes
6338,849,Paneer Tikka,Starters,282.0,12.0,380.0,No
6339,849,Ice Cream,Desserts,258.0,16.0,316.0,Yes
6340,849,Momos,Starters,184.0,29.0,171.0,Yes
6341,849,Veg Manchurian,Starters,103.0,13.0,679.0,Yes
6342,849,Butter Naan,Breads,301.0,10.0,386.0,Yes
6343,849,Brownie,Desserts,258.0,24.0,420.0,No
6344,849,Lassi,Beverages,183.0,33.0,379.0,Yes
6345,849,Ice Cream,Desserts,40.0,19.0,445.0,No
6346,850,Chole Bhature,Main Course,170.0,8.0,457.0,Yes
6347,850,Veg Sandwich,Fast Food,92.0,18.0,328.0,No
6348,850,Chole Bhature,Main Course,270.0,5.0,225.0,No
6349,850,Fresh Lime Soda,Beverages,186.0,18.0,,Yes
6350,850,Veg Manchurian,Starters,211.0,19.0,534.0,Yes
6351,850,Butter Naan,Breads,193.0,31.0,237.0,Yes
6352,850,Dal Makhani,Main Course,325.0,18.0,,Yes
6353,850,Mojito,Beverages,40.0,13.0,502.0,Yes
6354,851,Veg Burger,Fast Food,261.0,10.0,305.0,Yes
6355,851,Brownie,Desserts,288.0,5.0,282.0,Yes
6356,851,Chole Bhature,Main Course,239.0,11.0,449.0,Yes
6357,851,Cheese Pizza,Fast Food,154.0,13.0,254.0,Yes
6358,851,Fresh Lime Soda,Beverages,131.0,36.0,304.0,Yes
6359,851,Lassi,Beverages,198.0,21.0,802.0,Yes
6360,851,Butter Naan,Breads,319.0,4.0,488.0,Yes
6361,852,Butter Naan,Breads,250.0,28.0,176.0,Yes
6362,852,Kulcha,Breads,174.0,15.0,463.0,Yes
6363,852,Biryani,Main Course,143.0,15.0,188.0,Yes
6364,852,Chicken 65,Starters,247.0,16.0,356.0,Yes
6365,852,French Fries,Fast Food,152.0,14.0,535.0,No
6366,852,Chicken Burger,Fast Food,225.0,3.0,175.0,No
6367,852,Brownie,Desserts,40.0,3.0,569.0,Yes
6368,852,Dal Makhani,Main Course,242.0,30.0,348.0,Yes
6369,852,Biryani,Main Course,264.0,22.0,105.0,Yes
6370,853,Chole Bhature,Main Course,280.0,14.0,464.0,Yes
6371,853,Masala Chai,Beverages,136.0,5.0,448.0,Yes
6372,853,Veg Burger,Fast Food,324.0,8.0,431.0,No
6373,853,Ice Cream,Desserts,293.0,3.0,249.0,Yes
6374,853,Chole Bhature,Main Course,179.0,14.0,303.0,Yes
6375,853,Brownie,Desserts,68.0,18.0,263.0,Yes
6376,854,Veg Burger,Fast Food,65.0,8.0,584.0,Yes
6377,854,Garlic Naan,Breads,106.0,21.0,311.0,Yes
6378,854,Gulab Jamun,Desserts,40.0,11.0,312.0,Yes
6379,854,Fish Fingers,Starters,183.0,19.0,215.0,Yes
6380,854,French Fries,Fast Food,301.0,29.0,406.0,Yes
6381,854,Paneer Butter Masala,Main Course,207.0,11.0,167.0,Yes
6382,854,Biryani,Main Course,174.0,14.0,639.0,Yes
6383,854,Fresh Lime Soda,Beverages,397.0,11.0,418.0,Yes
6384,855,Tandoori Roti,Breads,256.0,21.0,459.0,Yes
6385,855,Fish Fingers,Starters,295.0,29.0,452.0,Yes
6386,855,Lassi,Beverages,381.0,24.0,293.0,Yes
6387,855,Masala Chai,Beverages,268.0,12.0,421.0,Yes
6388,855,Brownie,Desserts,254.0,12.0,519.0,Yes
6389,855,Fried Rice,Main Course,200.0,8.0,132.0,Yes
6390,856,Mojito,Beverages,40.0,15.0,308.0,Yes
6391,856,Veg Sandwich,Fast Food,331.0,16.0,303.0,Yes
6392,856,Veg Burger,Fast Food,197.0,18.0,314.0,Yes
6393,856,Garlic Naan,Breads,182.0,15.0,327.0,Yes
6394,856,Kulcha,Breads,135.0,22.0,306.0,Yes
6395,856,Butter Chicken,Main Course,46.0,16.0,386.0,Yes
6396,856,Chole Bhature,Main Course,116.0,37.0,513.0,Yes
6397,856,French Fries,Fast Food,159.0,12.0,204.0,Yes
6398,857,Veg Manchurian,Starters,73.0,15.0,524.0,Yes
6399,857,French Fries,Fast Food,257.0,20.0,503.0,Yes
6400,857,Gulab Jamun,Desserts,202.0,22.0,391.0,Yes
6401,857,Kulcha,Breads,113.0,17.0,309.0,Yes
6402,857,Chicken Burger,Fast Food,208.0,9.0,401.0,Yes
6403,857,Momos,Starters,324.0,34.0,543.0,Yes
6404,858,Rasmalai,Desserts,291.0,11.0,313.0,Yes
6405,858,Kheer,Desserts,217.0,33.0,625.0,Yes
6406,858,Chole Bhature,Main Course,91.0,19.0,532.0,Yes
6407,858,Ice Cream,Desserts,307.0,16.0,382.0,Yes
6408,858,Chole Bhature,Main Course,205.0,8.0,385.0,Yes
6409,858,Brownie,Desserts,238.0,15.0,666.0,Yes
6410,858,Kulcha,Breads,226.0,6.0,316.0,Yes
6411,859,Kheer,Desserts,40.0,16.0,258.0,No
6412,859,Dal Makhani,Main Course,184.0,16.0,460.0,Yes
6413,859,Ice Cream,Desserts,307.0,28.0,645.0,Yes
6414,859,Masala Chai,Beverages,170.0,15.0,285.0,Yes
6415,859,French Fries,Fast Food,124.0,21.0,204.0,Yes
6416,859,Tandoori Roti,Breads,146.0,7.0,404.0,Yes
6417,859,Fish Fingers,Starters,87.0,6.0,381.0,Yes
6418,859,Ice Cream,Desserts,40.0,20.0,323.0,Yes
6419,859,Lassi,Beverages,189.0,3.0,599.0,Yes
6420,860,Dal Makhani,Main Course,75.0,32.0,334.0,No
6421,860,Biryani,Main Course,297.0,25.0,332.0,Yes
6422,860,Tandoori Roti,Breads,242.0,15.0,365.0,No
6423,860,French Fries,Fast Food,246.0,5.0,311.0,Yes
6424,860,Rasmalai,Desserts,221.0,25.0,425.0,Yes
6425,860,Paneer Tikka,Starters,119.0,21.0,350.0,Yes
6426,860,Ice Cream,Desserts,378.0,19.0,152.0,Yes
6427,860,Chicken Burger,Fast Food,136.0,10.0,191.0,Yes
6428,860,Garlic Naan,Breads,72.0,16.0,274.0,Yes
6429,861,Brownie,Desserts,204.0,20.0,366.0,Yes
6430,861,Mojito,Beverages,176.0,32.0,626.0,Yes
6431,861,Dal Makhani,Main Course,196.0,19.0,476.0,Yes
6432,861,Kulcha,Breads,215.0,21.0,165.0,Yes
6433,861,Fish Fingers,Starters,184.0,23.0,368.0,Yes
6434,861,Ice Cream,Desserts,102.0,17.0,410.0,Yes
6435,861,Chicken Burger,Fast Food,54.0,13.0,507.0,Yes
6436,861,Spring Rolls,Starters,215.0,20.0,630.0,Yes
6437,862,Rasmalai,Desserts,193.0,19.0,575.0,Yes
6438,862,French Fries,Fast Food,178.0,21.0,128.0,Yes
6439,862,Paneer Tikka,Starters,225.0,15.0,387.0,Yes
6440,862,Gulab Jamun,Desserts,313.0,21.0,460.0,No
6441,862,Veg Sandwich,Fast Food,136.0,16.0,604.0,Yes
6442,862,Masala Chai,Beverages,219.0,31.0,269.0,Yes
6443,862,Butter Naan,Breads,44.0,16.0,545.0,Yes
6444,862,Tandoori Roti,Breads,201.0,7.0,327.0,Yes
6445,862,Gulab Jamun,Desserts,234.0,25.0,294.0,No
6446,863,Veg Manchurian,Starters,297.0,23.0,296.0,Yes
6447,863,Biryani,Main Course,347.0,13.0,346.0,Yes
6448,863,Cold Coffee,Beverages,256.0,15.0,630.0,Yes
6449,863,Tandoori Roti,Breads,281.0,21.0,525.0,Yes
6450,863,Masala Chai,Beverages,135.0,15.0,195.0,Yes
6451,863,Momos,Starters,213.0,35.0,312.0,Yes
6452,863,Fresh Lime Soda,Beverages,40.0,23.0,449.0,Yes
6453,863,Mojito,Beverages,229.0,15.0,138.0,Yes
6454,864,Spring Rolls,Starters,95.0,3.0,,Yes
6455,864,Biryani,Main Course,231.0,15.0,234.0,Yes
6456,864,Fish Fingers,Starters,153.0,4.0,317.0,Yes
6457,864,Brownie,Desserts,380.0,19.0,757.0,Yes
6458,864,Butter Chicken,Main Course,40.0,16.0,236.0,Yes
6459,864,Garlic Naan,Breads,127.0,17.0,331.0,Yes
6460,864,Brownie,Desserts,80.0,13.0,254.0,Yes
6461,865,Tandoori Roti,Breads,206.0,25.0,578.0,Yes
6462,865,Garlic Naan,Breads,195.0,17.0,172.0,Yes
6463,865,Paneer Butter Masala,Main Course,172.0,19.0,351.0,No
6464,865,Butter Naan,Breads,74.0,24.0,276.0,Yes
6465,865,Rasmalai,Desserts,259.0,24.0,81.0,Yes
6466,865,Garlic Naan,Breads,255.0,16.0,151.0,No
6467,865,Butter Naan,Breads,125.0,25.0,400.0,Yes
6468,865,Biryani,Main Course,121.0,18.0,378.0,Yes
6469,865,Dal Makhani,Main Course,71.0,8.0,431.0,Yes
6470,866,Kulcha,Breads,236.0,14.0,436.0,Yes
6471,866,Kulcha,Breads,109.0,32.0,397.0,Yes
6472,866,Tandoori Roti,Breads,40.0,9.0,353.0,No
6473,866,Rasmalai,Desserts,273.0,23.0,300.0,Yes
6474,866,Veg Manchurian,Starters,40.0,16.0,297.0,Yes
6475,866,Garlic Naan,Breads,161.0,17.0,440.0,Yes
6476,866,Chicken Burger,Fast Food,166.0,3.0,438.0,Yes
6477,866,Masala Chai,Beverages,218.0,13.0,190.0,Yes
6478,866,Gulab Jamun,Desserts,227.0,15.0,276.0,Yes
6479,867,Garlic Naan,Breads,189.0,26.0,323.0,No
6480,867,Cheese Pizza,Fast Food,156.0,15.0,212.0,Yes
6481,867,Gulab Jamun,Desserts,171.0,30.0,133.0,Yes
6482,867,Kheer,Desserts,159.0,24.0,225.0,Yes
6483,867,Veg Manchurian,Starters,196.0,25.0,173.0,Yes
6484,867,Ice Cream,Desserts,319.0,17.0,334.0,Yes
6485,867,Ice Cream,Desserts,42.0,12.0,137.0,Yes
6486,867,Butter Chicken,Main Course,40.0,19.0,416.0,Yes
6487,868,Mojito,Beverages,40.0,19.0,203.0,Yes
6488,868,Momos,Starters,193.0,21.0,82.0,Yes
6489,868,Kheer,Desserts,176.0,23.0,226.0,No
6490,868,Momos,Starters,148.0,24.0,342.0,Yes
6491,868,Garlic Naan,Breads,272.0,29.0,605.0,Yes
6492,868,Butter Chicken,Main Course,131.0,9.0,490.0,Yes
6493,868,Kheer,Desserts,166.0,17.0,688.0,Yes
6494,868,Fish Fingers,Starters,164.0,12.0,50.0,Yes
6495,869,Cheese Pizza,Fast Food,81.0,15.0,534.0,Yes
6496,869,Momos,Starters,304.0,18.0,338.0,Yes
6497,869,Veg Manchurian,Starters,132.0,20.0,281.0,Yes
6498,869,Lassi,Beverages,257.0,27.0,583.0,Yes
6499,869,Chicken Burger,Fast Food,48.0,20.0,368.0,Yes
6500,869,Lassi,Beverages,40.0,17.0,341.0,No
6501,870,Rasmalai,Desserts,138.0,30.0,170.0,Yes
6502,870,Veg Sandwich,Fast Food,173.0,19.0,50.0,Yes
6503,870,Chole Bhature,Main Course,184.0,19.0,524.0,Yes
6504,870,Kheer,Desserts,40.0,17.0,325.0,Yes
6505,870,Ice Cream,Desserts,211.0,20.0,438.0,Yes
6506,870,Fish Fingers,Starters,191.0,17.0,418.0,Yes
6507,870,Dal Makhani,Main Course,40.0,42.0,497.0,Yes
6508,870,Cheese Pizza,Fast Food,329.0,18.0,481.0,Yes
6509,870,French Fries,Fast Food,40.0,31.0,601.0,Yes
6510,871,Chole Bhature,Main Course,94.0,13.0,373.0,Yes
6511,871,Masala Chai,Beverages,216.0,16.0,503.0,Yes
6512,871,Mojito,Beverages,201.0,20.0,404.0,Yes
6513,871,Veg Burger,Fast Food,304.0,24.0,344.0,Yes
6514,871,Fried Rice,Main Course,262.0,11.0,319.0,Yes
6515,871,Garlic Naan,Breads,259.0,22.0,438.0,Yes
6516,872,Spring Rolls,Starters,222.0,31.0,391.0,Yes
6517,872,Fish Fingers,Starters,180.0,28.0,241.0,Yes
6518,872,Chicken 65,Starters,138.0,23.0,305.0,Yes
6519,872,Fish Fingers,Starters,184.0,8.0,439.0,Yes
6520,872,Fish Fingers,Starters,40.0,7.0,445.0,Yes
6521,872,Butter Naan,Breads,259.0,18.0,607.0,Yes
6522,873,Fried Rice,Main Course,216.0,13.0,599.0,Yes
6523,873,Lassi,Beverages,229.0,21.0,609.0,Yes
6524,873,Biryani,Main Course,146.0,23.0,326.0,Yes
6525,873,Cheese Pizza,Fast Food,180.0,9.0,442.0,Yes
6526,873,Brownie,Desserts,248.0,17.0,452.0,Yes
6527,873,Garlic Naan,Breads,40.0,21.0,203.0,Yes
6528,873,Chicken Burger,Fast Food,272.0,25.0,266.0,Yes
6529,874,Lassi,Beverages,131.0,29.0,601.0,Yes
6530,874,Kheer,Desserts,220.0,13.0,125.0,Yes
6531,874,Garlic Naan,Breads,246.0,13.0,496.0,Yes
6532,874,Paneer Tikka,Starters,254.0,16.0,432.0,Yes
6533,874,Chole Bhature,Main Course,298.0,16.0,314.0,Yes
6534,874,Dal Makhani,Main Course,216.0,16.0,418.0,No
6535,874,Butter Chicken,Main Course,272.0,8.0,486.0,No
6536,874,Kulcha,Breads,124.0,15.0,407.0,No
6537,875,Veg Sandwich,Fast Food,169.0,4.0,607.0,Yes
6538,875,Fresh Lime Soda,Beverages,282.0,16.0,540.0,Yes
6539,875,Paneer Butter Masala,Main Course,144.0,10.0,408.0,Yes
6540,875,Cold Coffee,Beverages,74.0,22.0,294.0,No
6541,875,Chole Bhature,Main Course,40.0,3.0,380.0,Yes
6542,875,Chicken 65,Starters,208.0,28.0,139.0,Yes
6543,875,Butter Naan,Breads,270.0,14.0,390.0,Yes
6544,876,Kheer,Desserts,180.0,17.0,95.0,No
6545,876,Veg Sandwich,Fast Food,244.0,24.0,543.0,Yes
6546,876,Tandoori Roti,Breads,223.0,16.0,179.0,Yes
6547,876,Kulcha,Breads,220.0,18.0,399.0,Yes
6548,876,Veg Manchurian,Starters,219.0,17.0,333.0,Yes
6549,876,Mojito,Beverages,73.0,17.0,621.0,Yes
6550,877,Paneer Butter Masala,Main Course,80.0,26.0,507.0,Yes
6551,877,Kulcha,Breads,40.0,22.0,402.0,Yes
6552,877,Biryani,Main Course,172.0,33.0,541.0,Yes
6553,877,Dal Makhani,Main Course,96.0,23.0,262.0,Yes
6554,877,Fresh Lime Soda,Beverages,101.0,19.0,576.0,Yes
6555,877,Spring Rolls,Starters,46.0,13.0,576.0,Yes
6556,877,Cheese Pizza,Fast Food,95.0,18.0,353.0,Yes
6557,877,Mojito,Beverages,294.0,20.0,355.0,Yes
6558,877,Brownie,Desserts,104.0,34.0,388.0,Yes
6559,878,Kheer,Desserts,159.0,21.0,507.0,Yes
6560,878,Gulab Jamun,Desserts,53.0,16.0,239.0,Yes
6561,878,Garlic Naan,Breads,129.0,28.0,573.0,No
6562,878,Veg Manchurian,Starters,232.0,6.0,428.0,Yes
6563,878,Chole Bhature,Main Course,128.0,25.0,315.0,Yes
6564,878,Fresh Lime Soda,Beverages,105.0,20.0,582.0,Yes
6565,878,Masala Chai,Beverages,276.0,28.0,596.0,Yes
6566,878,Fresh Lime Soda,Beverages,326.0,19.0,333.0,Yes
6567,878,Chole Bhature,Main Course,105.0,27.0,374.0,Yes
6568,879,Cheese Pizza,Fast Food,98.0,22.0,182.0,Yes
6569,879,Paneer Butter Masala,Main Course,82.0,19.0,532.0,Yes
6570,879,French Fries,Fast Food,150.0,16.0,517.0,Yes
6571,879,Gulab Jamun,Desserts,254.0,3.0,622.0,Yes
6572,879,Kulcha,Breads,150.0,12.0,329.0,Yes
6573,879,French Fries,Fast Food,57.0,38.0,204.0,Yes
6574,879,Butter Chicken,Main Course,45.0,15.0,193.0,Yes
6575,879,Butter Naan,Breads,190.0,31.0,424.0,Yes
6576,879,Momos,Starters,210.0,15.0,243.0,Yes
6577,880,Rasmalai,Desserts,153.0,26.0,603.0,Yes
6578,880,Chicken Burger,Fast Food,183.0,25.0,283.0,Yes
6579,880,Cold Coffee,Beverages,124.0,5.0,566.0,Yes
6580,880,Kheer,Desserts,128.0,7.0,475.0,Yes
6581,880,Tandoori Roti,Breads,300.0,15.0,134.0,Yes
6582,880,Rasmalai,Desserts,150.0,19.0,489.0,Yes
6583,880,Biryani,Main Course,249.0,18.0,361.0,Yes
6584,881,Veg Manchurian,Starters,241.0,7.0,254.0,Yes
6585,881,Tandoori Roti,Breads,114.0,14.0,192.0,Yes
6586,881,Ice Cream,Desserts,267.0,8.0,50.0,Yes
6587,881,Chole Bhature,Main Course,268.0,22.0,390.0,Yes
6588,881,Garlic Naan,Breads,222.0,18.0,574.0,Yes
6589,881,Kulcha,Breads,110.0,31.0,542.0,No
6590,881,Biryani,Main Course,125.0,11.0,,Yes
6591,881,Garlic Naan,Breads,78.0,16.0,601.0,Yes
6592,881,Veg Burger,Fast Food,196.0,34.0,284.0,Yes
6593,882,Tandoori Roti,Breads,220.0,13.0,368.0,Yes
6594,882,Lassi,Beverages,225.0,12.0,270.0,Yes
6595,882,Mojito,Beverages,138.0,13.0,248.0,No
6596,882,Kulcha,Breads,310.0,15.0,524.0,Yes
6597,882,Paneer Tikka,Starters,248.0,26.0,199.0,Yes
6598,882,Garlic Naan,Breads,148.0,23.0,307.0,Yes
6599,883,Paneer Butter Masala,Main Course,313.0,8.0,523.0,Yes
6600,883,Spring Rolls,Starters,139.0,26.0,440.0,Yes
6601,883,Masala Chai,Beverages,103.0,24.0,140.0,Yes
6602,883,Fish Fingers,Starters,148.0,14.0,464.0,Yes
6603,883,Tandoori Roti,Breads,40.0,19.0,455.0,No
6604,883,French Fries,Fast Food,108.0,15.0,405.0,Yes
6605,883,Momos,Starters,265.0,3.0,391.0,Yes
6606,883,Cold Coffee,Beverages,223.0,23.0,367.0,Yes
6607,883,Spring Rolls,Starters,231.0,17.0,569.0,Yes
6608,884,Butter Chicken,Main Course,104.0,12.0,469.0,Yes
6609,884,Veg Manchurian,Starters,238.0,22.0,336.0,Yes
6610,884,Garlic Naan,Breads,143.0,17.0,234.0,Yes
6611,884,Chicken Burger,Fast Food,106.0,29.0,375.0,Yes
6612,884,Chicken 65,Starters,132.0,13.0,443.0,Yes
6613,884,Chicken Burger,Fast Food,369.0,27.0,203.0,Yes
6614,884,Veg Sandwich,Fast Food,295.0,11.0,302.0,Yes
6615,884,Tandoori Roti,Breads,138.0,8.0,592.0,Yes
6616,884,Butter Chicken,Main Course,127.0,3.0,272.0,Yes
6617,885,Veg Sandwich,Fast Food,197.0,4.0,440.0,Yes
6618,885,Biryani,Main Course,100.0,26.0,468.0,Yes
6619,885,Cheese Pizza,Fast Food,187.0,5.0,206.0,Yes
6620,885,Chicken Burger,Fast Food,127.0,16.0,629.0,Yes
6621,885,Gulab Jamun,Desserts,206.0,14.0,621.0,Yes
6622,885,Chole Bhature,Main Course,171.0,21.0,633.0,Yes
6623,885,Dal Makhani,Main Course,244.0,21.0,487.0,Yes
6624,886,Paneer Tikka,Starters,174.0,18.0,162.0,No
6625,886,Biryani,Main Course,116.0,17.0,469.0,No
6626,886,Chole Bhature,Main Course,140.0,37.0,517.0,No
6627,886,Brownie,Desserts,202.0,6.0,391.0,Yes
6628,886,Lassi,Beverages,225.0,17.0,379.0,Yes
6629,886,Veg Manchurian,Starters,165.0,12.0,212.0,Yes
6630,886,Butter Chicken,Main Course,376.0,9.0,329.0,Yes
6631,886,Dal Makhani,Main Course,202.0,3.0,633.0,Yes
6632,887,Dal Makhani,Main Course,285.0,5.0,351.0,Yes
6633,887,Gulab Jamun,Desserts,266.0,17.0,549.0,Yes
6634,887,Paneer Tikka,Starters,317.0,11.0,470.0,Yes
6635,887,Brownie,Desserts,71.0,14.0,410.0,Yes
6636,887,Ice Cream,Desserts,193.0,11.0,489.0,Yes
6637,887,Lassi,Beverages,47.0,10.0,560.0,No
6638,887,Dal Makhani,Main Course,108.0,20.0,645.0,No
6639,887,Veg Sandwich,Fast Food,178.0,28.0,196.0,Yes
6640,888,Fish Fingers,Starters,126.0,19.0,245.0,Yes
6641,888,Veg Burger,Fast Food,138.0,19.0,425.0,Yes
6642,888,Fresh Lime Soda,Beverages,151.0,3.0,302.0,Yes
6643,888,Cold Coffee,Beverages,53.0,17.0,393.0,Yes
6644,888,Chicken Burger,Fast Food,168.0,10.0,149.0,Yes
6645,888,Veg Manchurian,Starters,308.0,18.0,353.0,Yes
6646,888,Biryani,Main Course,173.0,7.0,593.0,Yes
6647,888,Fish Fingers,Starters,115.0,17.0,472.0,Yes
6648,888,Veg Burger,Fast Food,244.0,17.0,245.0,Yes
6649,889,Brownie,Desserts,233.0,24.0,575.0,Yes
6650,889,Kulcha,Breads,228.0,34.0,422.0,Yes
6651,889,Gulab Jamun,Desserts,197.0,27.0,641.0,No
6652,889,Brownie,Desserts,304.0,17.0,514.0,Yes
6653,889,Butter Chicken,Main Course,275.0,18.0,272.0,Yes
6654,889,Fresh Lime Soda,Beverages,89.0,21.0,531.0,Yes
6655,889,Tandoori Roti,Breads,138.0,11.0,322.0,Yes
6656,889,Biryani,Main Course,193.0,24.0,455.0,Yes
6657,889,Masala Chai,Beverages,180.0,29.0,808.0,Yes
6658,890,Fish Fingers,Starters,181.0,30.0,296.0,Yes
6659,890,Butter Naan,Breads,282.0,11.0,346.0,Yes
6660,890,Cold Coffee,Beverages,176.0,3.0,126.0,Yes
6661,890,French Fries,Fast Food,103.0,28.0,364.0,Yes
6662,890,Brownie,Desserts,262.0,4.0,453.0,Yes
6663,890,Garlic Naan,Breads,219.0,10.0,679.0,No
6664,890,Veg Burger,Fast Food,66.0,16.0,768.0,Yes
6665,890,Kheer,Desserts,94.0,13.0,423.0,Yes
6666,890,Lassi,Beverages,60.0,22.0,132.0,Yes
6667,891,Butter Naan,Breads,180.0,29.0,496.0,Yes
6668,891,Cold Coffee,Beverages,176.0,15.0,387.0,Yes
6669,891,Butter Naan,Breads,154.0,21.0,496.0,Yes
6670,891,Butter Naan,Breads,192.0,23.0,477.0,Yes
6671,891,Masala Chai,Beverages,67.0,3.0,425.0,Yes
6672,891,Tandoori Roti,Breads,139.0,19.0,650.0,Yes
6673,892,Rasmalai,Desserts,155.0,20.0,273.0,Yes
6674,892,Kheer,Desserts,224.0,11.0,550.0,Yes
6675,892,Mojito,Beverages,191.0,16.0,154.0,Yes
6676,892,Ice Cream,Desserts,56.0,22.0,574.0,Yes
6677,892,Garlic Naan,Breads,201.0,16.0,407.0,Yes
6678,892,Butter Naan,Breads,167.0,12.0,197.0,Yes
6679,892,Cold Coffee,Beverages,59.0,12.0,413.0,Yes
6680,892,Masala Chai,Beverages,60.0,17.0,287.0,Yes
6681,892,Garlic Naan,Breads,40.0,12.0,435.0,Yes
6682,893,Spring Rolls,Starters,123.0,29.0,493.0,Yes
6683,893,Cold Coffee,Beverages,274.0,42.0,314.0,No
6684,893,Veg Sandwich,Fast Food,50.0,11.0,409.0,Yes
6685,893,Tandoori Roti,Breads,215.0,19.0,332.0,Yes
6686,893,Mojito,Beverages,217.0,27.0,287.0,Yes
6687,893,Momos,Starters,96.0,33.0,231.0,Yes
6688,893,Butter Chicken,Main Course,256.0,16.0,622.0,No
6689,893,Kulcha,Breads,153.0,21.0,202.0,Yes
6690,894,Veg Sandwich,Fast Food,118.0,19.0,300.0,Yes
6691,894,Fried Rice,Main Course,64.0,34.0,396.0,Yes
6692,894,Kulcha,Breads,283.0,33.0,321.0,Yes
6693,894,Momos,Starters,172.0,18.0,470.0,No
6694,894,Fried Rice,Main Course,280.0,25.0,507.0,Yes
6695,894,Fish Fingers,Starters,151.0,17.0,212.0,Yes
6696,894,Veg Sandwich,Fast Food,244.0,36.0,439.0,Yes
6697,894,Lassi,Beverages,305.0,24.0,318.0,Yes
6698,895,Veg Sandwich,Fast Food,100.0,8.0,418.0,Yes
6699,895,Veg Manchurian,Starters,230.0,22.0,229.0,Yes
6700,895,French Fries,Fast Food,290.0,13.0,418.0,Yes
6701,895,Fresh Lime Soda,Beverages,122.0,8.0,210.0,Yes
6702,895,Cold Coffee,Beverages,243.0,17.0,234.0,Yes
6703,895,Mojito,Beverages,124.0,29.0,532.0,Yes
6704,895,Butter Chicken,Main Course,235.0,34.0,625.0,No
6705,896,French Fries,Fast Food,183.0,13.0,787.0,Yes
6706,896,Tandoori Roti,Breads,288.0,13.0,200.0,Yes
6707,896,French Fries,Fast Food,40.0,7.0,327.0,Yes
6708,896,Kheer,Desserts,300.0,25.0,440.0,Yes
6709,896,Fish Fingers,Starters,235.0,11.0,203.0,Yes
6710,896,Dal Makhani,Main Course,159.0,25.0,406.0,Yes
6711,896,Veg Sandwich,Fast Food,243.0,18.0,205.0,No
6712,896,Masala Chai,Beverages,205.0,14.0,562.0,Yes
6713,896,Veg Manchurian,Starters,40.0,30.0,215.0,Yes
6714,897,Biryani,Main Course,154.0,6.0,552.0,No
6715,897,Veg Burger,Fast Food,79.0,13.0,555.0,Yes
6716,897,Veg Sandwich,Fast Food,134.0,17.0,487.0,Yes
6717,897,Paneer Tikka,Starters,211.0,19.0,312.0,Yes
6718,897,Cheese Pizza,Fast Food,144.0,21.0,357.0,Yes
6719,897,Kulcha,Breads,202.0,3.0,395.0,Yes
6720,897,Paneer Tikka,Starters,228.0,23.0,368.0,Yes
6721,897,Ice Cream,Desserts,208.0,13.0,612.0,Yes
6722,898,Spring Rolls,Starters,149.0,28.0,383.0,Yes
6723,898,Tandoori Roti,Breads,75.0,16.0,250.0,Yes
6724,898,Veg Sandwich,Fast Food,155.0,9.0,365.0,Yes
6725,898,Garlic Naan,Breads,268.0,29.0,307.0,Yes
6726,898,Dal Makhani,Main Course,245.0,30.0,225.0,Yes
6727,898,Chole Bhature,Main Course,40.0,6.0,392.0,Yes
6728,898,Momos,Starters,40.0,27.0,64.0,Yes
6729,899,Cheese Pizza,Fast Food,179.0,20.0,503.0,Yes
6730,899,Lassi,Beverages,281.0,31.0,458.0,Yes
6731,899,Lassi,Beverages,126.0,19.0,459.0,Yes
6732,899,Chicken Burger,Fast Food,201.0,14.0,581.0,Yes
6733,899,Masala Chai,Beverages,145.0,17.0,273.0,Yes
6734,899,Biryani,Main Course,263.0,35.0,580.0,Yes
6735,899,Fried Rice,Main Course,83.0,11.0,165.0,Yes
6736,899,Brownie,Desserts,207.0,21.0,298.0,Yes
6737,899,Butter Naan,Breads,130.0,3.0,383.0,Yes
6738,900,Chicken Burger,Fast Food,117.0,12.0,743.0,No
6739,900,Lassi,Beverages,240.0,17.0,433.0,Yes
6740,900,Spring Rolls,Starters,134.0,25.0,358.0,No
6741,900,Dal Makhani,Main Course,82.0,31.0,281.0,Yes
6742,900,Chicken Burger,Fast Food,364.0,25.0,501.0,Yes
6743,900,Masala Chai,Beverages,93.0,29.0,758.0,Yes
6744,900,Veg Manchurian,Starters,88.0,17.0,265.0,Yes
6745,900,Brownie,Desserts,148.0,16.0,594.0,Yes
6746,900,Lassi,Beverages,51.0,23.0,513.0,No
6747,901,Brownie,Desserts,97.0,18.0,313.0,Yes
6748,901,Paneer Butter Masala,Main Course,191.0,32.0,269.0,Yes
6749,901,Cheese Pizza,Fast Food,206.0,10.0,508.0,Yes
6750,901,Chicken Burger,Fast Food,208.0,22.0,320.0,Yes
6751,901,Veg Manchurian,Starters,77.0,5.0,401.0,Yes
6752,901,Paneer Tikka,Starters,228.0,21.0,510.0,Yes
6753,901,Butter Chicken,Main Course,131.0,17.0,50.0,Yes
6754,902,Chole Bhature,Main Course,167.0,31.0,427.0,Yes
6755,902,Chicken 65,Starters,360.0,21.0,549.0,Yes
6756,902,Fresh Lime Soda,Beverages,244.0,24.0,449.0,Yes
6757,902,Garlic Naan,Breads,256.0,13.0,601.0,Yes
6758,902,Cold Coffee,Beverages,320.0,21.0,346.0,Yes
6759,902,Tandoori Roti,Breads,71.0,21.0,397.0,Yes
6760,902,Butter Naan,Breads,121.0,10.0,242.0,No
6761,902,Tandoori Roti,Breads,185.0,21.0,478.0,Yes
6762,902,Rasmalai,Desserts,468.0,23.0,566.0,Yes
6763,903,Cheese Pizza,Fast Food,180.0,6.0,336.0,No
6764,903,Paneer Butter Masala,Main Course,341.0,11.0,412.0,Yes
6765,903,Butter Chicken,Main Course,184.0,30.0,481.0,Yes
6766,903,French Fries,Fast Food,234.0,16.0,64.0,No
6767,903,Kheer,Desserts,144.0,17.0,425.0,No
6768,903,Garlic Naan,Breads,118.0,6.0,515.0,Yes
6769,903,Kheer,Desserts,151.0,17.0,140.0,Yes
6770,903,Fish Fingers,Starters,158.0,23.0,447.0,Yes
6771,903,Gulab Jamun,Desserts,143.0,13.0,372.0,Yes
6772,904,Spring Rolls,Starters,212.0,20.0,483.0,Yes
6773,904,Cold Coffee,Beverages,253.0,18.0,658.0,Yes
6774,904,Cold Coffee,Beverages,239.0,12.0,450.0,Yes
6775,904,Fish Fingers,Starters,228.0,24.0,335.0,Yes
6776,904,Butter Chicken,Main Course,40.0,29.0,385.0,Yes
6777,904,Paneer Butter Masala,Main Course,40.0,15.0,511.0,Yes
6778,904,Fried Rice,Main Course,83.0,9.0,362.0,Yes
6779,904,French Fries,Fast Food,189.0,13.0,344.0,Yes
6780,904,Garlic Naan,Breads,253.0,18.0,177.0,Yes
6781,905,Cheese Pizza,Fast Food,286.0,16.0,263.0,Yes
6782,905,Garlic Naan,Breads,163.0,7.0,401.0,Yes
6783,905,Dal Makhani,Main Course,229.0,13.0,353.0,Yes
6784,905,Veg Sandwich,Fast Food,126.0,23.0,363.0,Yes
6785,905,Mojito,Beverages,127.0,19.0,358.0,Yes
6786,905,Fish Fingers,Starters,167.0,11.0,493.0,Yes
6787,905,Veg Burger,Fast Food,143.0,15.0,428.0,Yes
6788,905,Veg Sandwich,Fast Food,356.0,24.0,299.0,No
6789,905,Paneer Tikka,Starters,67.0,20.0,312.0,Yes
6790,906,Butter Naan,Breads,159.0,16.0,383.0,Yes
6791,906,Chole Bhature,Main Course,160.0,14.0,78.0,No
6792,906,Cheese Pizza,Fast Food,196.0,22.0,258.0,Yes
6793,906,Chole Bhature,Main Course,244.0,20.0,418.0,Yes
6794,906,Veg Sandwich,Fast Food,196.0,23.0,481.0,Yes
6795,906,Chicken Burger,Fast Food,40.0,28.0,483.0,Yes
6796,906,Tandoori Roti,Breads,90.0,3.0,218.0,Yes
6797,906,Butter Naan,Breads,292.0,17.0,518.0,Yes
6798,906,Cold Coffee,Beverages,362.0,8.0,220.0,Yes
6799,907,Ice Cream,Desserts,178.0,20.0,514.0,Yes
6800,907,Paneer Tikka,Starters,96.0,12.0,607.0,Yes
6801,907,Chicken Burger,Fast Food,216.0,20.0,333.0,Yes
6802,907,Ice Cream,Desserts,298.0,26.0,395.0,Yes
6803,907,Fresh Lime Soda,Beverages,40.0,25.0,480.0,Yes
6804,907,Spring Rolls,Starters,188.0,27.0,468.0,No
6805,908,Kheer,Desserts,153.0,26.0,433.0,No
6806,908,Veg Manchurian,Starters,262.0,19.0,484.0,Yes
6807,908,Biryani,Main Course,313.0,29.0,319.0,No
6808,908,Tandoori Roti,Breads,263.0,13.0,519.0,Yes
6809,908,Lassi,Beverages,168.0,5.0,443.0,No
6810,908,Chicken Burger,Fast Food,274.0,22.0,270.0,Yes
6811,908,Butter Naan,Breads,204.0,16.0,521.0,Yes
6812,908,Mojito,Beverages,273.0,7.0,414.0,Yes
6813,908,Mojito,Beverages,98.0,19.0,191.0,No
6814,909,Ice Cream,Desserts,174.0,20.0,56.0,Yes
6815,909,Fried Rice,Main Course,155.0,6.0,524.0,Yes
6816,909,Garlic Naan,Breads,40.0,15.0,597.0,Yes
6817,909,Rasmalai,Desserts,85.0,12.0,388.0,Yes
6818,909,Lassi,Beverages,184.0,3.0,360.0,Yes
6819,909,Butter Naan,Breads,242.0,35.0,,Yes
6820,909,Chole Bhature,Main Course,153.0,21.0,277.0,Yes
6821,909,Momos,Starters,313.0,17.0,433.0,Yes
6822,910,Fried Rice,Main Course,228.0,4.0,441.0,Yes
6823,910,Fried Rice,Main Course,123.0,11.0,468.0,Yes
6824,910,French Fries,Fast Food,281.0,17.0,630.0,Yes
6825,910,Chicken Burger,Fast Food,158.0,4.0,225.0,Yes
6826,910,Fresh Lime Soda,Beverages,317.0,32.0,454.0,Yes
6827,910,Tandoori Roti,Breads,124.0,15.0,393.0,Yes
6828,911,Chole Bhature,Main Course,181.0,22.0,451.0,Yes
6829,911,Ice Cream,Desserts,72.0,8.0,481.0,Yes
6830,911,Cold Coffee,Beverages,144.0,17.0,402.0,Yes
6831,911,Chicken Burger,Fast Food,131.0,19.0,503.0,Yes
6832,911,Kulcha,Breads,168.0,28.0,634.0,Yes
6833,911,French Fries,Fast Food,103.0,21.0,364.0,Yes
6834,911,Masala Chai,Beverages,111.0,17.0,79.0,Yes
6835,911,Tandoori Roti,Breads,249.0,24.0,434.0,Yes
6836,911,Cold Coffee,Beverages,266.0,12.0,50.0,Yes
6837,912,Ice Cream,Desserts,136.0,8.0,401.0,Yes
6838,912,French Fries,Fast Food,309.0,20.0,361.0,Yes
6839,912,Cold Coffee,Beverages,279.0,31.0,466.0,Yes
6840,912,Veg Manchurian,Starters,121.0,18.0,423.0,Yes
6841,912,Biryani,Main Course,163.0,28.0,526.0,No
6842,912,Ice Cream,Desserts,76.0,7.0,319.0,Yes
6843,912,Chole Bhature,Main Course,90.0,14.0,399.0,Yes
6844,912,Fried Rice,Main Course,163.0,19.0,349.0,Yes
6845,913,Paneer Butter Masala,Main Course,54.0,10.0,241.0,Yes
6846,913,Garlic Naan,Breads,108.0,21.0,340.0,No
6847,913,Butter Naan,Breads,96.0,17.0,443.0,Yes
6848,913,Biryani,Main Course,203.0,37.0,310.0,Yes
6849,913,Fish Fingers,Starters,213.0,26.0,634.0,Yes
6850,913,Biryani,Main Course,157.0,3.0,353.0,Yes
6851,914,Kheer,Desserts,211.0,39.0,191.0,Yes
6852,914,Brownie,Desserts,175.0,12.0,537.0,No
6853,914,Fresh Lime Soda,Beverages,124.0,5.0,91.0,Yes
6854,914,Lassi,Beverages,203.0,18.0,478.0,Yes
6855,914,Rasmalai,Desserts,192.0,20.0,469.0,Yes
6856,914,Rasmalai,Desserts,105.0,17.0,476.0,Yes
6857,914,Tandoori Roti,Breads,94.0,3.0,452.0,Yes
6858,914,Paneer Butter Masala,Main Course,163.0,28.0,498.0,Yes
6859,915,Garlic Naan,Breads,151.0,7.0,601.0,Yes
6860,915,Spring Rolls,Starters,250.0,28.0,544.0,Yes
6861,915,Gulab Jamun,Desserts,70.0,21.0,542.0,Yes
6862,915,Garlic Naan,Breads,189.0,15.0,330.0,Yes
6863,915,Mojito,Beverages,111.0,17.0,212.0,No
6864,915,Lassi,Beverages,40.0,13.0,312.0,Yes
6865,916,Chole Bhature,Main Course,381.0,28.0,369.0,Yes
6866,916,Lassi,Beverages,177.0,26.0,397.0,Yes
6867,916,Paneer Tikka,Starters,163.0,15.0,378.0,Yes
6868,916,Lassi,Beverages,79.0,27.0,360.0,Yes
6869,916,Gulab Jamun,Desserts,293.0,26.0,470.0,Yes
6870,916,Biryani,Main Course,291.0,16.0,316.0,No
6871,917,Chicken 65,Starters,121.0,18.0,504.0,Yes
6872,917,Butter Naan,Breads,214.0,33.0,475.0,Yes
6873,917,Paneer Butter Masala,Main Course,130.0,19.0,535.0,Yes
6874,917,Gulab Jamun,Desserts,137.0,12.0,572.0,Yes
6875,917,Tandoori Roti,Breads,249.0,18.0,322.0,Yes
6876,917,Brownie,Desserts,154.0,20.0,509.0,Yes
6877,918,Momos,Starters,273.0,19.0,219.0,Yes
6878,918,Brownie,Desserts,310.0,27.0,546.0,Yes
6879,918,Kulcha,Breads,303.0,24.0,417.0,Yes
6880,918,Butter Chicken,Main Course,81.0,11.0,342.0,Yes
6881,918,Chicken Burger,Fast Food,250.0,30.0,607.0,Yes
6882,918,Butter Chicken,Main Course,139.0,16.0,197.0,Yes
6883,918,Fish Fingers,Starters,330.0,6.0,373.0,Yes
6884,918,Chicken 65,Starters,304.0,21.0,484.0,Yes
6885,918,Veg Manchurian,Starters,202.0,4.0,466.0,Yes
6886,919,Veg Burger,Fast Food,235.0,13.0,512.0,Yes
6887,919,Paneer Tikka,Starters,138.0,28.0,393.0,Yes
6888,919,Momos,Starters,230.0,20.0,508.0,Yes
6889,919,French Fries,Fast Food,189.0,23.0,506.0,Yes
6890,919,French Fries,Fast Food,69.0,23.0,331.0,Yes
6891,919,Kheer,Desserts,165.0,15.0,339.0,Yes
6892,919,Ice Cream,Desserts,305.0,7.0,50.0,Yes
6893,919,Cold Coffee,Beverages,129.0,16.0,278.0,Yes
6894,920,Spring Rolls,Starters,94.0,23.0,416.0,Yes
6895,920,Butter Naan,Breads,407.0,11.0,457.0,Yes
6896,920,Cold Coffee,Beverages,230.0,15.0,239.0,Yes
6897,920,Fish Fingers,Starters,171.0,22.0,300.0,Yes
6898,920,Biryani,Main Course,158.0,16.0,281.0,Yes
6899,920,Brownie,Desserts,296.0,19.0,369.0,Yes
6900,920,Masala Chai,Beverages,253.0,19.0,580.0,Yes
6901,920,Chole Bhature,Main Course,101.0,22.0,396.0,Yes
6902,921,Biryani,Main Course,300.0,25.0,443.0,Yes
6903,921,Ice Cream,Desserts,206.0,17.0,569.0,No
6904,921,Fresh Lime Soda,Beverages,131.0,17.0,495.0,Yes
6905,921,Fried Rice,Main Course,113.0,9.0,536.0,Yes
6906,921,Rasmalai,Desserts,50.0,25.0,349.0,Yes
6907,921,Biryani,Main Course,70.0,28.0,130.0,Yes
6908,922,Masala Chai,Beverages,280.0,41.0,655.0,Yes
6909,922,Ice Cream,Desserts,152.0,30.0,570.0,Yes
6910,922,Momos,Starters,105.0,10.0,437.0,Yes
6911,922,Lassi,Beverages,229.0,26.0,549.0,Yes
6912,922,Chicken Burger,Fast Food,200.0,13.0,536.0,Yes
6913,922,Masala Chai,Beverages,281.0,19.0,371.0,Yes
6914,922,Butter Chicken,Main Course,136.0,6.0,291.0,No
6915,922,Kheer,Desserts,310.0,18.0,310.0,Yes
6916,922,Chicken Burger,Fast Food,177.0,15.0,465.0,Yes
6917,923,Veg Sandwich,Fast Food,148.0,17.0,94.0,Yes
6918,923,Veg Burger,Fast Food,91.0,20.0,377.0,Yes
6919,923,Fresh Lime Soda,Beverages,232.0,20.0,610.0,Yes
6920,923,Biryani,Main Course,40.0,17.0,496.0,Yes
6921,923,Gulab Jamun,Desserts,187.0,15.0,334.0,Yes
6922,923,Masala Chai,Beverages,122.0,14.0,262.0,Yes
6923,923,Cheese Pizza,Fast Food,156.0,11.0,564.0,Yes
6924,923,Ice Cream,Desserts,102.0,30.0,543.0,No
6925,924,Spring Rolls,Starters,286.0,17.0,229.0,Yes
6926,924,Mojito,Beverages,40.0,24.0,385.0,Yes
6927,924,Veg Manchurian,Starters,139.0,23.0,795.0,Yes
6928,924,Kulcha,Breads,183.0,26.0,376.0,Yes
6929,924,Butter Chicken,Main Course,266.0,18.0,536.0,Yes
6930,924,Biryani,Main Course,235.0,12.0,192.0,Yes
6931,924,Cheese Pizza,Fast Food,40.0,21.0,602.0,Yes
6932,924,Butter Naan,Breads,232.0,29.0,650.0,Yes
6933,925,Spring Rolls,Starters,225.0,3.0,224.0,No
6934,925,Tandoori Roti,Breads,119.0,6.0,152.0,Yes
6935,925,Mojito,Beverages,176.0,8.0,280.0,Yes
6936,925,Veg Sandwich,Fast Food,204.0,11.0,409.0,Yes
6937,925,Kheer,Desserts,155.0,26.0,303.0,Yes
6938,925,Spring Rolls,Starters,58.0,15.0,722.0,Yes
6939,925,Gulab Jamun,Desserts,318.0,31.0,462.0,Yes
6940,926,Masala Chai,Beverages,197.0,9.0,468.0,Yes
6941,926,Paneer Tikka,Starters,57.0,16.0,460.0,Yes
6942,926,Kulcha,Breads,125.0,21.0,320.0,Yes
6943,926,Momos,Starters,40.0,24.0,494.0,Yes
6944,926,Spring Rolls,Starters,126.0,17.0,773.0,Yes
6945,926,Paneer Tikka,Starters,244.0,13.0,452.0,Yes
6946,927,Garlic Naan,Breads,232.0,15.0,374.0,Yes
6947,927,Veg Manchurian,Starters,40.0,16.0,207.0,Yes
6948,927,Chole Bhature,Main Course,72.0,14.0,470.0,Yes
6949,927,Paneer Butter Masala,Main Course,40.0,15.0,180.0,Yes
6950,927,Cold Coffee,Beverages,371.0,6.0,386.0,Yes
6951,927,Mojito,Beverages,69.0,20.0,57.0,Yes
6952,927,Mojito,Beverages,307.0,37.0,571.0,Yes
6953,927,Biryani,Main Course,190.0,14.0,,Yes
6954,927,Fried Rice,Main Course,65.0,12.0,481.0,Yes
6955,928,Chole Bhature,Main Course,132.0,16.0,439.0,Yes
6956,928,Garlic Naan,Breads,266.0,32.0,156.0,Yes
6957,928,Fish Fingers,Starters,357.0,28.0,517.0,Yes
6958,928,French Fries,Fast Food,150.0,14.0,558.0,Yes
6959,928,Spring Rolls,Starters,147.0,3.0,377.0,Yes
6960,928,Paneer Tikka,Starters,125.0,26.0,193.0,No
6961,928,Rasmalai,Desserts,399.0,17.0,143.0,No
6962,929,Fried Rice,Main Course,183.0,21.0,586.0,No
6963,929,Rasmalai,Desserts,186.0,19.0,,Yes
6964,929,Dal Makhani,Main Course,71.0,18.0,395.0,Yes
6965,929,Kheer,Desserts,117.0,3.0,342.0,Yes
6966,929,Rasmalai,Desserts,234.0,29.0,368.0,Yes
6967,929,Paneer Tikka,Starters,166.0,15.0,446.0,Yes
6968,930,Fresh Lime Soda,Beverages,136.0,22.0,54.0,No
6969,930,Fried Rice,Main Course,229.0,14.0,381.0,Yes
6970,930,Momos,Starters,40.0,17.0,478.0,Yes
6971,930,Kulcha,Breads,281.0,18.0,448.0,Yes
6972,930,Fresh Lime Soda,Beverages,235.0,11.0,593.0,No
6973,930,Fried Rice,Main Course,57.0,24.0,230.0,Yes
6974,930,Brownie,Desserts,55.0,11.0,489.0,No
6975,931,Kheer,Desserts,86.0,24.0,405.0,Yes
6976,931,Paneer Tikka,Starters,75.0,15.0,516.0,Yes
6977,931,Biryani,Main Course,296.0,23.0,543.0,Yes
6978,931,Biryani,Main Course,180.0,14.0,369.0,Yes
6979,931,Cheese Pizza,Fast Food,308.0,11.0,407.0,Yes
6980,931,Chicken Burger,Fast Food,215.0,16.0,597.0,Yes
6981,931,French Fries,Fast Food,213.0,19.0,431.0,Yes
6982,931,Gulab Jamun,Desserts,282.0,14.0,299.0,No
6983,932,Dal Makhani,Main Course,222.0,22.0,483.0,Yes
6984,932,Brownie,Desserts,40.0,17.0,410.0,Yes
6985,932,Lassi,Beverages,242.0,9.0,492.0,Yes
6986,932,Butter Naan,Breads,124.0,17.0,609.0,No
6987,932,Paneer Tikka,Starters,198.0,19.0,486.0,Yes
6988,932,Fresh Lime Soda,Beverages,243.0,3.0,530.0,Yes
6989,932,Ice Cream,Desserts,293.0,19.0,128.0,Yes
6990,933,Rasmalai,Desserts,116.0,8.0,408.0,Yes
6991,933,Butter Chicken,Main Course,192.0,27.0,610.0,Yes
6992,933,Tandoori Roti,Breads,408.0,12.0,400.0,Yes
6993,933,Paneer Tikka,Starters,178.0,12.0,441.0,Yes
6994,933,Gulab Jamun,Desserts,247.0,36.0,494.0,Yes
6995,933,Tandoori Roti,Breads,83.0,7.0,277.0,Yes
6996,933,Butter Naan,Breads,240.0,18.0,206.0,Yes
6997,934,Cheese Pizza,Fast Food,101.0,26.0,592.0,Yes
6998,934,Ice Cream,Desserts,40.0,20.0,528.0,Yes
6999,934,Paneer Butter Masala,Main Course,150.0,26.0,666.0,Yes
7000,934,Fried Rice,Main Course,272.0,21.0,268.0,Yes
7001,934,Kheer,Desserts,335.0,10.0,483.0,Yes
7002,934,Masala Chai,Beverages,124.0,9.0,600.0,Yes
7003,934,Paneer Butter Masala,Main Course,305.0,9.0,473.0,Yes
7004,934,Dal Makhani,Main Course,167.0,8.0,267.0,Yes
7005,934,Cheese Pizza,Fast Food,145.0,20.0,702.0,Yes
7006,935,Kheer,Desserts,272.0,20.0,383.0,Yes
7007,935,Chicken Burger,Fast Food,40.0,13.0,571.0,Yes
7008,935,Biryani,Main Course,265.0,7.0,356.0,No
7009,935,Chole Bhature,Main Course,60.0,23.0,460.0,Yes
7010,935,Tandoori Roti,Breads,51.0,22.0,531.0,Yes
7011,935,Veg Sandwich,Fast Food,248.0,16.0,489.0,Yes
7012,935,Chole Bhature,Main Course,266.0,3.0,495.0,Yes
7013,935,Fried Rice,Main Course,40.0,14.0,364.0,Yes
7014,935,Chole Bhature,Main Course,231.0,17.0,505.0,Yes
7015,936,Tandoori Roti,Breads,135.0,23.0,473.0,Yes
7016,936,Paneer Butter Masala,Main Course,201.0,15.0,,Yes
7017,936,Kheer,Desserts,175.0,12.0,390.0,Yes
7018,936,French Fries,Fast Food,206.0,18.0,243.0,Yes
7019,936,Lassi,Beverages,156.0,18.0,335.0,Yes
7020,936,Gulab Jamun,Desserts,198.0,13.0,426.0,Yes
7021,937,Ice Cream,Desserts,240.0,15.0,455.0,No
7022,937,Masala Chai,Beverages,287.0,16.0,495.0,Yes
7023,937,Chicken 65,Starters,129.0,20.0,349.0,Yes
7024,937,Chicken Burger,Fast Food,40.0,29.0,346.0,Yes
7025,937,Paneer Butter Masala,Main Course,223.0,16.0,242.0,No
7026,937,Kheer,Desserts,293.0,23.0,270.0,Yes
7027,937,Masala Chai,Beverages,254.0,30.0,443.0,Yes
7028,937,Kulcha,Breads,265.0,28.0,282.0,Yes
7029,938,Dal Makhani,Main Course,233.0,7.0,388.0,Yes
7030,938,Lassi,Beverages,134.0,14.0,277.0,Yes
7031,938,Mojito,Beverages,100.0,9.0,151.0,No
7032,938,Fried Rice,Main Course,144.0,6.0,287.0,Yes
7033,938,Chicken 65,Starters,94.0,6.0,445.0,Yes
7034,938,Garlic Naan,Breads,187.0,19.0,406.0,No
7035,938,Brownie,Desserts,236.0,16.0,636.0,Yes
7036,939,Paneer Tikka,Starters,57.0,6.0,81.0,Yes
7037,939,French Fries,Fast Food,40.0,14.0,361.0,Yes
7038,939,Tandoori Roti,Breads,266.0,15.0,630.0,Yes
7039,939,Fish Fingers,Starters,202.0,22.0,532.0,Yes
7040,939,Chicken Burger,Fast Food,145.0,31.0,459.0,Yes
7041,939,Mojito,Beverages,329.0,26.0,484.0,Yes
7042,939,Garlic Naan,Breads,147.0,17.0,451.0,Yes
7043,939,Mojito,Beverages,77.0,3.0,340.0,Yes
7044,939,Kulcha,Breads,150.0,22.0,602.0,Yes
7045,940,Lassi,Beverages,178.0,8.0,401.0,Yes
7046,940,Veg Manchurian,Starters,194.0,16.0,263.0,Yes
7047,940,Butter Chicken,Main Course,358.0,24.0,494.0,Yes
7048,940,Veg Burger,Fast Food,40.0,8.0,170.0,Yes
7049,940,Butter Naan,Breads,153.0,27.0,370.0,Yes
7050,940,Kheer,Desserts,150.0,4.0,445.0,Yes
7051,940,Masala Chai,Beverages,136.0,26.0,281.0,Yes
7052,940,Kulcha,Breads,163.0,13.0,346.0,Yes
7053,941,Veg Manchurian,Starters,243.0,8.0,371.0,Yes
7054,941,Mojito,Beverages,175.0,22.0,342.0,Yes
7055,941,Ice Cream,Desserts,273.0,3.0,469.0,Yes
7056,941,French Fries,Fast Food,178.0,25.0,244.0,Yes
7057,941,Tandoori Roti,Breads,332.0,28.0,330.0,Yes
7058,941,Cheese Pizza,Fast Food,218.0,9.0,492.0,Yes
7059,942,Kulcha,Breads,104.0,20.0,249.0,Yes
7060,942,Fried Rice,Main Course,286.0,22.0,698.0,Yes
7061,942,Butter Naan,Breads,195.0,5.0,,Yes
7062,942,Brownie,Desserts,409.0,16.0,474.0,Yes
7063,942,Butter Naan,Breads,236.0,7.0,438.0,Yes
7064,942,Chicken Burger,Fast Food,243.0,23.0,340.0,Yes
7065,942,Tandoori Roti,Breads,96.0,12.0,362.0,Yes
7066,943,Masala Chai,Beverages,190.0,7.0,557.0,Yes
7067,943,Momos,Starters,258.0,37.0,444.0,Yes
7068,943,Ice Cream,Desserts,163.0,5.0,171.0,Yes
7069,943,Lassi,Beverages,86.0,7.0,327.0,Yes
7070,943,Cold Coffee,Beverages,112.0,26.0,479.0,Yes
7071,943,Rasmalai,Desserts,237.0,5.0,405.0,Yes
7072,943,Veg Sandwich,Fast Food,40.0,22.0,289.0,Yes
7073,943,Paneer Tikka,Starters,60.0,14.0,304.0,Yes
7074,944,Butter Naan,Breads,245.0,13.0,403.0,Yes
7075,944,Paneer Butter Masala,Main Course,97.0,13.0,248.0,Yes
7076,944,Biryani,Main Course,146.0,22.0,449.0,Yes
7077,944,Ice Cream,Desserts,298.0,7.0,379.0,No
7078,944,Mojito,Beverages,129.0,18.0,417.0,Yes
7079,944,Kulcha,Breads,98.0,20.0,378.0,Yes
7080,944,Lassi,Beverages,301.0,6.0,312.0,Yes
7081,945,Cold Coffee,Beverages,297.0,19.0,261.0,Yes
7082,945,Rasmalai,Desserts,174.0,3.0,494.0,Yes
7083,945,Gulab Jamun,Desserts,102.0,18.0,424.0,Yes
7084,945,French Fries,Fast Food,153.0,3.0,352.0,Yes
7085,945,Kulcha,Breads,40.0,30.0,353.0,No
7086,945,Kheer,Desserts,98.0,3.0,488.0,Yes
7087,945,Tandoori Roti,Breads,217.0,16.0,389.0,Yes
7088,945,Fresh Lime Soda,Beverages,104.0,11.0,581.0,Yes
7089,945,Brownie,Desserts,145.0,20.0,340.0,Yes
7090,946,Veg Sandwich,Fast Food,162.0,34.0,603.0,Yes
7091,946,Butter Naan,Breads,242.0,17.0,518.0,Yes
7092,946,Cold Coffee,Beverages,40.0,17.0,287.0,Yes
7093,946,Momos,Starters,242.0,24.0,573.0,Yes
7094,946,Chole Bhature,Main Course,173.0,17.0,491.0,Yes
7095,946,Cheese Pizza,Fast Food,294.0,6.0,375.0,No
7096,947,French Fries,Fast Food,40.0,25.0,294.0,Yes
7097,947,Veg Burger,Fast Food,217.0,7.0,387.0,Yes
7098,947,Brownie,Desserts,133.0,11.0,544.0,Yes
7099,947,Biryani,Main Course,99.0,27.0,635.0,Yes
7100,947,Kulcha,Breads,133.0,31.0,537.0,Yes
7101,947,Paneer Tikka,Starters,384.0,32.0,428.0,Yes
7102,947,Rasmalai,Desserts,275.0,16.0,602.0,Yes
7103,948,Tandoori Roti,Breads,76.0,14.0,296.0,Yes
7104,948,Cold Coffee,Beverages,146.0,15.0,399.0,No
7105,948,Cold Coffee,Beverages,239.0,19.0,468.0,No
7106,948,Momos,Starters,91.0,12.0,333.0,Yes
7107,948,Biryani,Main Course,170.0,27.0,410.0,Yes
7108,948,Masala Chai,Beverages,113.0,22.0,411.0,Yes
7109,949,Biryani,Main Course,158.0,29.0,517.0,Yes
7110,949,Cold Coffee,Beverages,175.0,17.0,352.0,Yes
7111,949,Veg Sandwich,Fast Food,55.0,15.0,400.0,Yes
7112,949,Momos,Starters,60.0,9.0,749.0,Yes
7113,949,Paneer Butter Masala,Main Course,326.0,12.0,289.0,Yes
7114,949,Gulab Jamun,Desserts,229.0,14.0,412.0,Yes
7115,949,Butter Chicken,Main Course,175.0,14.0,175.0,Yes
7116,949,Dal Makhani,Main Course,105.0,14.0,304.0,Yes
7117,949,Veg Sandwich,Fast Food,67.0,31.0,474.0,Yes
7118,950,Biryani,Main Course,160.0,23.0,360.0,Yes
7119,950,Kulcha,Breads,393.0,41.0,,Yes
7120,950,Paneer Tikka,Starters,270.0,14.0,110.0,Yes
7121,950,Mojito,Beverages,300.0,14.0,403.0,Yes
7122,950,French Fries,Fast Food,218.0,22.0,452.0,Yes
7123,950,Fish Fingers,Starters,110.0,16.0,352.0,Yes
7124,950,French Fries,Fast Food,276.0,15.0,359.0,Yes
7125,950,Tandoori Roti,Breads,188.0,15.0,399.0,Yes
7126,951,Chicken Burger,Fast Food,84.0,8.0,312.0,Yes
7127,951,Biryani,Main Course,209.0,10.0,439.0,Yes
7128,951,Kulcha,Breads,267.0,6.0,257.0,No
7129,951,Cold Coffee,Beverages,56.0,6.0,55.0,Yes
7130,951,French Fries,Fast Food,196.0,10.0,,No
7131,951,Rasmalai,Desserts,265.0,10.0,515.0,Yes
7132,951,Gulab Jamun,Desserts,281.0,12.0,103.0,Yes
7133,951,Garlic Naan,Breads,71.0,37.0,362.0,Yes
7134,951,Fresh Lime Soda,Beverages,271.0,18.0,137.0,Yes
7135,952,Fried Rice,Main Course,225.0,13.0,694.0,Yes
7136,952,Garlic Naan,Breads,113.0,31.0,652.0,Yes
7137,952,Dal Makhani,Main Course,49.0,23.0,346.0,Yes
7138,952,Lassi,Beverages,284.0,21.0,427.0,Yes
7139,952,Spring Rolls,Starters,141.0,22.0,188.0,Yes
7140,952,Chicken Burger,Fast Food,265.0,24.0,476.0,Yes
7141,952,Kulcha,Breads,95.0,10.0,301.0,Yes
7142,952,Butter Naan,Breads,98.0,20.0,322.0,Yes
7143,952,Fish Fingers,Starters,145.0,14.0,225.0,Yes
7144,953,Veg Sandwich,Fast Food,131.0,26.0,525.0,Yes
7145,953,Masala Chai,Beverages,223.0,29.0,320.0,Yes
7146,953,Biryani,Main Course,148.0,26.0,395.0,Yes
7147,953,Brownie,Desserts,97.0,8.0,261.0,Yes
7148,953,Tandoori Roti,Breads,294.0,19.0,446.0,Yes
7149,953,Chicken Burger,Fast Food,184.0,12.0,50.0,Yes
7150,954,Biryani,Main Course,40.0,27.0,513.0,Yes
7151,954,Butter Naan,Breads,324.0,20.0,505.0,Yes
7152,954,Masala Chai,Beverages,64.0,5.0,560.0,Yes
7153,954,Chicken Burger,Fast Food,206.0,18.0,324.0,Yes
7154,954,Tandoori Roti,Breads,342.0,11.0,624.0,Yes
7155,954,Garlic Naan,Breads,182.0,3.0,493.0,Yes
7156,954,Cold Coffee,Beverages,173.0,14.0,416.0,No
7157,954,Kheer,Desserts,40.0,19.0,414.0,Yes
7158,954,French Fries,Fast Food,347.0,36.0,358.0,Yes
7159,955,Veg Sandwich,Fast Food,268.0,28.0,414.0,Yes
7160,955,Veg Sandwich,Fast Food,202.0,14.0,203.0,No
7161,955,Chicken 65,Starters,280.0,10.0,361.0,Yes
7162,955,Cold Coffee,Beverages,274.0,6.0,355.0,Yes
7163,955,Brownie,Desserts,308.0,6.0,334.0,Yes
7164,955,Fish Fingers,Starters,64.0,25.0,690.0,No
7165,956,Spring Rolls,Starters,288.0,20.0,372.0,Yes
7166,956,Spring Rolls,Starters,249.0,23.0,211.0,Yes
7167,956,Fish Fingers,Starters,80.0,5.0,436.0,Yes
7168,956,Garlic Naan,Breads,155.0,22.0,584.0,Yes
7169,956,Ice Cream,Desserts,210.0,17.0,593.0,Yes
7170,956,Brownie,Desserts,42.0,18.0,367.0,Yes
7171,957,Masala Chai,Beverages,166.0,13.0,595.0,Yes
7172,957,Veg Sandwich,Fast Food,40.0,23.0,248.0,Yes
7173,957,Ice Cream,Desserts,40.0,21.0,477.0,Yes
7174,957,Lassi,Beverages,303.0,18.0,542.0,Yes
7175,957,Gulab Jamun,Desserts,259.0,19.0,208.0,Yes
7176,957,Masala Chai,Beverages,244.0,25.0,265.0,Yes
7177,957,Biryani,Main Course,147.0,3.0,539.0,Yes
7178,958,Fish Fingers,Starters,92.0,23.0,523.0,Yes
7179,958,Rasmalai,Desserts,236.0,18.0,548.0,Yes
7180,958,Fish Fingers,Starters,171.0,26.0,335.0,Yes
7181,958,Momos,Starters,291.0,19.0,396.0,No
7182,958,Chicken 65,Starters,182.0,27.0,334.0,Yes
7183,958,Chicken Burger,Fast Food,204.0,10.0,329.0,No
7184,959,Butter Naan,Breads,227.0,13.0,545.0,Yes
7185,959,Fried Rice,Main Course,311.0,13.0,317.0,Yes
7186,959,Masala Chai,Beverages,260.0,20.0,180.0,No
7187,959,Momos,Starters,105.0,19.0,693.0,Yes
7188,959,Chicken Burger,Fast Food,267.0,38.0,404.0,Yes
7189,959,Cheese Pizza,Fast Food,40.0,37.0,258.0,Yes
7190,959,Veg Burger,Fast Food,52.0,25.0,612.0,Yes
7191,959,Veg Manchurian,Starters,292.0,21.0,119.0,Yes
7192,960,Ice Cream,Desserts,211.0,29.0,469.0,Yes
7193,960,Fresh Lime Soda,Beverages,178.0,26.0,547.0,Yes
7194,960,Momos,Starters,143.0,21.0,387.0,No
7195,960,Biryani,Main Course,203.0,17.0,358.0,Yes
7196,960,Chicken 65,Starters,115.0,21.0,496.0,Yes
7197,960,Dal Makhani,Main Course,128.0,9.0,383.0,Yes
7198,960,Butter Naan,Breads,157.0,26.0,551.0,Yes
7199,961,Paneer Butter Masala,Main Course,67.0,16.0,448.0,Yes
7200,961,Ice Cream,Desserts,147.0,29.0,175.0,Yes
7201,961,Chicken 65,Starters,118.0,18.0,289.0,Yes
7202,961,Veg Manchurian,Starters,143.0,3.0,581.0,Yes
7203,961,Butter Naan,Breads,232.0,3.0,549.0,Yes
7204,961,Chicken 65,Starters,159.0,14.0,421.0,Yes
7205,961,Veg Manchurian,Starters,143.0,17.0,247.0,Yes
7206,961,French Fries,Fast Food,146.0,12.0,470.0,Yes
7207,961,Kulcha,Breads,169.0,17.0,254.0,Yes
7208,962,Garlic Naan,Breads,241.0,21.0,575.0,Yes
7209,962,Butter Chicken,Main Course,210.0,17.0,492.0,Yes
7210,962,Garlic Naan,Breads,115.0,14.0,319.0,Yes
7211,962,Veg Sandwich,Fast Food,292.0,17.0,417.0,Yes
7212,962,Chole Bhature,Main Course,123.0,20.0,395.0,No
7213,962,Ice Cream,Desserts,303.0,17.0,499.0,Yes
7214,963,Cheese Pizza,Fast Food,93.0,18.0,453.0,Yes
7215,963,Momos,Starters,95.0,19.0,234.0,Yes
7216,963,French Fries,Fast Food,40.0,19.0,550.0,Yes
7217,963,Paneer Butter Masala,Main Course,40.0,23.0,565.0,Yes
7218,963,Fresh Lime Soda,Beverages,40.0,17.0,213.0,Yes
7219,963,Cold Coffee,Beverages,358.0,18.0,146.0,Yes
7220,963,Paneer Butter Masala,Main Course,263.0,14.0,403.0,Yes
7221,964,Momos,Starters,83.0,23.0,478.0,No
7222,964,Kheer,Desserts,250.0,14.0,263.0,Yes
7223,964,Kulcha,Breads,256.0,26.0,124.0,No
7224,964,Butter Naan,Breads,210.0,20.0,401.0,Yes
7225,964,Garlic Naan,Breads,236.0,3.0,655.0,Yes
7226,964,Butter Chicken,Main Course,391.0,20.0,476.0,Yes
7227,964,Veg Burger,Fast Food,112.0,23.0,395.0,Yes
7228,964,Tandoori Roti,Breads,160.0,16.0,262.0,Yes
7229,965,Veg Sandwich,Fast Food,297.0,31.0,278.0,No
7230,965,Veg Sandwich,Fast Food,218.0,24.0,242.0,No
7231,965,Gulab Jamun,Desserts,131.0,13.0,577.0,Yes
7232,965,French Fries,Fast Food,261.0,23.0,341.0,Yes
7233,965,Mojito,Beverages,210.0,27.0,617.0,Yes
7234,965,Masala Chai,Beverages,109.0,3.0,228.0,Yes
7235,965,Lassi,Beverages,133.0,20.0,478.0,Yes
7236,965,Fish Fingers,Starters,174.0,20.0,497.0,Yes
7237,966,Masala Chai,Beverages,125.0,14.0,482.0,Yes
7238,966,Butter Naan,Breads,216.0,7.0,515.0,Yes
7239,966,Garlic Naan,Breads,191.0,9.0,367.0,Yes
7240,966,Tandoori Roti,Breads,159.0,10.0,,Yes
7241,966,Gulab Jamun,Desserts,205.0,27.0,154.0,Yes
7242,966,Gulab Jamun,Desserts,191.0,14.0,348.0,Yes
7243,967,Veg Sandwich,Fast Food,363.0,26.0,573.0,Yes
7244,967,Garlic Naan,Breads,204.0,18.0,227.0,Yes
7245,967,Dal Makhani,Main Course,334.0,10.0,463.0,Yes
7246,967,Kulcha,Breads,145.0,15.0,185.0,Yes
7247,967,Veg Manchurian,Starters,205.0,3.0,50.0,Yes
7248,967,Masala Chai,Beverages,128.0,21.0,225.0,Yes
7249,967,Butter Naan,Breads,40.0,32.0,705.0,Yes
7250,967,Kulcha,Breads,240.0,14.0,477.0,Yes
7251,968,Kulcha,Breads,238.0,22.0,511.0,Yes
7252,968,Ice Cream,Desserts,231.0,15.0,408.0,Yes
7253,968,Ice Cream,Desserts,249.0,21.0,533.0,Yes
7254,968,Cheese Pizza,Fast Food,102.0,20.0,278.0,Yes
7255,968,Dal Makhani,Main Course,186.0,12.0,355.0,No
7256,968,French Fries,Fast Food,262.0,22.0,250.0,Yes
7257,968,Momos,Starters,137.0,24.0,679.0,Yes
7258,969,Lassi,Beverages,256.0,12.0,375.0,Yes
7259,969,Garlic Naan,Breads,210.0,20.0,429.0,Yes
7260,969,Dal Makhani,Main Course,100.0,14.0,437.0,Yes
7261,969,Momos,Starters,142.0,25.0,133.0,Yes
7262,969,Biryani,Main Course,294.0,34.0,456.0,Yes
7263,969,Chole Bhature,Main Course,112.0,30.0,352.0,Yes
7264,970,Momos,Starters,109.0,20.0,575.0,Yes
7265,970,Chicken 65,Starters,354.0,13.0,419.0,Yes
7266,970,Veg Manchurian,Starters,189.0,14.0,437.0,Yes
7267,970,French Fries,Fast Food,230.0,20.0,259.0,Yes
7268,970,Rasmalai,Desserts,186.0,8.0,162.0,Yes
7269,970,Fresh Lime Soda,Beverages,177.0,21.0,404.0,Yes
7270,970,Brownie,Desserts,152.0,20.0,657.0,Yes
7271,970,Brownie,Desserts,200.0,35.0,374.0,Yes
7272,971,Veg Manchurian,Starters,169.0,20.0,,Yes
7273,971,Paneer Butter Masala,Main Course,192.0,9.0,508.0,Yes
7274,971,Rasmalai,Desserts,128.0,12.0,421.0,Yes
7275,971,Dal Makhani,Main Course,118.0,12.0,392.0,Yes
7276,971,Paneer Tikka,Starters,307.0,16.0,733.0,Yes
7277,971,Biryani,Main Course,288.0,15.0,454.0,Yes
7278,971,Kulcha,Breads,210.0,17.0,445.0,No
7279,971,Butter Chicken,Main Course,90.0,28.0,410.0,Yes
7280,972,Ice Cream,Desserts,267.0,13.0,693.0,Yes
7281,972,Garlic Naan,Breads,159.0,11.0,88.0,Yes
7282,972,Kheer,Desserts,194.0,24.0,530.0,Yes
7283,972,Dal Makhani,Main Course,183.0,9.0,642.0,Yes
7284,972,Veg Sandwich,Fast Food,156.0,3.0,377.0,Yes
7285,972,Kheer,Desserts,40.0,3.0,326.0,Yes
7286,972,Veg Sandwich,Fast Food,81.0,13.0,382.0,Yes
7287,973,Masala Chai,Beverages,69.0,22.0,245.0,Yes
7288,973,Cheese Pizza,Fast Food,133.0,20.0,644.0,Yes
7289,973,Paneer Butter Masala,Main Course,129.0,13.0,516.0,Yes
7290,973,Veg Sandwich,Fast Food,175.0,18.0,439.0,Yes
7291,973,Tandoori Roti,Breads,117.0,19.0,717.0,Yes
7292,973,Butter Naan,Breads,167.0,34.0,170.0,Yes
7293,973,Fried Rice,Main Course,156.0,17.0,190.0,Yes
7294,973,Cold Coffee,Beverages,152.0,12.0,289.0,Yes
7295,973,Fresh Lime Soda,Beverages,184.0,30.0,492.0,Yes
7296,974,Chicken Burger,Fast Food,254.0,20.0,263.0,Yes
7297,974,Masala Chai,Beverages,164.0,18.0,363.0,Yes
7298,974,Chicken 65,Starters,153.0,22.0,545.0,Yes
7299,974,French Fries,Fast Food,303.0,17.0,601.0,Yes
7300,974,Brownie,Desserts,170.0,18.0,461.0,Yes
7301,974,Mojito,Beverages,266.0,33.0,209.0,Yes
7302,975,Paneer Tikka,Starters,156.0,22.0,235.0,Yes
7303,975,Kheer,Desserts,42.0,16.0,254.0,Yes
7304,975,Cheese Pizza,Fast Food,233.0,12.0,478.0,Yes
7305,975,Cheese Pizza,Fast Food,312.0,33.0,446.0,Yes
7306,975,Tandoori Roti,Breads,112.0,28.0,438.0,Yes
7307,975,Veg Sandwich,Fast Food,204.0,22.0,240.0,Yes
7308,975,Chicken 65,Starters,71.0,24.0,338.0,Yes
7309,976,Momos,Starters,232.0,17.0,564.0,Yes
7310,976,French Fries,Fast Food,329.0,19.0,531.0,No
7311,976,Butter Chicken,Main Course,179.0,28.0,175.0,Yes
7312,976,Rasmalai,Desserts,235.0,15.0,494.0,Yes
7313,976,Mojito,Beverages,170.0,21.0,347.0,Yes
7314,976,Rasmalai,Desserts,40.0,27.0,114.0,Yes
7315,976,Brownie,Desserts,86.0,21.0,472.0,Yes
7316,976,Tandoori Roti,Breads,269.0,21.0,580.0,Yes
7317,977,Fresh Lime Soda,Beverages,252.0,4.0,423.0,Yes
7318,977,Mojito,Beverages,127.0,32.0,306.0,Yes
7319,977,Cheese Pizza,Fast Food,252.0,6.0,376.0,Yes
7320,977,Paneer Tikka,Starters,190.0,5.0,352.0,Yes
7321,977,French Fries,Fast Food,222.0,26.0,535.0,Yes
7322,977,Dal Makhani,Main Course,191.0,21.0,233.0,Yes
7323,977,Masala Chai,Beverages,40.0,17.0,199.0,Yes
7324,977,Butter Naan,Breads,40.0,15.0,352.0,Yes
7325,978,Ice Cream,Desserts,107.0,20.0,478.0,Yes
7326,978,Chicken Burger,Fast Food,218.0,16.0,335.0,Yes
7327,978,Cheese Pizza,Fast Food,69.0,17.0,509.0,Yes
7328,978,Veg Sandwich,Fast Food,167.0,18.0,435.0,Yes
7329,978,Lassi,Beverages,168.0,12.0,396.0,Yes
7330,978,Veg Sandwich,Fast Food,204.0,22.0,718.0,Yes
7331,978,Chicken Burger,Fast Food,189.0,21.0,294.0,Yes
7332,978,Veg Manchurian,Starters,188.0,9.0,191.0,Yes
7333,979,Chicken 65,Starters,84.0,18.0,145.0,Yes
7334,979,Chole Bhature,Main Course,203.0,18.0,204.0,Yes
7335,979,Kheer,Desserts,149.0,15.0,512.0,Yes
7336,979,Dal Makhani,Main Course,107.0,28.0,352.0,Yes
7337,979,Chole Bhature,Main Course,147.0,3.0,50.0,Yes
7338,979,Cold Coffee,Beverages,140.0,4.0,230.0,No
7339,979,Brownie,Desserts,153.0,26.0,360.0,Yes
7340,979,Butter Naan,Breads,151.0,13.0,437.0,Yes
7341,980,Ice Cream,Desserts,394.0,22.0,221.0,Yes
7342,980,Lassi,Beverages,202.0,11.0,532.0,Yes
7343,980,Lassi,Beverages,170.0,21.0,541.0,Yes
7344,980,Brownie,Desserts,358.0,12.0,88.0,Yes
7345,980,Tandoori Roti,Breads,40.0,14.0,475.0,No
7346,980,Rasmalai,Desserts,163.0,17.0,206.0,Yes
7347,980,Ice Cream,Desserts,196.0,20.0,102.0,Yes
7348,980,Garlic Naan,Breads,358.0,24.0,437.0,Yes
7349,981,Cold Coffee,Beverages,375.0,13.0,443.0,Yes
7350,981,Cheese Pizza,Fast Food,43.0,31.0,499.0,Yes
7351,981,Cold Coffee,Beverages,116.0,12.0,545.0,Yes
7352,981,French Fries,Fast Food,319.0,13.0,518.0,Yes
7353,981,Fish Fingers,Starters,97.0,22.0,405.0,Yes
7354,981,Veg Burger,Fast Food,40.0,13.0,525.0,Yes
7355,981,Fish Fingers,Starters,222.0,8.0,241.0,No
7356,982,Paneer Tikka,Starters,40.0,11.0,427.0,Yes
7357,982,Paneer Butter Masala,Main Course,247.0,4.0,420.0,Yes
7358,982,Garlic Naan,Breads,79.0,18.0,673.0,Yes
7359,982,Chole Bhature,Main Course,70.0,18.0,50.0,Yes
7360,982,French Fries,Fast Food,229.0,14.0,576.0,Yes
7361,982,Cold Coffee,Beverages,162.0,22.0,687.0,Yes
7362,982,Cheese Pizza,Fast Food,236.0,23.0,580.0,Yes
7363,983,Cold Coffee,Beverages,213.0,11.0,50.0,No
7364,983,Veg Burger,Fast Food,124.0,23.0,335.0,Yes
7365,983,Cold Coffee,Beverages,163.0,16.0,317.0,No
7366,983,Lassi,Beverages,239.0,22.0,381.0,Yes
7367,983,Veg Burger,Fast Food,243.0,18.0,420.0,Yes
7368,983,Momos,Starters,148.0,14.0,328.0,Yes
7369,983,Brownie,Desserts,167.0,22.0,323.0,No
7370,983,Masala Chai,Beverages,184.0,27.0,563.0,Yes
7371,983,Veg Sandwich,Fast Food,87.0,37.0,495.0,Yes
7372,984,Biryani,Main Course,135.0,3.0,531.0,Yes
7373,984,Momos,Starters,217.0,10.0,416.0,Yes
7374,984,Cheese Pizza,Fast Food,54.0,7.0,355.0,Yes
7375,984,Tandoori Roti,Breads,159.0,29.0,400.0,Yes
7376,984,Chicken Burger,Fast Food,138.0,12.0,440.0,Yes
7377,984,Brownie,Desserts,40.0,18.0,659.0,Yes
7378,985,Ice Cream,Desserts,270.0,34.0,295.0,Yes
7379,985,Kheer,Desserts,221.0,16.0,582.0,Yes
7380,985,Veg Sandwich,Fast Food,171.0,26.0,253.0,Yes
7381,985,Veg Burger,Fast Food,166.0,15.0,583.0,Yes
7382,985,Fried Rice,Main Course,90.0,14.0,371.0,Yes
7383,985,Kulcha,Breads,40.0,15.0,412.0,Yes
7384,985,Spring Rolls,Starters,320.0,15.0,379.0,Yes
7385,986,Fish Fingers,Starters,128.0,14.0,354.0,Yes
7386,986,Chicken Burger,Fast Food,171.0,20.0,490.0,No
7387,986,Butter Naan,Breads,144.0,19.0,331.0,No
7388,986,Veg Burger,Fast Food,114.0,27.0,400.0,Yes
7389,986,Veg Sandwich,Fast Food,129.0,20.0,563.0,Yes
7390,986,Butter Naan,Breads,128.0,20.0,483.0,Yes
7391,987,Tandoori Roti,Breads,195.0,17.0,672.0,No
7392,987,Cheese Pizza,Fast Food,149.0,17.0,337.0,Yes
7393,987,Masala Chai,Beverages,214.0,5.0,563.0,Yes
7394,987,Tandoori Roti,Breads,61.0,21.0,312.0,Yes
7395,987,Paneer Butter Masala,Main Course,325.0,20.0,50.0,Yes
7396,987,Veg Burger,Fast Food,159.0,21.0,355.0,Yes
7397,987,Garlic Naan,Breads,88.0,3.0,690.0,No
7398,987,Lassi,Beverages,419.0,9.0,437.0,No
7399,987,Chicken 65,Starters,137.0,26.0,356.0,Yes
7400,988,Chicken Burger,Fast Food,152.0,7.0,286.0,Yes
7401,988,Chicken Burger,Fast Food,259.0,22.0,380.0,Yes
7402,988,Veg Burger,Fast Food,303.0,7.0,228.0,Yes
7403,988,Chicken Burger,Fast Food,164.0,25.0,644.0,No
7404,988,Ice Cream,Desserts,40.0,12.0,590.0,Yes
7405,988,Tandoori Roti,Breads,58.0,3.0,357.0,Yes
7406,988,Chicken 65,Starters,285.0,19.0,586.0,Yes
7407,988,Kulcha,Breads,331.0,27.0,617.0,Yes
7408,989,Gulab Jamun,Desserts,40.0,13.0,257.0,Yes
7409,989,Masala Chai,Beverages,145.0,25.0,524.0,Yes
7410,989,Butter Chicken,Main Course,159.0,27.0,199.0,No
7411,989,Gulab Jamun,Desserts,386.0,24.0,635.0,Yes
7412,989,Masala Chai,Beverages,142.0,11.0,619.0,Yes
7413,989,Chicken 65,Starters,193.0,13.0,414.0,Yes
7414,989,Kheer,Desserts,151.0,20.0,592.0,Yes
7415,990,Dal Makhani,Main Course,183.0,3.0,277.0,Yes
7416,990,Biryani,Main Course,153.0,16.0,100.0,Yes
7417,990,Spring Rolls,Starters,138.0,17.0,291.0,No
7418,990,Spring Rolls,Starters,176.0,28.0,317.0,No
7419,990,Butter Chicken,Main Course,40.0,35.0,309.0,Yes
7420,990,Kulcha,Breads,156.0,18.0,194.0,Yes
7421,990,Dal Makhani,Main Course,201.0,14.0,435.0,Yes
7422,990,Chole Bhature,Main Course,229.0,27.0,662.0,No
7423,991,Paneer Butter Masala,Main Course,160.0,13.0,216.0,Yes
7424,991,Dal Makhani,Main Course,230.0,18.0,374.0,Yes
7425,991,Rasmalai,Desserts,68.0,12.0,491.0,Yes
7426,991,Biryani,Main Course,263.0,19.0,411.0,Yes
7427,991,Gulab Jamun,Desserts,294.0,24.0,527.0,Yes
7428,991,Ice Cream,Desserts,109.0,35.0,632.0,Yes
7429,992,Garlic Naan,Breads,218.0,12.0,262.0,Yes
7430,992,Tandoori Roti,Breads,219.0,20.0,364.0,Yes
7431,992,Butter Chicken,Main Course,85.0,20.0,375.0,No
7432,992,Fresh Lime Soda,Beverages,46.0,18.0,540.0,Yes
7433,992,Brownie,Desserts,211.0,15.0,656.0,Yes
7434,992,Fish Fingers,Starters,114.0,20.0,322.0,Yes
7435,992,Masala Chai,Beverages,187.0,14.0,590.0,Yes
7436,992,Kulcha,Breads,208.0,19.0,343.0,Yes
7437,993,Cheese Pizza,Fast Food,166.0,23.0,509.0,Yes
7438,993,Gulab Jamun,Desserts,202.0,23.0,607.0,Yes
7439,993,Dal Makhani,Main Course,231.0,3.0,434.0,Yes
7440,993,Ice Cream,Desserts,359.0,25.0,400.0,No
7441,993,Chicken Burger,Fast Food,246.0,15.0,483.0,Yes
7442,993,Butter Chicken,Main Course,247.0,29.0,159.0,Yes
7443,993,Butter Naan,Breads,76.0,14.0,508.0,Yes
7444,993,Kulcha,Breads,270.0,18.0,111.0,Yes
7445,993,Tandoori Roti,Breads,294.0,21.0,466.0,Yes
7446,994,Tandoori Roti,Breads,40.0,29.0,373.0,Yes
7447,994,Ice Cream,Desserts,289.0,24.0,304.0,Yes
7448,994,Kheer,Desserts,216.0,26.0,141.0,No
7449,994,Veg Sandwich,Fast Food,268.0,7.0,269.0,Yes
7450,994,Fish Fingers,Starters,77.0,36.0,429.0,Yes
7451,994,Garlic Naan,Breads,40.0,12.0,295.0,Yes
7452,994,Veg Sandwich,Fast Food,189.0,12.0,179.0,Yes
7453,995,Fresh Lime Soda,Beverages,305.0,17.0,373.0,Yes
7454,995,Mojito,Beverages,326.0,33.0,389.0,Yes
7455,995,Tandoori Roti,Breads,80.0,18.0,745.0,Yes
7456,995,Gulab Jamun,Desserts,101.0,9.0,435.0,No
7457,995,Kulcha,Breads,172.0,20.0,432.0,Yes
7458,995,Butter Chicken,Main Course,168.0,13.0,342.0,Yes
7459,995,Garlic Naan,Breads,82.0,16.0,380.0,Yes
7460,996,Kheer,Desserts,150.0,21.0,367.0,Yes
7461,996,Biryani,Main Course,194.0,17.0,413.0,Yes
7462,996,Kheer,Desserts,85.0,10.0,566.0,Yes
7463,996,Chicken Burger,Fast Food,210.0,9.0,131.0,Yes
7464,996,Cheese Pizza,Fast Food,260.0,23.0,332.0,Yes
7465,996,Butter Naan,Breads,187.0,19.0,265.0,Yes
7466,997,Veg Burger,Fast Food,180.0,17.0,256.0,Yes
7467,997,Kulcha,Breads,198.0,20.0,237.0,Yes
7468,997,Spring Rolls,Starters,258.0,13.0,298.0,No
7469,997,French Fries,Fast Food,246.0,23.0,275.0,Yes
7470,997,Mojito,Beverages,219.0,21.0,340.0,No
7471,997,Chole Bhature,Main Course,232.0,3.0,307.0,Yes
7472,997,Mojito,Beverages,257.0,14.0,240.0,Yes
7473,998,Biryani,Main Course,40.0,26.0,296.0,Yes
7474,998,Rasmalai,Desserts,41.0,20.0,639.0,Yes
7475,998,Chicken 65,Starters,186.0,3.0,283.0,Yes
7476,998,Lassi,Beverages,269.0,19.0,200.0,No
7477,998,Veg Manchurian,Starters,408.0,13.0,364.0,No
7478,998,Kulcha,Breads,150.0,25.0,365.0,Yes
7479,998,Masala Chai,Beverages,40.0,3.0,311.0,Yes
7480,998,Chicken 65,Starters,198.0,13.0,490.0,Yes
7481,998,Fresh Lime Soda,Beverages,309.0,7.0,430.0,Yes
7482,999,Chicken Burger,Fast Food,134.0,11.0,319.0,Yes
7483,999,Tandoori Roti,Breads,243.0,18.0,322.0,Yes
7484,999,Paneer Tikka,Starters,351.0,15.0,451.0,Yes
7485,999,Ice Cream,Desserts,171.0,5.0,354.0,Yes
7486,999,Paneer Tikka,Starters,127.0,14.0,700.0,Yes
7487,999,Fish Fingers,Starters,124.0,18.0,522.0,Yes
7488,999,Mojito,Beverages,111.0,9.0,441.0,No
7489,999,Fish Fingers,Starters,182.0,22.0,152.0,Yes
7490,1000,Butter Naan,Breads,326.0,18.0,553.0,Yes
7491,1000,Rasmalai,Desserts,397.0,16.0,268.0,Yes
7492,1000,Kheer,Desserts,146.0,16.0,425.0,Yes
7493,1000,Gulab Jamun,Desserts,295.0,18.0,590.0,No
7494,1000,Paneer Tikka,Starters,285.0,19.0,166.0,Yes
7495,1000,Chicken Burger,Fast Food,260.0,23.0,366.0,Yes
7496,1001,Fried Rice,Main Course,86.0,17.0,474.0,Yes
7497,1001,Brownie,Desserts,70.0,8.0,866.0,Yes
7498,1001,Veg Manchurian,Starters,77.0,12.0,642.0,Yes
7499,1001,Butter Naan,Breads,92.0,9.0,540.0,Yes
7500,1001,Veg Sandwich,Fast Food,40.0,13.0,499.0,Yes
7501,1001,Cheese Pizza,Fast Food,316.0,22.0,470.0,Yes
7502,1001,Paneer Tikka,Starters,193.0,28.0,595.0,Yes
7503,1001,Veg Sandwich,Fast Food,219.0,19.0,254.0,Yes
7504,1002,Veg Manchurian,Starters,109.0,3.0,370.0,No
7505,1002,Ice Cream,Desserts,78.0,11.0,578.0,Yes
7506,1002,Kheer,Desserts,258.0,12.0,340.0,Yes
7507,1002,Spring Rolls,Starters,380.0,11.0,505.0,Yes
7508,1002,Ice Cream,Desserts,319.0,19.0,461.0,Yes
7509,1002,Veg Sandwich,Fast Food,40.0,14.0,427.0,Yes
7510,1003,Chicken 65,Starters,309.0,13.0,422.0,Yes
7511,1003,Fried Rice,Main Course,292.0,26.0,461.0,Yes
7512,1003,Cold Coffee,Beverages,125.0,22.0,422.0,Yes
7513,1003,Garlic Naan,Breads,71.0,16.0,482.0,Yes
7514,1003,Butter Naan,Breads,316.0,11.0,528.0,Yes
7515,1003,Kulcha,Breads,126.0,17.0,339.0,Yes
7516,1004,Lassi,Beverages,354.0,23.0,520.0,Yes
7517,1004,Veg Sandwich,Fast Food,116.0,22.0,220.0,No
7518,1004,Garlic Naan,Breads,40.0,14.0,603.0,Yes
7519,1004,Biryani,Main Course,143.0,23.0,794.0,Yes
7520,1004,Veg Manchurian,Starters,172.0,32.0,83.0,Yes
7521,1004,Fresh Lime Soda,Beverages,127.0,21.0,379.0,Yes
7522,1004,Veg Sandwich,Fast Food,230.0,10.0,708.0,Yes
7523,1004,Spring Rolls,Starters,318.0,23.0,249.0,Yes
7524,1005,Veg Sandwich,Fast Food,181.0,26.0,313.0,Yes
7525,1005,Mojito,Beverages,317.0,21.0,377.0,Yes
7526,1005,Momos,Starters,267.0,11.0,354.0,Yes
7527,1005,Lassi,Beverages,130.0,5.0,87.0,Yes
7528,1005,Fresh Lime Soda,Beverages,99.0,12.0,498.0,Yes
7529,1005,Chicken 65,Starters,147.0,23.0,156.0,Yes
7530,1005,Butter Naan,Breads,210.0,6.0,326.0,Yes
7531,1005,Spring Rolls,Starters,266.0,15.0,240.0,Yes
7532,1005,Lassi,Beverages,292.0,25.0,618.0,Yes
7533,1006,Paneer Butter Masala,Main Course,67.0,3.0,626.0,Yes
7534,1006,Ice Cream,Desserts,63.0,17.0,,No
7535,1006,Gulab Jamun,Desserts,120.0,8.0,345.0,Yes
7536,1006,Brownie,Desserts,263.0,13.0,215.0,Yes
7537,1006,Ice Cream,Desserts,187.0,3.0,444.0,No
7538,1006,Fried Rice,Main Course,234.0,14.0,521.0,Yes
7539,1006,Veg Sandwich,Fast Food,172.0,15.0,245.0,Yes
7540,1006,Lassi,Beverages,265.0,14.0,360.0,Yes
7541,1007,Biryani,Main Course,240.0,11.0,286.0,Yes
7542,1007,Momos,Starters,181.0,5.0,456.0,Yes
7543,1007,Spring Rolls,Starters,177.0,4.0,76.0,No
7544,1007,Cheese Pizza,Fast Food,130.0,14.0,587.0,Yes
7545,1007,Kheer,Desserts,369.0,11.0,271.0,No
7546,1007,Rasmalai,Desserts,308.0,21.0,932.0,Yes
7547,1007,Ice Cream,Desserts,160.0,25.0,753.0,No
7548,1007,Biryani,Main Course,69.0,10.0,463.0,Yes
7549,1007,Butter Naan,Breads,175.0,19.0,285.0,Yes
7550,1008,Cheese Pizza,Fast Food,177.0,15.0,480.0,Yes
7551,1008,Paneer Butter Masala,Main Course,264.0,5.0,590.0,Yes
7552,1008,Kulcha,Breads,182.0,25.0,373.0,Yes
7553,1008,Lassi,Beverages,277.0,25.0,461.0,Yes
7554,1008,Veg Sandwich,Fast Food,184.0,22.0,689.0,Yes
7555,1008,Chole Bhature,Main Course,279.0,23.0,317.0,Yes
7556,1009,Lassi,Beverages,124.0,12.0,214.0,Yes
7557,1009,Fried Rice,Main Course,256.0,19.0,452.0,Yes
7558,1009,Lassi,Beverages,40.0,11.0,381.0,Yes
7559,1009,Momos,Starters,73.0,8.0,255.0,Yes
7560,1009,Butter Chicken,Main Course,225.0,3.0,374.0,Yes
7561,1009,Tandoori Roti,Breads,316.0,26.0,568.0,Yes
7562,1009,Lassi,Beverages,148.0,33.0,314.0,Yes
7563,1009,Rasmalai,Desserts,220.0,22.0,235.0,Yes
7564,1009,Momos,Starters,40.0,25.0,261.0,Yes
7565,1010,Masala Chai,Beverages,171.0,21.0,396.0,Yes
7566,1010,Brownie,Desserts,240.0,21.0,480.0,Yes
7567,1010,Cold Coffee,Beverages,213.0,6.0,404.0,Yes
7568,1010,Veg Burger,Fast Food,223.0,36.0,460.0,Yes
7569,1010,Chicken 65,Starters,164.0,23.0,298.0,Yes
7570,1010,Kheer,Desserts,307.0,17.0,365.0,Yes
7571,1010,Gulab Jamun,Desserts,50.0,14.0,387.0,Yes
7572,1011,Lassi,Beverages,335.0,14.0,388.0,Yes
7573,1011,Masala Chai,Beverages,242.0,11.0,327.0,Yes
7574,1011,Paneer Tikka,Starters,296.0,5.0,296.0,Yes
7575,1011,Spring Rolls,Starters,213.0,21.0,794.0,Yes
7576,1011,Lassi,Beverages,195.0,13.0,336.0,Yes
7577,1011,Veg Manchurian,Starters,281.0,12.0,370.0,Yes
7578,1011,Tandoori Roti,Breads,262.0,15.0,488.0,Yes
7579,1012,Kheer,Desserts,42.0,10.0,317.0,Yes
7580,1012,Fresh Lime Soda,Beverages,50.0,8.0,303.0,Yes
7581,1012,Kheer,Desserts,370.0,21.0,523.0,Yes
7582,1012,Chole Bhature,Main Course,240.0,3.0,419.0,Yes
7583,1012,Cold Coffee,Beverages,132.0,5.0,468.0,Yes
7584,1012,Brownie,Desserts,40.0,17.0,354.0,Yes
7585,1012,Gulab Jamun,Desserts,100.0,25.0,371.0,Yes
7586,1013,Mojito,Beverages,200.0,23.0,522.0,Yes
7587,1013,Mojito,Beverages,190.0,10.0,385.0,Yes
7588,1013,Chole Bhature,Main Course,248.0,13.0,469.0,Yes
7589,1013,Kulcha,Breads,121.0,24.0,387.0,Yes
7590,1013,Veg Sandwich,Fast Food,84.0,38.0,420.0,Yes
7591,1013,Gulab Jamun,Desserts,40.0,10.0,604.0,Yes
7592,1013,Garlic Naan,Breads,254.0,27.0,348.0,Yes
7593,1014,Cold Coffee,Beverages,251.0,15.0,452.0,No
7594,1014,Chicken 65,Starters,64.0,15.0,50.0,Yes
7595,1014,Dal Makhani,Main Course,170.0,11.0,429.0,Yes
7596,1014,Dal Makhani,Main Course,79.0,17.0,868.0,Yes
7597,1014,Chicken Burger,Fast Food,162.0,13.0,416.0,Yes
7598,1014,Tandoori Roti,Breads,40.0,14.0,390.0,Yes
7599,1014,Garlic Naan,Breads,197.0,26.0,459.0,Yes
7600,1014,Chicken 65,Starters,76.0,3.0,550.0,Yes
7601,1015,Paneer Butter Masala,Main Course,124.0,20.0,625.0,Yes
7602,1015,Biryani,Main Course,204.0,5.0,449.0,Yes
7603,1015,Fish Fingers,Starters,157.0,6.0,545.0,Yes
7604,1015,Veg Sandwich,Fast Food,211.0,33.0,404.0,Yes
7605,1015,Chicken Burger,Fast Food,115.0,20.0,357.0,Yes
7606,1015,Tandoori Roti,Breads,296.0,18.0,302.0,Yes
7607,1016,Cheese Pizza,Fast Food,198.0,20.0,433.0,Yes
7608,1016,Chole Bhature,Main Course,154.0,18.0,315.0,Yes
7609,1016,Veg Burger,Fast Food,202.0,10.0,282.0,Yes
7610,1016,Lassi,Beverages,356.0,13.0,459.0,Yes
7611,1016,Masala Chai,Beverages,40.0,15.0,533.0,Yes
7612,1016,Biryani,Main Course,215.0,4.0,303.0,No
7613,1016,Chole Bhature,Main Course,264.0,8.0,475.0,Yes
7614,1016,Kheer,Desserts,202.0,4.0,506.0,Yes
7615,1016,Cold Coffee,Beverages,249.0,17.0,440.0,Yes
7616,1017,Veg Burger,Fast Food,114.0,15.0,431.0,Yes
7617,1017,Chole Bhature,Main Course,273.0,21.0,340.0,Yes
7618,1017,Tandoori Roti,Breads,151.0,18.0,365.0,Yes
7619,1017,Kheer,Desserts,178.0,3.0,269.0,Yes
7620,1017,French Fries,Fast Food,336.0,21.0,478.0,Yes
7621,1017,Gulab Jamun,Desserts,220.0,20.0,422.0,Yes
7622,1017,Fish Fingers,Starters,286.0,22.0,140.0,No
7623,1018,Brownie,Desserts,117.0,13.0,754.0,No
7624,1018,Kheer,Desserts,190.0,28.0,,Yes
7625,1018,Ice Cream,Desserts,210.0,18.0,322.0,Yes
7626,1018,Chicken 65,Starters,97.0,17.0,282.0,Yes
7627,1018,Masala Chai,Beverages,193.0,14.0,524.0,Yes
7628,1018,Paneer Tikka,Starters,106.0,17.0,356.0,Yes
7629,1018,Kulcha,Breads,147.0,24.0,138.0,Yes
7630,1019,Cold Coffee,Beverages,40.0,15.0,689.0,Yes
7631,1019,Veg Manchurian,Starters,211.0,29.0,560.0,Yes
7632,1019,Butter Naan,Breads,53.0,17.0,268.0,Yes
7633,1019,Biryani,Main Course,86.0,4.0,260.0,Yes
7634,1019,Butter Naan,Breads,223.0,23.0,452.0,Yes
7635,1019,Brownie,Desserts,100.0,14.0,246.0,Yes
7636,1019,Fresh Lime Soda,Beverages,301.0,23.0,165.0,Yes
7637,1019,Cold Coffee,Beverages,205.0,9.0,457.0,Yes
7638,1020,Fish Fingers,Starters,247.0,3.0,735.0,Yes
7639,1020,Tandoori Roti,Breads,279.0,11.0,393.0,Yes
7640,1020,Garlic Naan,Breads,246.0,3.0,461.0,Yes
7641,1020,Veg Manchurian,Starters,222.0,25.0,259.0,Yes
7642,1020,Kulcha,Breads,206.0,25.0,257.0,Yes
7643,1020,Masala Chai,Beverages,237.0,10.0,318.0,Yes
7644,1020,Tandoori Roti,Breads,40.0,3.0,525.0,Yes
7645,1020,Veg Burger,Fast Food,276.0,21.0,243.0,Yes
7646,1020,Biryani,Main Course,250.0,19.0,476.0,Yes
7647,1021,Veg Manchurian,Starters,217.0,12.0,414.0,Yes
7648,1021,Tandoori Roti,Breads,147.0,19.0,513.0,Yes
7649,1021,Veg Burger,Fast Food,125.0,23.0,408.0,No
7650,1021,Garlic Naan,Breads,167.0,16.0,511.0,Yes
7651,1021,Spring Rolls,Starters,164.0,17.0,641.0,Yes
7652,1021,Masala Chai,Beverages,254.0,27.0,646.0,Yes
7653,1021,French Fries,Fast Food,202.0,36.0,473.0,Yes
7654,1021,Gulab Jamun,Desserts,61.0,13.0,159.0,No
7655,1022,Garlic Naan,Breads,284.0,19.0,326.0,Yes
7656,1022,Momos,Starters,196.0,16.0,269.0,Yes
7657,1022,Veg Burger,Fast Food,377.0,19.0,413.0,No
7658,1022,Lassi,Beverages,171.0,8.0,139.0,Yes
7659,1022,French Fries,Fast Food,293.0,14.0,66.0,Yes
7660,1022,Brownie,Desserts,47.0,22.0,504.0,Yes
7661,1022,Masala Chai,Beverages,138.0,27.0,190.0,Yes
7662,1022,Veg Manchurian,Starters,324.0,4.0,480.0,Yes
7663,1023,Butter Chicken,Main Course,202.0,24.0,135.0,Yes
7664,1023,Ice Cream,Desserts,155.0,26.0,236.0,Yes
7665,1023,Chicken 65,Starters,309.0,3.0,143.0,No
7666,1023,Momos,Starters,102.0,23.0,611.0,Yes
7667,1023,Dal Makhani,Main Course,119.0,19.0,587.0,Yes
7668,1023,Momos,Starters,234.0,35.0,303.0,Yes
7669,1024,Tandoori Roti,Breads,295.0,11.0,452.0,Yes
7670,1024,Veg Burger,Fast Food,187.0,20.0,233.0,Yes
7671,1024,Veg Manchurian,Starters,131.0,10.0,,Yes
7672,1024,Ice Cream,Desserts,171.0,10.0,289.0,Yes
7673,1024,Chicken 65,Starters,232.0,20.0,655.0,Yes
7674,1024,Tandoori Roti,Breads,192.0,32.0,173.0,Yes
7675,1025,Veg Burger,Fast Food,40.0,15.0,332.0,Yes
7676,1025,French Fries,Fast Food,110.0,14.0,510.0,No
7677,1025,Kulcha,Breads,140.0,23.0,586.0,Yes
7678,1025,Cheese Pizza,Fast Food,247.0,16.0,335.0,Yes
7679,1025,Garlic Naan,Breads,297.0,31.0,446.0,Yes
7680,1025,Gulab Jamun,Desserts,252.0,22.0,302.0,Yes
7681,1025,Butter Chicken,Main Course,190.0,20.0,605.0,Yes
7682,1026,Chicken Burger,Fast Food,166.0,8.0,378.0,No
7683,1026,Cold Coffee,Beverages,163.0,11.0,552.0,Yes
7684,1026,Ice Cream,Desserts,278.0,3.0,591.0,Yes
7685,1026,Fried Rice,Main Course,207.0,18.0,475.0,Yes
7686,1026,Mojito,Beverages,40.0,14.0,502.0,Yes
7687,1026,Fried Rice,Main Course,228.0,15.0,408.0,Yes
7688,1026,Cheese Pizza,Fast Food,192.0,21.0,726.0,Yes
7689,1026,Butter Chicken,Main Course,44.0,11.0,400.0,Yes
7690,1026,Fried Rice,Main Course,222.0,18.0,255.0,No
7691,1027,Chole Bhature,Main Course,223.0,20.0,436.0,Yes
7692,1027,Veg Sandwich,Fast Food,128.0,21.0,578.0,Yes
7693,1027,Brownie,Desserts,255.0,8.0,255.0,Yes
7694,1027,Veg Manchurian,Starters,247.0,13.0,213.0,Yes
7695,1027,Chicken Burger,Fast Food,127.0,12.0,359.0,Yes
7696,1027,Lassi,Beverages,162.0,3.0,434.0,Yes
7697,1028,Gulab Jamun,Desserts,222.0,19.0,484.0,Yes
7698,1028,Veg Manchurian,Starters,227.0,8.0,396.0,Yes
7699,1028,Cheese Pizza,Fast Food,208.0,20.0,611.0,Yes
7700,1028,Kulcha,Breads,216.0,18.0,529.0,Yes
7701,1028,Masala Chai,Beverages,261.0,18.0,597.0,Yes
7702,1028,Fish Fingers,Starters,196.0,13.0,539.0,No
7703,1028,Cold Coffee,Beverages,116.0,29.0,328.0,Yes
7704,1028,Butter Naan,Breads,90.0,11.0,516.0,Yes
7705,1028,Fish Fingers,Starters,121.0,11.0,345.0,Yes
7706,1029,Ice Cream,Desserts,40.0,28.0,182.0,Yes
7707,1029,Lassi,Beverages,282.0,27.0,488.0,Yes
7708,1029,Fried Rice,Main Course,182.0,17.0,644.0,Yes
7709,1029,Cold Coffee,Beverages,385.0,3.0,509.0,Yes
7710,1029,Chicken Burger,Fast Food,154.0,35.0,440.0,Yes
7711,1029,Ice Cream,Desserts,115.0,11.0,391.0,Yes
7712,1029,Garlic Naan,Breads,40.0,8.0,183.0,Yes
7713,1029,Fresh Lime Soda,Beverages,40.0,23.0,509.0,Yes
7714,1030,Chicken 65,Starters,261.0,9.0,470.0,Yes
7715,1030,Paneer Tikka,Starters,177.0,9.0,339.0,Yes
7716,1030,Chicken Burger,Fast Food,59.0,3.0,272.0,Yes
7717,1030,Garlic Naan,Breads,124.0,24.0,294.0,No
7718,1030,Tandoori Roti,Breads,271.0,27.0,425.0,No
7719,1030,Fresh Lime Soda,Beverages,139.0,9.0,268.0,No
7720,1030,Fish Fingers,Starters,241.0,24.0,349.0,Yes
7721,1030,Fried Rice,Main Course,194.0,5.0,316.0,Yes
7722,1031,Biryani,Main Course,214.0,12.0,215.0,Yes
7723,1031,Chicken Burger,Fast Food,98.0,6.0,241.0,Yes
7724,1031,Gulab Jamun,Desserts,252.0,29.0,653.0,Yes
7725,1031,Mojito,Beverages,161.0,17.0,513.0,Yes
7726,1031,Masala Chai,Beverages,66.0,11.0,296.0,No
7727,1031,Veg Manchurian,Starters,302.0,14.0,581.0,Yes
7728,1031,Kulcha,Breads,117.0,9.0,654.0,Yes
7729,1031,Fish Fingers,Starters,197.0,12.0,143.0,Yes
7730,1032,Ice Cream,Desserts,127.0,32.0,345.0,Yes
7731,1032,Chicken 65,Starters,40.0,14.0,519.0,Yes
7732,1032,Butter Chicken,Main Course,155.0,22.0,461.0,Yes
7733,1032,Fried Rice,Main Course,156.0,11.0,319.0,Yes
7734,1032,Masala Chai,Beverages,137.0,5.0,471.0,Yes
7735,1032,Chicken Burger,Fast Food,117.0,26.0,593.0,Yes
7736,1032,Ice Cream,Desserts,142.0,17.0,319.0,Yes
7737,1032,Lassi,Beverages,41.0,13.0,399.0,Yes
7738,1032,French Fries,Fast Food,229.0,32.0,306.0,No
7739,1033,Lassi,Beverages,101.0,25.0,,Yes
7740,1033,Tandoori Roti,Breads,89.0,26.0,257.0,No
7741,1033,Fried Rice,Main Course,131.0,17.0,501.0,Yes
7742,1033,Rasmalai,Desserts,175.0,17.0,347.0,Yes
7743,1033,Veg Manchurian,Starters,154.0,11.0,244.0,Yes
7744,1033,Cheese Pizza,Fast Food,292.0,12.0,367.0,Yes
7745,1033,Chicken Burger,Fast Food,266.0,3.0,174.0,Yes
7746,1034,Brownie,Desserts,176.0,17.0,164.0,Yes
7747,1034,Garlic Naan,Breads,40.0,5.0,443.0,Yes
7748,1034,Spring Rolls,Starters,249.0,19.0,127.0,Yes
7749,1034,Fried Rice,Main Course,64.0,16.0,397.0,Yes
7750,1034,Tandoori Roti,Breads,126.0,15.0,443.0,Yes
7751,1034,Kheer,Desserts,361.0,26.0,344.0,Yes
7752,1035,Masala Chai,Beverages,164.0,17.0,313.0,Yes
7753,1035,Garlic Naan,Breads,294.0,27.0,432.0,Yes
7754,1035,Fresh Lime Soda,Beverages,315.0,13.0,476.0,Yes
7755,1035,Kulcha,Breads,292.0,22.0,648.0,Yes
7756,1035,Kulcha,Breads,227.0,16.0,232.0,Yes
7757,1035,Dal Makhani,Main Course,139.0,24.0,552.0,Yes
7758,1036,Tandoori Roti,Breads,40.0,13.0,469.0,Yes
7759,1036,Paneer Butter Masala,Main Course,197.0,11.0,626.0,Yes
7760,1036,Fish Fingers,Starters,260.0,35.0,347.0,Yes
7761,1036,Veg Sandwich,Fast Food,40.0,19.0,701.0,Yes
7762,1036,French Fries,Fast Food,197.0,22.0,472.0,Yes
7763,1036,Fish Fingers,Starters,62.0,10.0,315.0,Yes
7764,1036,Spring Rolls,Starters,155.0,25.0,284.0,Yes
7765,1036,Mojito,Beverages,40.0,11.0,331.0,Yes
7766,1037,Gulab Jamun,Desserts,300.0,11.0,50.0,Yes
7767,1037,Fish Fingers,Starters,94.0,18.0,50.0,Yes
7768,1037,Ice Cream,Desserts,232.0,21.0,402.0,Yes
7769,1037,Fresh Lime Soda,Beverages,224.0,14.0,300.0,Yes
7770,1037,Masala Chai,Beverages,123.0,15.0,701.0,Yes
7771,1037,Momos,Starters,111.0,24.0,254.0,Yes
7772,1037,Kulcha,Breads,177.0,17.0,50.0,Yes
7773,1037,Butter Naan,Breads,190.0,12.0,138.0,Yes
7774,1038,Rasmalai,Desserts,200.0,26.0,402.0,Yes
7775,1038,Butter Chicken,Main Course,272.0,35.0,392.0,Yes
7776,1038,Biryani,Main Course,200.0,20.0,525.0,Yes
7777,1038,Paneer Butter Masala,Main Course,115.0,26.0,559.0,Yes
7778,1038,Cold Coffee,Beverages,210.0,29.0,559.0,Yes
7779,1038,Butter Chicken,Main Course,82.0,18.0,524.0,Yes
7780,1038,Butter Naan,Breads,275.0,3.0,383.0,Yes
7781,1039,Kulcha,Breads,291.0,26.0,171.0,Yes
7782,1039,Masala Chai,Beverages,96.0,21.0,383.0,Yes
7783,1039,Butter Chicken,Main Course,159.0,18.0,364.0,Yes
7784,1039,Paneer Tikka,Starters,149.0,22.0,519.0,Yes
7785,1039,Dal Makhani,Main Course,187.0,28.0,312.0,Yes
7786,1039,Spring Rolls,Starters,187.0,16.0,179.0,Yes
7787,1039,Biryani,Main Course,230.0,27.0,526.0,Yes
7788,1039,Ice Cream,Desserts,203.0,5.0,503.0,Yes
7789,1040,Masala Chai,Beverages,345.0,17.0,417.0,Yes
7790,1040,Kulcha,Breads,294.0,18.0,373.0,Yes
7791,1040,Mojito,Beverages,180.0,24.0,538.0,Yes
7792,1040,Masala Chai,Beverages,40.0,23.0,423.0,Yes
7793,1040,Fried Rice,Main Course,108.0,29.0,498.0,Yes
7794,1040,Fish Fingers,Starters,62.0,23.0,575.0,Yes
7795,1041,Fried Rice,Main Course,110.0,19.0,387.0,Yes
7796,1041,Ice Cream,Desserts,181.0,15.0,333.0,Yes
7797,1041,Lassi,Beverages,235.0,18.0,516.0,Yes
7798,1041,Biryani,Main Course,276.0,30.0,285.0,Yes
7799,1041,Tandoori Roti,Breads,297.0,21.0,427.0,Yes
7800,1041,Dal Makhani,Main Course,209.0,16.0,160.0,Yes
7801,1041,French Fries,Fast Food,254.0,22.0,446.0,Yes
7802,1041,Garlic Naan,Breads,47.0,19.0,467.0,Yes
7803,1042,Ice Cream,Desserts,347.0,21.0,138.0,Yes
7804,1042,Paneer Butter Masala,Main Course,226.0,27.0,350.0,Yes
7805,1042,Fish Fingers,Starters,41.0,32.0,418.0,Yes
7806,1042,Veg Sandwich,Fast Food,131.0,24.0,260.0,No
7807,1042,Paneer Tikka,Starters,95.0,14.0,435.0,Yes
7808,1042,Paneer Tikka,Starters,125.0,22.0,503.0,Yes
7809,1042,Garlic Naan,Breads,177.0,16.0,527.0,Yes
7810,1042,Spring Rolls,Starters,233.0,9.0,583.0,Yes
7811,1043,Paneer Tikka,Starters,249.0,13.0,153.0,No
7812,1043,Lassi,Beverages,206.0,19.0,439.0,Yes
7813,1043,Fish Fingers,Starters,304.0,17.0,457.0,Yes
7814,1043,Paneer Butter Masala,Main Course,230.0,14.0,516.0,Yes
7815,1043,Rasmalai,Desserts,302.0,14.0,126.0,Yes
7816,1043,French Fries,Fast Food,108.0,18.0,163.0,No
7817,1043,Veg Manchurian,Starters,133.0,18.0,496.0,Yes
7818,1043,Cheese Pizza,Fast Food,268.0,20.0,374.0,Yes
7819,1044,Cold Coffee,Beverages,143.0,17.0,520.0,Yes
7820,1044,Mojito,Beverages,227.0,18.0,597.0,Yes
7821,1044,Biryani,Main Course,150.0,26.0,334.0,Yes
7822,1044,Veg Burger,Fast Food,80.0,18.0,129.0,Yes
7823,1044,Kulcha,Breads,153.0,24.0,518.0,Yes
7824,1044,Cold Coffee,Beverages,300.0,12.0,239.0,Yes
7825,1044,Veg Sandwich,Fast Food,238.0,12.0,432.0,Yes
7826,1044,Butter Naan,Breads,87.0,14.0,325.0,Yes
7827,1045,Garlic Naan,Breads,178.0,17.0,433.0,Yes
7828,1045,Brownie,Desserts,200.0,21.0,349.0,Yes
7829,1045,Kulcha,Breads,223.0,26.0,225.0,Yes
7830,1045,Ice Cream,Desserts,90.0,23.0,518.0,Yes
7831,1045,Fried Rice,Main Course,150.0,22.0,342.0,Yes
7832,1045,Chicken Burger,Fast Food,178.0,17.0,417.0,Yes
7833,1046,Chole Bhature,Main Course,304.0,37.0,194.0,Yes
7834,1046,Veg Sandwich,Fast Food,128.0,12.0,606.0,Yes
7835,1046,Veg Burger,Fast Food,287.0,25.0,340.0,Yes
7836,1046,Brownie,Desserts,199.0,5.0,509.0,Yes
7837,1046,Fish Fingers,Starters,215.0,14.0,517.0,Yes
7838,1046,Veg Manchurian,Starters,161.0,3.0,591.0,Yes
7839,1046,Rasmalai,Desserts,336.0,7.0,440.0,Yes
7840,1046,Spring Rolls,Starters,314.0,7.0,,Yes
7841,1047,Butter Chicken,Main Course,158.0,18.0,593.0,Yes
7842,1047,Fried Rice,Main Course,385.0,23.0,137.0,Yes
7843,1047,Chole Bhature,Main Course,220.0,16.0,543.0,Yes
7844,1047,Fresh Lime Soda,Beverages,40.0,25.0,637.0,Yes
7845,1047,Veg Manchurian,Starters,199.0,27.0,517.0,Yes
7846,1047,Veg Manchurian,Starters,40.0,19.0,450.0,Yes
7847,1047,Chicken Burger,Fast Food,84.0,20.0,,Yes
7848,1047,Mojito,Beverages,182.0,21.0,766.0,Yes
7849,1047,Butter Naan,Breads,98.0,23.0,217.0,Yes
7850,1048,Kulcha,Breads,283.0,17.0,485.0,Yes
7851,1048,Dal Makhani,Main Course,98.0,22.0,311.0,Yes
7852,1048,Gulab Jamun,Desserts,168.0,9.0,346.0,Yes
7853,1048,Garlic Naan,Breads,204.0,17.0,585.0,Yes
7854,1048,Rasmalai,Desserts,128.0,30.0,348.0,Yes
7855,1048,Rasmalai,Desserts,326.0,20.0,709.0,Yes
7856,1049,Cold Coffee,Beverages,194.0,5.0,364.0,Yes
7857,1049,Paneer Tikka,Starters,179.0,31.0,135.0,No
7858,1049,Lassi,Beverages,98.0,19.0,447.0,Yes
7859,1049,Fresh Lime Soda,Beverages,292.0,3.0,,Yes
7860,1049,Veg Burger,Fast Food,255.0,17.0,506.0,Yes
7861,1049,Mojito,Beverages,168.0,26.0,300.0,Yes
7862,1049,Lassi,Beverages,157.0,17.0,291.0,Yes
7863,1049,Chole Bhature,Main Course,190.0,14.0,447.0,Yes
7864,1049,French Fries,Fast Food,203.0,12.0,482.0,Yes
7865,1050,Masala Chai,Beverages,201.0,13.0,531.0,No
7866,1050,Cheese Pizza,Fast Food,190.0,26.0,612.0,Yes
7867,1050,Masala Chai,Beverages,81.0,31.0,482.0,Yes
7868,1050,Tandoori Roti,Breads,207.0,12.0,450.0,Yes
7869,1050,Cheese Pizza,Fast Food,40.0,9.0,120.0,Yes
7870,1050,Brownie,Desserts,167.0,28.0,439.0,Yes
7871,1050,Paneer Butter Masala,Main Course,233.0,16.0,401.0,Yes
7872,1050,Veg Manchurian,Starters,40.0,26.0,476.0,Yes
7873,1050,Chole Bhature,Main Course,250.0,20.0,331.0,Yes
7874,1051,Spring Rolls,Starters,226.0,15.0,387.0,Yes
7875,1051,Dal Makhani,Main Course,282.0,26.0,328.0,Yes
7876,1051,Chicken 65,Starters,213.0,26.0,179.0,Yes
7877,1051,Butter Naan,Breads,190.0,18.0,147.0,Yes
7878,1051,Chicken 65,Starters,93.0,8.0,380.0,Yes
7879,1051,Veg Manchurian,Starters,199.0,6.0,292.0,Yes
7880,1052,Paneer Butter Masala,Main Course,162.0,32.0,315.0,Yes
7881,1052,Paneer Butter Masala,Main Course,174.0,20.0,660.0,Yes
7882,1052,Lassi,Beverages,193.0,32.0,173.0,Yes
7883,1052,Veg Sandwich,Fast Food,245.0,11.0,362.0,Yes
7884,1052,Butter Chicken,Main Course,139.0,9.0,565.0,Yes
7885,1052,Chicken 65,Starters,90.0,12.0,364.0,Yes
7886,1052,Butter Chicken,Main Course,119.0,20.0,116.0,Yes
7887,1052,Tandoori Roti,Breads,98.0,11.0,269.0,Yes
7888,1053,Mojito,Beverages,303.0,14.0,326.0,Yes
7889,1053,Fresh Lime Soda,Beverages,195.0,26.0,302.0,Yes
7890,1053,Gulab Jamun,Desserts,202.0,7.0,447.0,Yes
7891,1053,Mojito,Beverages,176.0,9.0,141.0,Yes
7892,1053,Biryani,Main Course,287.0,25.0,479.0,Yes
7893,1053,Garlic Naan,Breads,296.0,22.0,259.0,Yes
7894,1053,Cheese Pizza,Fast Food,197.0,30.0,319.0,No
7895,1053,Ice Cream,Desserts,153.0,21.0,627.0,Yes
7896,1053,Paneer Tikka,Starters,240.0,11.0,416.0,No
7897,1054,Chole Bhature,Main Course,189.0,23.0,193.0,Yes
7898,1054,Fresh Lime Soda,Beverages,58.0,17.0,396.0,Yes
7899,1054,Garlic Naan,Breads,103.0,18.0,403.0,Yes
7900,1054,Spring Rolls,Starters,345.0,14.0,225.0,Yes
7901,1054,Dal Makhani,Main Course,311.0,13.0,462.0,No
7902,1054,Brownie,Desserts,281.0,31.0,422.0,Yes
7903,1054,Spring Rolls,Starters,75.0,21.0,382.0,Yes
7904,1055,Fried Rice,Main Course,84.0,25.0,528.0,Yes
7905,1055,Butter Naan,Breads,303.0,19.0,151.0,Yes
7906,1055,Fish Fingers,Starters,348.0,6.0,266.0,Yes
7907,1055,Cheese Pizza,Fast Food,132.0,22.0,354.0,Yes
7908,1055,Fresh Lime Soda,Beverages,236.0,8.0,364.0,No
7909,1055,Kulcha,Breads,261.0,26.0,519.0,Yes
7910,1055,Tandoori Roti,Breads,221.0,12.0,279.0,Yes
7911,1055,Garlic Naan,Breads,249.0,18.0,267.0,Yes
7912,1055,Fish Fingers,Starters,259.0,13.0,610.0,Yes
7913,1056,Masala Chai,Beverages,136.0,12.0,311.0,Yes
7914,1056,Butter Chicken,Main Course,152.0,22.0,379.0,Yes
7915,1056,Garlic Naan,Breads,325.0,17.0,245.0,Yes
7916,1056,Gulab Jamun,Desserts,199.0,34.0,397.0,Yes
7917,1056,Tandoori Roti,Breads,40.0,11.0,449.0,Yes
7918,1056,Rasmalai,Desserts,40.0,30.0,338.0,Yes
7919,1057,Garlic Naan,Breads,40.0,37.0,620.0,No
7920,1057,Fish Fingers,Starters,126.0,10.0,385.0,Yes
7921,1057,Biryani,Main Course,327.0,18.0,187.0,Yes
7922,1057,Spring Rolls,Starters,296.0,22.0,191.0,No
7923,1057,Chicken 65,Starters,117.0,16.0,376.0,Yes
7924,1057,Biryani,Main Course,263.0,26.0,456.0,Yes
7925,1057,Tandoori Roti,Breads,277.0,21.0,248.0,Yes
7926,1057,Chicken Burger,Fast Food,184.0,13.0,573.0,Yes
7927,1057,Kulcha,Breads,118.0,20.0,304.0,Yes
7928,1058,Fish Fingers,Starters,40.0,18.0,444.0,Yes
7929,1058,Chole Bhature,Main Course,272.0,23.0,217.0,Yes
7930,1058,Dal Makhani,Main Course,177.0,9.0,277.0,Yes
7931,1058,Cold Coffee,Beverages,206.0,22.0,163.0,Yes
7932,1058,Veg Sandwich,Fast Food,209.0,20.0,230.0,Yes
7933,1058,Fresh Lime Soda,Beverages,167.0,9.0,125.0,Yes
7934,1058,Veg Sandwich,Fast Food,273.0,25.0,373.0,Yes
7935,1058,French Fries,Fast Food,219.0,9.0,528.0,No
7936,1058,Kulcha,Breads,195.0,8.0,446.0,No
7937,1059,Brownie,Desserts,213.0,13.0,172.0,Yes
7938,1059,Lassi,Beverages,136.0,27.0,503.0,Yes
7939,1059,Butter Chicken,Main Course,208.0,12.0,313.0,Yes
7940,1059,Garlic Naan,Breads,98.0,19.0,432.0,Yes
7941,1059,Spring Rolls,Starters,282.0,6.0,366.0,Yes
7942,1059,Cheese Pizza,Fast Food,120.0,18.0,499.0,Yes
7943,1059,Tandoori Roti,Breads,118.0,23.0,486.0,Yes
7944,1060,Ice Cream,Desserts,151.0,25.0,473.0,Yes
7945,1060,Lassi,Beverages,118.0,11.0,528.0,Yes
7946,1060,Gulab Jamun,Desserts,130.0,23.0,234.0,Yes
7947,1060,Veg Burger,Fast Food,269.0,5.0,161.0,Yes
7948,1060,Chicken Burger,Fast Food,137.0,28.0,,Yes
7949,1060,Fish Fingers,Starters,241.0,22.0,292.0,Yes
7950,1060,Fresh Lime Soda,Beverages,47.0,28.0,571.0,Yes
7951,1060,Chicken Burger,Fast Food,92.0,19.0,370.0,Yes
7952,1060,Garlic Naan,Breads,87.0,6.0,441.0,Yes
7953,1061,Kheer,Desserts,165.0,14.0,384.0,Yes
7954,1061,Rasmalai,Desserts,173.0,20.0,582.0,Yes
7955,1061,French Fries,Fast Food,264.0,24.0,330.0,Yes
7956,1061,Garlic Naan,Breads,116.0,12.0,532.0,Yes
7957,1061,Tandoori Roti,Breads,248.0,4.0,550.0,No
7958,1061,Butter Naan,Breads,203.0,18.0,565.0,No
7959,1061,Veg Sandwich,Fast Food,205.0,10.0,286.0,Yes
7960,1061,Chicken 65,Starters,199.0,19.0,492.0,Yes
7961,1062,Butter Chicken,Main Course,387.0,28.0,266.0,No
7962,1062,Dal Makhani,Main Course,185.0,15.0,439.0,Yes
7963,1062,Kheer,Desserts,90.0,6.0,197.0,Yes
7964,1062,Tandoori Roti,Breads,40.0,12.0,717.0,Yes
7965,1062,Rasmalai,Desserts,138.0,20.0,235.0,Yes
7966,1062,Chole Bhature,Main Course,107.0,10.0,,Yes
7967,1062,Chicken 65,Starters,177.0,26.0,604.0,Yes
7968,1062,Masala Chai,Beverages,239.0,23.0,342.0,Yes
7969,1062,Fresh Lime Soda,Beverages,366.0,11.0,390.0,Yes
7970,1063,Lassi,Beverages,143.0,26.0,333.0,Yes
7971,1063,Cheese Pizza,Fast Food,195.0,25.0,240.0,Yes
7972,1063,Momos,Starters,234.0,20.0,277.0,No
7973,1063,Biryani,Main Course,129.0,17.0,432.0,Yes
7974,1063,Gulab Jamun,Desserts,309.0,32.0,287.0,Yes
7975,1063,Brownie,Desserts,409.0,14.0,675.0,Yes
7976,1064,Veg Sandwich,Fast Food,309.0,9.0,,Yes
7977,1064,Butter Naan,Breads,190.0,25.0,404.0,Yes
7978,1064,Mojito,Beverages,184.0,21.0,165.0,Yes
7979,1064,Mojito,Beverages,190.0,11.0,345.0,Yes
7980,1064,Kulcha,Breads,65.0,7.0,448.0,No
7981,1064,Ice Cream,Desserts,167.0,31.0,342.0,Yes
7982,1065,Chole Bhature,Main Course,247.0,27.0,426.0,Yes
7983,1065,Chole Bhature,Main Course,202.0,27.0,599.0,Yes
7984,1065,Veg Burger,Fast Food,234.0,29.0,429.0,Yes
7985,1065,Masala Chai,Beverages,82.0,20.0,300.0,Yes
7986,1065,Fresh Lime Soda,Beverages,292.0,15.0,535.0,Yes
7987,1065,Brownie,Desserts,107.0,9.0,368.0,Yes
7988,1065,Mojito,Beverages,62.0,24.0,582.0,Yes
7989,1065,Brownie,Desserts,232.0,29.0,503.0,No
7990,1065,Veg Sandwich,Fast Food,142.0,18.0,419.0,No
7991,1066,Spring Rolls,Starters,287.0,18.0,236.0,Yes
7992,1066,Veg Manchurian,Starters,60.0,16.0,408.0,Yes
7993,1066,Chicken Burger,Fast Food,60.0,26.0,370.0,Yes
7994,1066,Gulab Jamun,Desserts,260.0,11.0,539.0,Yes
7995,1066,Kheer,Desserts,88.0,13.0,337.0,Yes
7996,1066,Veg Sandwich,Fast Food,155.0,26.0,455.0,Yes
7997,1066,Veg Manchurian,Starters,91.0,9.0,423.0,Yes
7998,1067,Kheer,Desserts,158.0,19.0,153.0,Yes
7999,1067,Fish Fingers,Starters,380.0,4.0,367.0,Yes
8000,1067,Veg Manchurian,Starters,113.0,8.0,494.0,Yes
8001,1067,Momos,Starters,161.0,8.0,331.0,Yes
8002,1067,Momos,Starters,239.0,25.0,636.0,Yes
8003,1067,Veg Sandwich,Fast Food,209.0,13.0,305.0,Yes
8004,1067,Spring Rolls,Starters,226.0,28.0,103.0,No
8005,1067,Brownie,Desserts,178.0,7.0,411.0,Yes
8006,1067,Kheer,Desserts,335.0,3.0,151.0,Yes
8007,1068,Cheese Pizza,Fast Food,316.0,20.0,397.0,Yes
8008,1068,Paneer Butter Masala,Main Course,261.0,32.0,440.0,Yes
8009,1068,Veg Sandwich,Fast Food,179.0,3.0,,Yes
8010,1068,Tandoori Roti,Breads,40.0,18.0,612.0,Yes
8011,1068,Lassi,Beverages,142.0,21.0,531.0,Yes
8012,1068,Kheer,Desserts,215.0,17.0,195.0,Yes
8013,1068,Tandoori Roti,Breads,244.0,27.0,404.0,Yes
8014,1068,Lassi,Beverages,149.0,24.0,452.0,Yes
8015,1069,Brownie,Desserts,325.0,14.0,512.0,Yes
8016,1069,Rasmalai,Desserts,218.0,18.0,311.0,Yes
8017,1069,Kulcha,Breads,248.0,30.0,100.0,Yes
8018,1069,Cold Coffee,Beverages,194.0,22.0,273.0,Yes
8019,1069,Masala Chai,Beverages,220.0,20.0,508.0,Yes
8020,1069,Mojito,Beverages,149.0,7.0,403.0,Yes
8021,1069,Spring Rolls,Starters,297.0,25.0,203.0,Yes
8022,1070,Spring Rolls,Starters,165.0,17.0,488.0,Yes
8023,1070,Garlic Naan,Breads,170.0,16.0,312.0,Yes
8024,1070,Mojito,Beverages,397.0,3.0,404.0,Yes
8025,1070,Lassi,Beverages,191.0,23.0,339.0,Yes
8026,1070,Rasmalai,Desserts,141.0,22.0,344.0,Yes
8027,1070,Chole Bhature,Main Course,119.0,26.0,246.0,Yes
8028,1070,Ice Cream,Desserts,115.0,20.0,509.0,No
8029,1070,French Fries,Fast Food,158.0,21.0,430.0,Yes
8030,1071,Fish Fingers,Starters,153.0,10.0,548.0,Yes
8031,1071,Spring Rolls,Starters,90.0,39.0,322.0,Yes
8032,1071,Chicken 65,Starters,324.0,26.0,356.0,Yes
8033,1071,Butter Chicken,Main Course,273.0,25.0,349.0,Yes
8034,1071,Tandoori Roti,Breads,40.0,5.0,489.0,Yes
8035,1071,Chole Bhature,Main Course,178.0,19.0,550.0,Yes
8036,1071,Spring Rolls,Starters,146.0,24.0,306.0,Yes
8037,1071,Butter Naan,Breads,188.0,19.0,239.0,Yes
8038,1071,French Fries,Fast Food,179.0,24.0,476.0,Yes
8039,1072,Paneer Butter Masala,Main Course,311.0,14.0,626.0,Yes
8040,1072,Tandoori Roti,Breads,199.0,14.0,424.0,Yes
8041,1072,Cold Coffee,Beverages,115.0,20.0,153.0,Yes
8042,1072,Fish Fingers,Starters,291.0,12.0,405.0,Yes
8043,1072,Kheer,Desserts,287.0,12.0,501.0,Yes
8044,1072,Cheese Pizza,Fast Food,284.0,19.0,458.0,Yes
8045,1073,Paneer Butter Masala,Main Course,297.0,8.0,579.0,Yes
8046,1073,Veg Manchurian,Starters,40.0,13.0,697.0,Yes
8047,1073,Veg Sandwich,Fast Food,266.0,18.0,708.0,Yes
8048,1073,Paneer Tikka,Starters,81.0,22.0,384.0,Yes
8049,1073,Paneer Tikka,Starters,182.0,24.0,496.0,Yes
8050,1073,Fresh Lime Soda,Beverages,189.0,24.0,606.0,Yes
8051,1073,Kheer,Desserts,210.0,24.0,432.0,Yes
8052,1074,Chicken Burger,Fast Food,137.0,18.0,503.0,Yes
8053,1074,Veg Burger,Fast Food,40.0,20.0,504.0,Yes
8054,1074,Dal Makhani,Main Course,188.0,10.0,506.0,Yes
8055,1074,Veg Burger,Fast Food,122.0,31.0,559.0,Yes
8056,1074,Paneer Butter Masala,Main Course,202.0,15.0,181.0,Yes
8057,1074,Veg Burger,Fast Food,344.0,13.0,648.0,Yes
8058,1074,Kulcha,Breads,40.0,17.0,314.0,Yes
8059,1075,Lassi,Beverages,92.0,20.0,645.0,Yes
8060,1075,Veg Burger,Fast Food,144.0,19.0,286.0,Yes
8061,1075,Veg Burger,Fast Food,97.0,3.0,297.0,Yes
8062,1075,Veg Burger,Fast Food,159.0,6.0,681.0,Yes
8063,1075,Lassi,Beverages,224.0,23.0,177.0,Yes
8064,1075,Gulab Jamun,Desserts,220.0,30.0,387.0,Yes
8065,1076,Momos,Starters,211.0,15.0,466.0,No
8066,1076,Veg Sandwich,Fast Food,180.0,15.0,460.0,Yes
8067,1076,Kulcha,Breads,179.0,20.0,389.0,Yes
8068,1076,Chicken 65,Starters,278.0,33.0,439.0,No
8069,1076,Kulcha,Breads,227.0,14.0,496.0,Yes
8070,1076,Masala Chai,Beverages,40.0,22.0,261.0,Yes
8071,1077,Butter Chicken,Main Course,303.0,24.0,379.0,Yes
8072,1077,Brownie,Desserts,235.0,33.0,385.0,No
8073,1077,Lassi,Beverages,209.0,21.0,486.0,Yes
8074,1077,Cold Coffee,Beverages,152.0,24.0,402.0,Yes
8075,1077,Fish Fingers,Starters,196.0,13.0,560.0,Yes
8076,1077,Chole Bhature,Main Course,100.0,6.0,87.0,Yes
8077,1078,Masala Chai,Beverages,253.0,14.0,309.0,Yes
8078,1078,Butter Naan,Breads,182.0,8.0,455.0,Yes
8079,1078,Fresh Lime Soda,Beverages,384.0,23.0,460.0,Yes
8080,1078,Chicken Burger,Fast Food,261.0,37.0,341.0,Yes
8081,1078,Dal Makhani,Main Course,145.0,13.0,178.0,Yes
8082,1078,Kheer,Desserts,193.0,18.0,446.0,Yes
8083,1078,Chole Bhature,Main Course,87.0,3.0,105.0,Yes
8084,1079,Kulcha,Breads,208.0,20.0,661.0,Yes
8085,1079,Garlic Naan,Breads,285.0,7.0,235.0,Yes
8086,1079,Masala Chai,Beverages,226.0,18.0,547.0,Yes
8087,1079,Masala Chai,Beverages,303.0,21.0,409.0,Yes
8088,1079,Kulcha,Breads,88.0,10.0,497.0,Yes
8089,1079,Butter Naan,Breads,69.0,14.0,227.0,No
8090,1079,Fresh Lime Soda,Beverages,90.0,16.0,356.0,Yes
8091,1079,Mojito,Beverages,233.0,27.0,363.0,Yes
8092,1080,Garlic Naan,Breads,71.0,15.0,543.0,Yes
8093,1080,Brownie,Desserts,90.0,9.0,185.0,Yes
8094,1080,Veg Sandwich,Fast Food,306.0,3.0,237.0,Yes
8095,1080,Cold Coffee,Beverages,80.0,14.0,304.0,Yes
8096,1080,Cheese Pizza,Fast Food,191.0,13.0,250.0,Yes
8097,1080,Paneer Tikka,Starters,137.0,8.0,554.0,Yes
8098,1080,Fried Rice,Main Course,301.0,3.0,469.0,Yes
8099,1080,Veg Manchurian,Starters,188.0,18.0,323.0,No
8100,1080,Masala Chai,Beverages,116.0,25.0,543.0,Yes
8101,1081,Paneer Tikka,Starters,190.0,5.0,409.0,Yes
8102,1081,Spring Rolls,Starters,143.0,17.0,418.0,Yes
8103,1081,French Fries,Fast Food,169.0,25.0,300.0,Yes
8104,1081,Fish Fingers,Starters,267.0,15.0,520.0,Yes
8105,1081,Cheese Pizza,Fast Food,261.0,21.0,311.0,Yes
8106,1081,Fried Rice,Main Course,40.0,21.0,336.0,Yes
8107,1082,Paneer Butter Masala,Main Course,188.0,25.0,295.0,Yes
8108,1082,Chicken 65,Starters,191.0,5.0,455.0,Yes
8109,1082,Veg Sandwich,Fast Food,124.0,3.0,463.0,Yes
8110,1082,Butter Chicken,Main Course,416.0,17.0,240.0,Yes
8111,1082,Kulcha,Breads,237.0,14.0,467.0,Yes
8112,1082,Butter Naan,Breads,90.0,5.0,449.0,Yes
8113,1083,Masala Chai,Beverages,128.0,12.0,544.0,Yes
8114,1083,Veg Burger,Fast Food,137.0,21.0,315.0,Yes
8115,1083,Fresh Lime Soda,Beverages,288.0,31.0,501.0,Yes
8116,1083,Chicken Burger,Fast Food,94.0,24.0,399.0,Yes
8117,1083,Kheer,Desserts,219.0,15.0,338.0,Yes
8118,1083,Fish Fingers,Starters,202.0,33.0,444.0,Yes
8119,1083,Kulcha,Breads,160.0,12.0,347.0,Yes
8120,1084,Gulab Jamun,Desserts,319.0,14.0,337.0,Yes
8121,1084,Tandoori Roti,Breads,77.0,23.0,486.0,Yes
8122,1084,French Fries,Fast Food,301.0,24.0,380.0,Yes
8123,1084,Paneer Butter Masala,Main Course,315.0,28.0,419.0,Yes
8124,1084,Garlic Naan,Breads,215.0,4.0,443.0,Yes
8125,1084,Spring Rolls,Starters,189.0,17.0,470.0,Yes
8126,1084,Momos,Starters,96.0,36.0,513.0,Yes
8127,1084,Dal Makhani,Main Course,243.0,23.0,548.0,Yes
8128,1084,Masala Chai,Beverages,191.0,13.0,166.0,Yes
8129,1085,Tandoori Roti,Breads,276.0,22.0,215.0,Yes
8130,1085,Paneer Tikka,Starters,63.0,3.0,355.0,Yes
8131,1085,Fresh Lime Soda,Beverages,284.0,6.0,412.0,Yes
8132,1085,Momos,Starters,43.0,6.0,297.0,Yes
8133,1085,Cold Coffee,Beverages,342.0,11.0,189.0,Yes
8134,1085,Paneer Butter Masala,Main Course,130.0,13.0,362.0,Yes
8135,1085,Mojito,Beverages,119.0,13.0,460.0,Yes
8136,1085,Spring Rolls,Starters,177.0,9.0,486.0,Yes
8137,1085,Veg Burger,Fast Food,379.0,21.0,576.0,Yes
8138,1086,Cold Coffee,Beverages,130.0,18.0,233.0,Yes
8139,1086,Masala Chai,Beverages,40.0,12.0,,Yes
8140,1086,Rasmalai,Desserts,76.0,16.0,214.0,Yes
8141,1086,Kulcha,Breads,349.0,7.0,271.0,Yes
8142,1086,Lassi,Beverages,122.0,25.0,504.0,No
8143,1086,Gulab Jamun,Desserts,182.0,12.0,50.0,Yes
8144,1087,Mojito,Beverages,101.0,18.0,338.0,Yes
8145,1087,Ice Cream,Desserts,278.0,21.0,296.0,Yes
8146,1087,Cold Coffee,Beverages,240.0,6.0,440.0,No
8147,1087,Garlic Naan,Breads,268.0,22.0,311.0,Yes
8148,1087,Butter Naan,Breads,251.0,3.0,226.0,No
8149,1087,Lassi,Beverages,94.0,3.0,556.0,Yes
8150,1087,Chole Bhature,Main Course,313.0,16.0,582.0,Yes
8151,1088,Butter Chicken,Main Course,88.0,14.0,342.0,No
8152,1088,Gulab Jamun,Desserts,78.0,21.0,386.0,Yes
8153,1088,Veg Sandwich,Fast Food,135.0,18.0,532.0,Yes
8154,1088,French Fries,Fast Food,144.0,35.0,504.0,Yes
8155,1088,Fish Fingers,Starters,207.0,18.0,680.0,Yes
8156,1088,Cold Coffee,Beverages,208.0,17.0,264.0,Yes
8157,1089,Masala Chai,Beverages,209.0,22.0,657.0,Yes
8158,1089,Fresh Lime Soda,Beverages,161.0,19.0,356.0,Yes
8159,1089,Fresh Lime Soda,Beverages,232.0,23.0,320.0,Yes
8160,1089,Kheer,Desserts,184.0,18.0,448.0,Yes
8161,1089,Fresh Lime Soda,Beverages,273.0,30.0,185.0,Yes
8162,1089,Butter Naan,Breads,264.0,10.0,485.0,Yes
8163,1089,Paneer Butter Masala,Main Course,207.0,12.0,629.0,Yes
8164,1089,Butter Naan,Breads,138.0,25.0,405.0,No
8165,1090,Cold Coffee,Beverages,40.0,17.0,501.0,No
8166,1090,Chole Bhature,Main Course,152.0,10.0,490.0,Yes
8167,1090,Spring Rolls,Starters,156.0,17.0,202.0,Yes
8168,1090,Cold Coffee,Beverages,311.0,30.0,335.0,Yes
8169,1090,Tandoori Roti,Breads,116.0,37.0,440.0,No
8170,1090,Fried Rice,Main Course,106.0,20.0,404.0,Yes
8171,1090,Rasmalai,Desserts,286.0,36.0,395.0,Yes
8172,1091,Chole Bhature,Main Course,243.0,14.0,211.0,Yes
8173,1091,Veg Manchurian,Starters,185.0,3.0,781.0,Yes
8174,1091,Butter Naan,Breads,274.0,20.0,133.0,No
8175,1091,Chicken 65,Starters,189.0,6.0,516.0,Yes
8176,1091,Veg Burger,Fast Food,288.0,18.0,154.0,Yes
8177,1091,Fish Fingers,Starters,41.0,4.0,280.0,Yes
8178,1091,Butter Chicken,Main Course,72.0,13.0,620.0,Yes
8179,1091,French Fries,Fast Food,124.0,12.0,417.0,Yes
8180,1091,Momos,Starters,238.0,26.0,679.0,Yes
8181,1092,Fresh Lime Soda,Beverages,116.0,16.0,99.0,No
8182,1092,Fresh Lime Soda,Beverages,72.0,15.0,288.0,Yes
8183,1092,Butter Chicken,Main Course,104.0,10.0,527.0,Yes
8184,1092,Cheese Pizza,Fast Food,50.0,29.0,234.0,No
8185,1092,Chicken 65,Starters,318.0,6.0,207.0,Yes
8186,1092,Kulcha,Breads,198.0,17.0,519.0,Yes
8187,1092,Spring Rolls,Starters,93.0,15.0,393.0,Yes
8188,1092,Gulab Jamun,Desserts,228.0,21.0,518.0,Yes
8189,1092,Lassi,Beverages,294.0,17.0,621.0,Yes
8190,1093,Spring Rolls,Starters,166.0,19.0,454.0,Yes
8191,1093,Butter Chicken,Main Course,185.0,23.0,452.0,Yes
8192,1093,Veg Sandwich,Fast Food,46.0,4.0,449.0,Yes
8193,1093,Cheese Pizza,Fast Food,101.0,21.0,153.0,Yes
8194,1093,Fresh Lime Soda,Beverages,172.0,12.0,473.0,Yes
8195,1093,Kheer,Desserts,75.0,22.0,559.0,No
8196,1093,Chicken 65,Starters,220.0,20.0,543.0,Yes
8197,1093,Cheese Pizza,Fast Food,254.0,3.0,561.0,Yes
8198,1094,Tandoori Roti,Breads,318.0,22.0,193.0,Yes
8199,1094,Garlic Naan,Breads,68.0,3.0,556.0,No
8200,1094,Cold Coffee,Beverages,296.0,21.0,,Yes
8201,1094,Cheese Pizza,Fast Food,152.0,22.0,394.0,Yes
8202,1094,Masala Chai,Beverages,203.0,19.0,501.0,Yes
8203,1094,Butter Naan,Breads,98.0,8.0,615.0,Yes
8204,1095,Rasmalai,Desserts,276.0,23.0,410.0,No
8205,1095,Cold Coffee,Beverages,89.0,21.0,,No
8206,1095,Chicken Burger,Fast Food,273.0,7.0,400.0,Yes
8207,1095,Fried Rice,Main Course,238.0,21.0,544.0,No
8208,1095,Cheese Pizza,Fast Food,96.0,22.0,352.0,Yes
8209,1095,French Fries,Fast Food,193.0,3.0,558.0,Yes
8210,1095,Biryani,Main Course,90.0,20.0,602.0,Yes
8211,1095,Spring Rolls,Starters,378.0,24.0,484.0,Yes
8212,1096,Fried Rice,Main Course,258.0,14.0,400.0,Yes
8213,1096,Fresh Lime Soda,Beverages,257.0,16.0,117.0,Yes
8214,1096,Ice Cream,Desserts,291.0,23.0,226.0,Yes
8215,1096,Chicken 65,Starters,74.0,20.0,939.0,Yes
8216,1096,Masala Chai,Beverages,185.0,13.0,128.0,Yes
8217,1096,Ice Cream,Desserts,212.0,23.0,347.0,Yes
8218,1097,Brownie,Desserts,165.0,15.0,249.0,No
8219,1097,Veg Manchurian,Starters,93.0,3.0,238.0,Yes
8220,1097,Fresh Lime Soda,Beverages,215.0,10.0,463.0,Yes
8221,1097,Veg Burger,Fast Food,40.0,20.0,308.0,Yes
8222,1097,Butter Naan,Breads,120.0,28.0,50.0,Yes
8223,1097,Brownie,Desserts,229.0,24.0,351.0,Yes
8224,1097,Garlic Naan,Breads,52.0,18.0,330.0,Yes
8225,1097,Kheer,Desserts,273.0,24.0,399.0,Yes
8226,1097,Chicken 65,Starters,83.0,17.0,422.0,Yes
8227,1098,Paneer Tikka,Starters,167.0,16.0,308.0,Yes
8228,1098,Brownie,Desserts,66.0,16.0,420.0,No
8229,1098,Veg Burger,Fast Food,186.0,17.0,113.0,Yes
8230,1098,Chicken Burger,Fast Food,108.0,27.0,505.0,Yes
8231,1098,Ice Cream,Desserts,165.0,18.0,232.0,Yes
8232,1098,Spring Rolls,Starters,83.0,12.0,352.0,Yes
8233,1098,Veg Sandwich,Fast Food,131.0,19.0,407.0,Yes
8234,1099,Fish Fingers,Starters,198.0,3.0,784.0,Yes
8235,1099,Kulcha,Breads,206.0,15.0,339.0,Yes
8236,1099,Chicken 65,Starters,179.0,14.0,284.0,Yes
8237,1099,Mojito,Beverages,172.0,24.0,386.0,No
8238,1099,Veg Burger,Fast Food,196.0,25.0,521.0,Yes
8239,1099,Tandoori Roti,Breads,332.0,5.0,262.0,Yes
8240,1099,Veg Burger,Fast Food,102.0,3.0,283.0,Yes
8241,1099,Cheese Pizza,Fast Food,239.0,28.0,458.0,Yes
8242,1099,Ice Cream,Desserts,349.0,11.0,518.0,Yes
8243,1100,French Fries,Fast Food,240.0,19.0,384.0,Yes
8244,1100,Paneer Tikka,Starters,155.0,24.0,471.0,Yes
8245,1100,Paneer Butter Masala,Main Course,209.0,22.0,389.0,Yes
8246,1100,Kulcha,Breads,251.0,12.0,416.0,Yes
8247,1100,Fried Rice,Main Course,176.0,16.0,412.0,Yes
8248,1100,Ice Cream,Desserts,127.0,38.0,576.0,Yes
8249,1101,Garlic Naan,Breads,285.0,23.0,544.0,Yes
8250,1101,Paneer Tikka,Starters,265.0,15.0,358.0,Yes
8251,1101,Veg Sandwich,Fast Food,109.0,23.0,145.0,Yes
8252,1101,Cheese Pizza,Fast Food,215.0,15.0,154.0,Yes
8253,1101,Fish Fingers,Starters,205.0,15.0,461.0,No
8254,1101,Biryani,Main Course,133.0,6.0,377.0,Yes
8255,1101,Brownie,Desserts,101.0,3.0,527.0,Yes
8256,1101,Lassi,Beverages,125.0,16.0,68.0,Yes
8257,1101,Tandoori Roti,Breads,141.0,23.0,93.0,Yes
8258,1102,Mojito,Beverages,167.0,12.0,510.0,No
8259,1102,Gulab Jamun,Desserts,136.0,21.0,493.0,Yes
8260,1102,Momos,Starters,149.0,21.0,361.0,Yes
8261,1102,Garlic Naan,Breads,210.0,10.0,258.0,Yes
8262,1102,Ice Cream,Desserts,75.0,20.0,581.0,Yes
8263,1102,Tandoori Roti,Breads,266.0,16.0,375.0,Yes
8264,1103,Veg Burger,Fast Food,253.0,28.0,76.0,Yes
8265,1103,French Fries,Fast Food,134.0,19.0,393.0,Yes
8266,1103,Garlic Naan,Breads,173.0,33.0,274.0,Yes
8267,1103,French Fries,Fast Food,124.0,10.0,162.0,Yes
8268,1103,Tandoori Roti,Breads,120.0,10.0,355.0,Yes
8269,1103,Tandoori Roti,Breads,258.0,12.0,525.0,Yes
8270,1103,Tandoori Roti,Breads,263.0,17.0,474.0,Yes
8271,1103,French Fries,Fast Food,254.0,15.0,368.0,Yes
8272,1104,Butter Naan,Breads,212.0,21.0,391.0,No
8273,1104,Fresh Lime Soda,Beverages,247.0,16.0,482.0,No
8274,1104,Veg Sandwich,Fast Food,214.0,12.0,605.0,Yes
8275,1104,Fresh Lime Soda,Beverages,264.0,9.0,500.0,Yes
8276,1104,Kulcha,Breads,151.0,24.0,562.0,Yes
8277,1104,Chicken Burger,Fast Food,229.0,27.0,485.0,No
8278,1105,Masala Chai,Beverages,142.0,3.0,226.0,Yes
8279,1105,Veg Sandwich,Fast Food,125.0,21.0,208.0,No
8280,1105,Cheese Pizza,Fast Food,55.0,14.0,350.0,No
8281,1105,Mojito,Beverages,186.0,27.0,320.0,Yes
8282,1105,Chicken 65,Starters,164.0,24.0,259.0,Yes
8283,1105,Spring Rolls,Starters,281.0,9.0,331.0,No
8284,1105,Fresh Lime Soda,Beverages,113.0,30.0,413.0,Yes
8285,1105,Momos,Starters,161.0,8.0,571.0,No
8286,1105,Mojito,Beverages,251.0,12.0,401.0,Yes
8287,1106,Rasmalai,Desserts,213.0,20.0,325.0,Yes
8288,1106,Fried Rice,Main Course,315.0,16.0,369.0,Yes
8289,1106,Kheer,Desserts,266.0,23.0,535.0,No
8290,1106,Fish Fingers,Starters,349.0,12.0,420.0,Yes
8291,1106,Kheer,Desserts,107.0,13.0,279.0,Yes
8292,1106,Veg Burger,Fast Food,172.0,24.0,345.0,Yes
8293,1106,Paneer Tikka,Starters,193.0,10.0,287.0,Yes
8294,1106,Rasmalai,Desserts,56.0,15.0,375.0,Yes
8295,1106,Tandoori Roti,Breads,175.0,11.0,446.0,No
8296,1107,Mojito,Beverages,160.0,11.0,415.0,Yes
8297,1107,Cold Coffee,Beverages,185.0,16.0,563.0,Yes
8298,1107,Veg Sandwich,Fast Food,213.0,39.0,333.0,Yes
8299,1107,Fresh Lime Soda,Beverages,186.0,8.0,325.0,Yes
8300,1107,Mojito,Beverages,40.0,21.0,541.0,No
8301,1107,Mojito,Beverages,154.0,4.0,721.0,Yes
8302,1108,Mojito,Beverages,140.0,14.0,514.0,Yes
8303,1108,Brownie,Desserts,91.0,12.0,501.0,Yes
8304,1108,Gulab Jamun,Desserts,296.0,15.0,185.0,Yes
8305,1108,Ice Cream,Desserts,264.0,3.0,473.0,Yes
8306,1108,Paneer Butter Masala,Main Course,59.0,15.0,445.0,Yes
8307,1108,Kheer,Desserts,92.0,14.0,333.0,Yes
8308,1108,Paneer Butter Masala,Main Course,169.0,19.0,399.0,Yes
8309,1108,Masala Chai,Beverages,182.0,26.0,616.0,No
8310,1108,Butter Chicken,Main Course,222.0,20.0,170.0,Yes
8311,1109,Veg Burger,Fast Food,40.0,15.0,630.0,Yes
8312,1109,Dal Makhani,Main Course,157.0,23.0,369.0,Yes
8313,1109,Gulab Jamun,Desserts,194.0,12.0,513.0,Yes
8314,1109,Lassi,Beverages,182.0,11.0,162.0,Yes
8315,1109,Garlic Naan,Breads,248.0,20.0,430.0,Yes
8316,1109,Momos,Starters,101.0,24.0,292.0,No
8317,1109,Dal Makhani,Main Course,261.0,10.0,213.0,Yes
8318,1109,Brownie,Desserts,178.0,23.0,518.0,Yes
8319,1109,Rasmalai,Desserts,197.0,27.0,440.0,Yes
8320,1110,Chicken 65,Starters,188.0,3.0,243.0,Yes
8321,1110,Fried Rice,Main Course,275.0,10.0,357.0,Yes
8322,1110,Mojito,Beverages,143.0,9.0,306.0,Yes
8323,1110,Mojito,Beverages,175.0,8.0,346.0,Yes
8324,1110,Spring Rolls,Starters,116.0,18.0,532.0,Yes
8325,1110,Paneer Tikka,Starters,303.0,18.0,248.0,Yes
8326,1110,Paneer Tikka,Starters,307.0,21.0,315.0,Yes
8327,1110,Veg Manchurian,Starters,149.0,12.0,508.0,Yes
8328,1111,Ice Cream,Desserts,268.0,20.0,564.0,Yes
8329,1111,Lassi,Beverages,174.0,36.0,380.0,Yes
8330,1111,Chicken Burger,Fast Food,40.0,25.0,339.0,Yes
8331,1111,Veg Manchurian,Starters,276.0,20.0,297.0,Yes
8332,1111,Fried Rice,Main Course,171.0,6.0,285.0,Yes
8333,1111,Butter Chicken,Main Course,209.0,24.0,518.0,Yes
8334,1111,Brownie,Desserts,124.0,26.0,403.0,Yes
8335,1111,Masala Chai,Beverages,233.0,26.0,436.0,Yes
8336,1111,Momos,Starters,96.0,27.0,465.0,Yes
8337,1112,Momos,Starters,217.0,8.0,579.0,Yes
8338,1112,Kheer,Desserts,218.0,7.0,367.0,Yes
8339,1112,Gulab Jamun,Desserts,172.0,18.0,369.0,Yes
8340,1112,Fried Rice,Main Course,181.0,25.0,389.0,Yes
8341,1112,Fried Rice,Main Course,130.0,19.0,564.0,No
8342,1112,Gulab Jamun,Desserts,246.0,3.0,204.0,Yes
8343,1112,Rasmalai,Desserts,40.0,21.0,563.0,Yes
8344,1112,Masala Chai,Beverages,175.0,19.0,253.0,Yes
8345,1113,Veg Manchurian,Starters,278.0,11.0,564.0,Yes
8346,1113,Rasmalai,Desserts,125.0,30.0,188.0,Yes
8347,1113,Cold Coffee,Beverages,85.0,27.0,572.0,Yes
8348,1113,Garlic Naan,Breads,155.0,7.0,50.0,No
8349,1113,Biryani,Main Course,305.0,21.0,423.0,No
8350,1113,Brownie,Desserts,117.0,14.0,529.0,Yes
8351,1113,Gulab Jamun,Desserts,78.0,24.0,497.0,Yes
8352,1113,Veg Sandwich,Fast Food,322.0,22.0,531.0,Yes
8353,1113,French Fries,Fast Food,52.0,16.0,385.0,Yes
8354,1114,Chicken Burger,Fast Food,213.0,18.0,550.0,Yes
8355,1114,Cold Coffee,Beverages,192.0,11.0,247.0,Yes
8356,1114,Butter Naan,Breads,316.0,20.0,418.0,Yes
8357,1114,Chicken 65,Starters,203.0,19.0,354.0,Yes
8358,1114,Fresh Lime Soda,Beverages,234.0,26.0,527.0,Yes
8359,1114,Kulcha,Breads,176.0,9.0,206.0,Yes
8360,1115,Paneer Butter Masala,Main Course,266.0,14.0,422.0,Yes
8361,1115,Mojito,Beverages,101.0,19.0,567.0,Yes
8362,1115,Dal Makhani,Main Course,296.0,6.0,505.0,Yes
8363,1115,Paneer Tikka,Starters,99.0,32.0,691.0,Yes
8364,1115,French Fries,Fast Food,214.0,18.0,371.0,Yes
8365,1115,Tandoori Roti,Breads,313.0,19.0,444.0,Yes
8366,1116,Chicken Burger,Fast Food,159.0,18.0,479.0,Yes
8367,1116,Biryani,Main Course,219.0,25.0,435.0,Yes
8368,1116,Chole Bhature,Main Course,166.0,20.0,434.0,Yes
8369,1116,Garlic Naan,Breads,115.0,3.0,,No
8370,1116,French Fries,Fast Food,67.0,25.0,259.0,Yes
8371,1116,Momos,Starters,308.0,12.0,490.0,Yes
8372,1116,Paneer Tikka,Starters,352.0,22.0,689.0,Yes
8373,1116,Kulcha,Breads,94.0,27.0,294.0,Yes
8374,1117,Paneer Butter Masala,Main Course,268.0,17.0,436.0,Yes
8375,1117,Biryani,Main Course,178.0,15.0,419.0,Yes
8376,1117,Chicken Burger,Fast Food,219.0,5.0,358.0,Yes
8377,1117,Veg Burger,Fast Food,238.0,19.0,545.0,Yes
8378,1117,Momos,Starters,47.0,20.0,514.0,Yes
8379,1117,Spring Rolls,Starters,154.0,14.0,602.0,Yes
8380,1117,Cheese Pizza,Fast Food,40.0,14.0,315.0,Yes
8381,1117,Chole Bhature,Main Course,235.0,26.0,560.0,Yes
8382,1118,Gulab Jamun,Desserts,124.0,20.0,321.0,Yes
8383,1118,Cold Coffee,Beverages,273.0,20.0,390.0,Yes
8384,1118,Paneer Butter Masala,Main Course,197.0,25.0,448.0,Yes
8385,1118,Chicken 65,Starters,153.0,16.0,509.0,Yes
8386,1118,Lassi,Beverages,87.0,25.0,109.0,Yes
8387,1118,Cold Coffee,Beverages,186.0,12.0,827.0,Yes
8388,1118,Fish Fingers,Starters,40.0,15.0,296.0,No
8389,1118,Spring Rolls,Starters,255.0,28.0,384.0,Yes
8390,1118,Rasmalai,Desserts,40.0,33.0,549.0,No
8391,1119,Gulab Jamun,Desserts,343.0,16.0,450.0,Yes
8392,1119,Fish Fingers,Starters,132.0,3.0,338.0,Yes
8393,1119,Butter Chicken,Main Course,99.0,17.0,162.0,Yes
8394,1119,Kulcha,Breads,237.0,20.0,80.0,Yes
8395,1119,Brownie,Desserts,40.0,11.0,522.0,Yes
8396,1119,Chicken 65,Starters,372.0,9.0,316.0,Yes
8397,1119,Brownie,Desserts,65.0,16.0,370.0,Yes
8398,1120,French Fries,Fast Food,267.0,6.0,548.0,Yes
8399,1120,French Fries,Fast Food,248.0,13.0,285.0,Yes
8400,1120,Cheese Pizza,Fast Food,157.0,11.0,347.0,Yes
8401,1120,Paneer Tikka,Starters,40.0,15.0,338.0,Yes
8402,1120,Ice Cream,Desserts,193.0,28.0,372.0,Yes
8403,1120,Veg Sandwich,Fast Food,91.0,4.0,484.0,Yes
8404,1120,Veg Sandwich,Fast Food,200.0,17.0,424.0,Yes
8405,1120,Masala Chai,Beverages,255.0,20.0,446.0,Yes
8406,1121,Chole Bhature,Main Course,308.0,18.0,297.0,Yes
8407,1121,Masala Chai,Beverages,297.0,13.0,217.0,Yes
8408,1121,Dal Makhani,Main Course,217.0,23.0,280.0,Yes
8409,1121,Dal Makhani,Main Course,255.0,17.0,329.0,No
8410,1121,Fried Rice,Main Course,182.0,13.0,397.0,No
8411,1121,Veg Manchurian,Starters,330.0,15.0,344.0,Yes
8412,1122,Dal Makhani,Main Course,102.0,14.0,210.0,Yes
8413,1122,Veg Sandwich,Fast Food,138.0,12.0,362.0,Yes
8414,1122,Paneer Tikka,Starters,86.0,37.0,278.0,Yes
8415,1122,Chicken 65,Starters,143.0,20.0,459.0,Yes
8416,1122,Paneer Tikka,Starters,246.0,15.0,272.0,Yes
8417,1122,Garlic Naan,Breads,313.0,10.0,367.0,Yes
8418,1122,Paneer Butter Masala,Main Course,184.0,22.0,465.0,Yes
8419,1122,Chicken Burger,Fast Food,127.0,19.0,167.0,Yes
8420,1123,Butter Chicken,Main Course,377.0,11.0,535.0,Yes
8421,1123,Veg Sandwich,Fast Food,92.0,23.0,247.0,Yes
8422,1123,Butter Naan,Breads,260.0,33.0,410.0,Yes
8423,1123,Dal Makhani,Main Course,230.0,25.0,313.0,No
8424,1123,Cheese Pizza,Fast Food,265.0,14.0,724.0,Yes
8425,1123,Mojito,Beverages,70.0,19.0,246.0,Yes
8426,1123,Tandoori Roti,Breads,287.0,37.0,442.0,Yes
8427,1123,Veg Manchurian,Starters,353.0,24.0,651.0,Yes
8428,1124,Chole Bhature,Main Course,253.0,32.0,642.0,Yes
8429,1124,Veg Burger,Fast Food,136.0,14.0,369.0,Yes
8430,1124,Chicken Burger,Fast Food,124.0,22.0,620.0,Yes
8431,1124,Kheer,Desserts,227.0,15.0,436.0,Yes
8432,1124,Momos,Starters,40.0,8.0,354.0,Yes
8433,1124,Kulcha,Breads,226.0,16.0,430.0,Yes
8434,1125,Garlic Naan,Breads,158.0,14.0,228.0,Yes
8435,1125,Ice Cream,Desserts,219.0,14.0,420.0,Yes
8436,1125,Butter Naan,Breads,123.0,22.0,,Yes
8437,1125,Fried Rice,Main Course,204.0,11.0,277.0,Yes
8438,1125,French Fries,Fast Food,208.0,6.0,530.0,Yes
8439,1125,Gulab Jamun,Desserts,170.0,10.0,174.0,Yes
8440,1125,Tandoori Roti,Breads,270.0,3.0,470.0,Yes
8441,1126,Garlic Naan,Breads,192.0,23.0,237.0,Yes
8442,1126,Brownie,Desserts,119.0,20.0,407.0,Yes
8443,1126,Chicken 65,Starters,258.0,17.0,609.0,No
8444,1126,Biryani,Main Course,192.0,30.0,658.0,Yes
8445,1126,Tandoori Roti,Breads,337.0,12.0,582.0,Yes
8446,1126,Butter Chicken,Main Course,178.0,17.0,523.0,Yes
8447,1126,Masala Chai,Beverages,148.0,4.0,403.0,Yes
8448,1126,Garlic Naan,Breads,350.0,15.0,388.0,Yes
8449,1126,Chole Bhature,Main Course,215.0,15.0,370.0,Yes
8450,1127,Veg Burger,Fast Food,191.0,14.0,596.0,Yes
8451,1127,Veg Manchurian,Starters,370.0,21.0,326.0,Yes
8452,1127,Fish Fingers,Starters,225.0,8.0,192.0,Yes
8453,1127,Butter Chicken,Main Course,172.0,28.0,611.0,No
8454,1127,Dal Makhani,Main Course,215.0,23.0,434.0,Yes
8455,1127,Butter Chicken,Main Course,171.0,8.0,578.0,Yes
8456,1127,Chicken Burger,Fast Food,141.0,24.0,394.0,Yes
8457,1127,Butter Chicken,Main Course,93.0,11.0,313.0,Yes
8458,1127,Butter Naan,Breads,189.0,27.0,506.0,Yes
8459,1128,Masala Chai,Beverages,108.0,7.0,500.0,Yes
8460,1128,Dal Makhani,Main Course,354.0,25.0,705.0,Yes
8461,1128,Chole Bhature,Main Course,135.0,17.0,599.0,Yes
8462,1128,Tandoori Roti,Breads,40.0,21.0,447.0,Yes
8463,1128,Chole Bhature,Main Course,305.0,10.0,366.0,Yes
8464,1128,Chicken Burger,Fast Food,118.0,17.0,215.0,No
8465,1129,Veg Burger,Fast Food,227.0,19.0,358.0,Yes
8466,1129,Fried Rice,Main Course,205.0,21.0,622.0,Yes
8467,1129,Kheer,Desserts,171.0,28.0,278.0,No
8468,1129,Garlic Naan,Breads,124.0,30.0,582.0,Yes
8469,1129,Lassi,Beverages,40.0,3.0,626.0,No
8470,1129,Tandoori Roti,Breads,168.0,12.0,438.0,Yes
8471,1130,Biryani,Main Course,127.0,18.0,356.0,Yes
8472,1130,Brownie,Desserts,146.0,3.0,245.0,Yes
8473,1130,French Fries,Fast Food,279.0,24.0,431.0,Yes
8474,1130,Fresh Lime Soda,Beverages,252.0,18.0,143.0,Yes
8475,1130,Fish Fingers,Starters,79.0,21.0,138.0,No
8476,1130,Chicken Burger,Fast Food,107.0,12.0,438.0,Yes
8477,1131,Masala Chai,Beverages,161.0,19.0,471.0,Yes
8478,1131,Chicken Burger,Fast Food,212.0,24.0,424.0,Yes
8479,1131,Chole Bhature,Main Course,90.0,8.0,460.0,Yes
8480,1131,Veg Sandwich,Fast Food,170.0,17.0,300.0,Yes
8481,1131,Ice Cream,Desserts,173.0,5.0,189.0,Yes
8482,1131,Cold Coffee,Beverages,443.0,3.0,243.0,Yes
8483,1131,Cheese Pizza,Fast Food,74.0,8.0,329.0,Yes
8484,1132,French Fries,Fast Food,61.0,23.0,411.0,No
8485,1132,Veg Manchurian,Starters,220.0,19.0,294.0,Yes
8486,1132,Masala Chai,Beverages,108.0,28.0,416.0,Yes
8487,1132,Chole Bhature,Main Course,190.0,18.0,413.0,Yes
8488,1132,Veg Burger,Fast Food,49.0,20.0,784.0,Yes
8489,1132,Paneer Butter Masala,Main Course,186.0,31.0,421.0,Yes
8490,1132,Fried Rice,Main Course,207.0,20.0,109.0,Yes
8491,1133,Chole Bhature,Main Course,43.0,16.0,659.0,Yes
8492,1133,Momos,Starters,138.0,22.0,259.0,Yes
8493,1133,Cheese Pizza,Fast Food,265.0,6.0,562.0,Yes
8494,1133,Momos,Starters,176.0,16.0,503.0,Yes
8495,1133,Ice Cream,Desserts,301.0,5.0,503.0,Yes
8496,1133,Butter Chicken,Main Course,40.0,12.0,50.0,Yes
8497,1134,Kheer,Desserts,155.0,19.0,543.0,Yes
8498,1134,Butter Chicken,Main Course,208.0,18.0,539.0,Yes
8499,1134,Butter Naan,Breads,301.0,26.0,712.0,Yes
8500,1134,Paneer Tikka,Starters,131.0,28.0,179.0,Yes
8501,1134,Chole Bhature,Main Course,67.0,17.0,328.0,Yes
8502,1134,Masala Chai,Beverages,243.0,21.0,636.0,Yes
8503,1134,Biryani,Main Course,228.0,21.0,229.0,Yes
8504,1134,Paneer Tikka,Starters,157.0,25.0,840.0,Yes
8505,1134,Cheese Pizza,Fast Food,104.0,27.0,402.0,Yes
8506,1135,Chicken 65,Starters,190.0,11.0,328.0,Yes
8507,1135,Mojito,Beverages,171.0,25.0,626.0,Yes
8508,1135,Brownie,Desserts,136.0,13.0,512.0,Yes
8509,1135,Cheese Pizza,Fast Food,157.0,26.0,495.0,Yes
8510,1135,Brownie,Desserts,126.0,25.0,474.0,Yes
8511,1135,Kheer,Desserts,159.0,21.0,251.0,Yes
8512,1135,Butter Naan,Breads,143.0,24.0,359.0,Yes
8513,1136,Butter Chicken,Main Course,220.0,6.0,390.0,Yes
8514,1136,Brownie,Desserts,201.0,13.0,416.0,Yes
8515,1136,Brownie,Desserts,200.0,9.0,50.0,Yes
8516,1136,Cold Coffee,Beverages,98.0,3.0,508.0,Yes
8517,1136,Fried Rice,Main Course,281.0,8.0,240.0,Yes
8518,1136,Chicken Burger,Fast Food,146.0,12.0,287.0,Yes
8519,1137,Lassi,Beverages,40.0,17.0,261.0,Yes
8520,1137,Chole Bhature,Main Course,40.0,14.0,419.0,Yes
8521,1137,Cheese Pizza,Fast Food,159.0,22.0,690.0,No
8522,1137,Biryani,Main Course,175.0,29.0,187.0,Yes
8523,1137,Chicken 65,Starters,40.0,11.0,338.0,Yes
8524,1137,Butter Naan,Breads,71.0,22.0,306.0,Yes
8525,1137,Biryani,Main Course,164.0,17.0,582.0,Yes
8526,1138,Butter Naan,Breads,124.0,14.0,584.0,Yes
8527,1138,Fresh Lime Soda,Beverages,312.0,29.0,612.0,Yes
8528,1138,Chicken 65,Starters,40.0,10.0,707.0,Yes
8529,1138,Chicken 65,Starters,230.0,32.0,534.0,Yes
8530,1138,Veg Burger,Fast Food,226.0,22.0,377.0,Yes
8531,1138,French Fries,Fast Food,183.0,8.0,317.0,Yes
8532,1138,French Fries,Fast Food,140.0,20.0,,Yes
8533,1138,Fish Fingers,Starters,264.0,33.0,541.0,Yes
8534,1139,Cheese Pizza,Fast Food,251.0,7.0,158.0,Yes
8535,1139,Fresh Lime Soda,Beverages,212.0,15.0,421.0,No
8536,1139,Veg Burger,Fast Food,81.0,18.0,325.0,Yes
8537,1139,Chicken 65,Starters,221.0,22.0,448.0,Yes
8538,1139,Kulcha,Breads,78.0,16.0,653.0,Yes
8539,1139,Chicken Burger,Fast Food,134.0,12.0,516.0,Yes
8540,1140,Masala Chai,Beverages,129.0,10.0,296.0,Yes
8541,1140,Tandoori Roti,Breads,267.0,16.0,521.0,Yes
8542,1140,Veg Manchurian,Starters,286.0,14.0,376.0,No
8543,1140,Cold Coffee,Beverages,158.0,11.0,550.0,Yes
8544,1140,Brownie,Desserts,141.0,9.0,656.0,Yes
8545,1140,Cheese Pizza,Fast Food,159.0,17.0,313.0,Yes
8546,1141,Masala Chai,Beverages,76.0,6.0,529.0,Yes
8547,1141,Butter Naan,Breads,129.0,3.0,277.0,Yes
8548,1141,Veg Burger,Fast Food,154.0,12.0,474.0,Yes
8549,1141,Dal Makhani,Main Course,142.0,24.0,529.0,Yes
8550,1141,Lassi,Beverages,89.0,12.0,558.0,Yes
8551,1141,Mojito,Beverages,205.0,23.0,504.0,No
8552,1141,Tandoori Roti,Breads,118.0,37.0,547.0,Yes
8553,1142,Butter Naan,Breads,141.0,26.0,382.0,No
8554,1142,Paneer Tikka,Starters,190.0,13.0,266.0,Yes
8555,1142,Chicken 65,Starters,249.0,12.0,283.0,Yes
8556,1142,Gulab Jamun,Desserts,151.0,9.0,407.0,Yes
8557,1142,Veg Manchurian,Starters,133.0,25.0,554.0,Yes
8558,1142,Kheer,Desserts,178.0,11.0,369.0,Yes
8559,1143,Veg Burger,Fast Food,146.0,30.0,349.0,Yes
8560,1143,Gulab Jamun,Desserts,200.0,23.0,617.0,No
8561,1143,Tandoori Roti,Breads,148.0,6.0,418.0,Yes
8562,1143,Dal Makhani,Main Course,282.0,21.0,317.0,Yes
8563,1143,Cheese Pizza,Fast Food,149.0,11.0,365.0,Yes
8564,1143,Kheer,Desserts,101.0,21.0,475.0,Yes
8565,1144,Kulcha,Breads,187.0,25.0,584.0,Yes
8566,1144,Cold Coffee,Beverages,309.0,19.0,318.0,Yes
8567,1144,Ice Cream,Desserts,40.0,14.0,208.0,Yes
8568,1144,Spring Rolls,Starters,182.0,24.0,511.0,Yes
8569,1144,Veg Manchurian,Starters,254.0,6.0,179.0,No
8570,1144,Butter Naan,Breads,295.0,3.0,504.0,Yes
8571,1144,Lassi,Beverages,162.0,15.0,429.0,Yes
8572,1144,Fish Fingers,Starters,342.0,11.0,339.0,Yes
8573,1144,Brownie,Desserts,281.0,10.0,527.0,Yes
8574,1145,Butter Naan,Breads,175.0,3.0,417.0,Yes
8575,1145,Tandoori Roti,Breads,188.0,19.0,503.0,Yes
8576,1145,Masala Chai,Beverages,233.0,18.0,571.0,Yes
8577,1145,Tandoori Roti,Breads,146.0,20.0,268.0,Yes
8578,1145,Masala Chai,Beverages,40.0,11.0,,No
8579,1145,Spring Rolls,Starters,40.0,10.0,658.0,Yes
8580,1145,Mojito,Beverages,154.0,21.0,269.0,Yes
8581,1145,Veg Sandwich,Fast Food,56.0,9.0,559.0,Yes
8582,1145,Rasmalai,Desserts,153.0,18.0,293.0,Yes
8583,1146,Dal Makhani,Main Course,246.0,29.0,737.0,Yes
8584,1146,Garlic Naan,Breads,238.0,10.0,118.0,Yes
8585,1146,Chole Bhature,Main Course,298.0,3.0,389.0,Yes
8586,1146,Brownie,Desserts,271.0,31.0,265.0,Yes
8587,1146,Mojito,Beverages,194.0,17.0,290.0,No
8588,1146,Masala Chai,Beverages,291.0,22.0,221.0,Yes
8589,1147,Kheer,Desserts,162.0,14.0,465.0,Yes
8590,1147,Tandoori Roti,Breads,351.0,20.0,358.0,Yes
8591,1147,Cold Coffee,Beverages,171.0,21.0,140.0,Yes
8592,1147,Butter Chicken,Main Course,280.0,19.0,381.0,Yes
8593,1147,Butter Chicken,Main Course,143.0,17.0,256.0,No
8594,1147,Biryani,Main Course,40.0,22.0,288.0,Yes
8595,1147,Veg Burger,Fast Food,200.0,16.0,593.0,Yes
8596,1148,Cheese Pizza,Fast Food,222.0,26.0,514.0,Yes
8597,1148,Butter Chicken,Main Course,338.0,5.0,620.0,Yes
8598,1148,Paneer Butter Masala,Main Course,108.0,9.0,212.0,Yes
8599,1148,Momos,Starters,142.0,21.0,607.0,Yes
8600,1148,Brownie,Desserts,40.0,20.0,252.0,Yes
8601,1148,Butter Naan,Breads,67.0,13.0,414.0,Yes
8602,1149,Ice Cream,Desserts,120.0,8.0,338.0,Yes
8603,1149,Momos,Starters,232.0,21.0,323.0,Yes
8604,1149,Kheer,Desserts,163.0,11.0,433.0,Yes
8605,1149,Butter Naan,Breads,257.0,11.0,324.0,Yes
8606,1149,Paneer Tikka,Starters,230.0,38.0,502.0,Yes
8607,1149,Chicken 65,Starters,163.0,9.0,559.0,Yes
8608,1149,Kheer,Desserts,106.0,16.0,341.0,Yes
8609,1150,Biryani,Main Course,172.0,10.0,543.0,Yes
8610,1150,Kheer,Desserts,219.0,15.0,363.0,No
8611,1150,Paneer Tikka,Starters,149.0,18.0,282.0,No
8612,1150,Kulcha,Breads,85.0,16.0,496.0,Yes
8613,1150,Dal Makhani,Main Course,318.0,19.0,521.0,Yes
8614,1150,Masala Chai,Beverages,253.0,20.0,468.0,Yes
8615,1150,Kulcha,Breads,144.0,12.0,256.0,Yes
8616,1150,Rasmalai,Desserts,162.0,20.0,347.0,Yes
8617,1151,Fresh Lime Soda,Beverages,175.0,6.0,739.0,Yes
8618,1151,Kheer,Desserts,324.0,16.0,443.0,Yes
8619,1151,Tandoori Roti,Breads,329.0,24.0,314.0,Yes
8620,1151,Tandoori Roti,Breads,226.0,6.0,440.0,Yes
8621,1151,Cheese Pizza,Fast Food,206.0,3.0,553.0,Yes
8622,1151,Chole Bhature,Main Course,219.0,15.0,359.0,Yes
8623,1151,Lassi,Beverages,255.0,13.0,305.0,Yes
8624,1151,Butter Naan,Breads,113.0,24.0,495.0,Yes
8625,1151,Lassi,Beverages,77.0,19.0,443.0,Yes
8626,1152,Veg Manchurian,Starters,286.0,14.0,321.0,Yes
8627,1152,Tandoori Roti,Breads,227.0,13.0,499.0,Yes
8628,1152,Chicken Burger,Fast Food,200.0,4.0,362.0,Yes
8629,1152,Veg Manchurian,Starters,199.0,23.0,324.0,Yes
8630,1152,Biryani,Main Course,106.0,11.0,428.0,Yes
8631,1152,Fried Rice,Main Course,182.0,12.0,467.0,Yes
8632,1153,Biryani,Main Course,198.0,13.0,313.0,Yes
8633,1153,Lassi,Beverages,336.0,3.0,170.0,Yes
8634,1153,Ice Cream,Desserts,161.0,25.0,269.0,Yes
8635,1153,Brownie,Desserts,232.0,3.0,361.0,Yes
8636,1153,Gulab Jamun,Desserts,207.0,24.0,490.0,Yes
8637,1153,Rasmalai,Desserts,40.0,18.0,292.0,Yes
8638,1153,Veg Manchurian,Starters,170.0,15.0,503.0,Yes
8639,1153,Veg Manchurian,Starters,177.0,19.0,409.0,Yes
8640,1154,Cold Coffee,Beverages,40.0,18.0,394.0,Yes
8641,1154,Garlic Naan,Breads,223.0,21.0,129.0,Yes
8642,1154,Chicken 65,Starters,82.0,18.0,481.0,Yes
8643,1154,Lassi,Beverages,151.0,22.0,693.0,Yes
8644,1154,Masala Chai,Beverages,225.0,29.0,358.0,Yes
8645,1154,Chicken 65,Starters,235.0,26.0,556.0,Yes
8646,1154,Rasmalai,Desserts,40.0,13.0,528.0,Yes
8647,1154,Chole Bhature,Main Course,48.0,11.0,486.0,Yes
8648,1154,Brownie,Desserts,113.0,8.0,605.0,No
8649,1155,Lassi,Beverages,135.0,9.0,234.0,Yes
8650,1155,Brownie,Desserts,292.0,20.0,597.0,Yes
8651,1155,Brownie,Desserts,157.0,18.0,264.0,Yes
8652,1155,French Fries,Fast Food,262.0,9.0,675.0,Yes
8653,1155,Masala Chai,Beverages,79.0,7.0,451.0,Yes
8654,1155,Rasmalai,Desserts,111.0,13.0,557.0,Yes
8655,1156,Paneer Butter Masala,Main Course,314.0,18.0,354.0,Yes
8656,1156,Fish Fingers,Starters,149.0,21.0,51.0,Yes
8657,1156,Garlic Naan,Breads,171.0,9.0,439.0,Yes
8658,1156,Spring Rolls,Starters,160.0,18.0,426.0,Yes
8659,1156,Biryani,Main Course,217.0,11.0,576.0,Yes
8660,1156,Rasmalai,Desserts,191.0,19.0,392.0,Yes
8661,1156,Brownie,Desserts,128.0,22.0,434.0,No
8662,1156,Fried Rice,Main Course,365.0,12.0,610.0,Yes
8663,1156,French Fries,Fast Food,178.0,17.0,268.0,No
8664,1157,Fried Rice,Main Course,214.0,16.0,472.0,Yes
8665,1157,Dal Makhani,Main Course,96.0,19.0,403.0,Yes
8666,1157,Lassi,Beverages,139.0,18.0,399.0,Yes
8667,1157,Cheese Pizza,Fast Food,229.0,25.0,475.0,Yes
8668,1157,Brownie,Desserts,194.0,9.0,298.0,Yes
8669,1157,Rasmalai,Desserts,259.0,21.0,341.0,No
8670,1158,Chicken Burger,Fast Food,259.0,12.0,271.0,Yes
8671,1158,Garlic Naan,Breads,270.0,28.0,325.0,Yes
8672,1158,Brownie,Desserts,245.0,24.0,420.0,Yes
8673,1158,Veg Sandwich,Fast Food,162.0,13.0,422.0,Yes
8674,1158,Garlic Naan,Breads,156.0,26.0,563.0,Yes
8675,1158,Butter Chicken,Main Course,175.0,22.0,461.0,No
8676,1158,Brownie,Desserts,320.0,18.0,459.0,Yes
8677,1158,Paneer Butter Masala,Main Course,168.0,23.0,330.0,No
8678,1158,Brownie,Desserts,74.0,33.0,299.0,No
8679,1159,Cold Coffee,Beverages,73.0,21.0,408.0,Yes
8680,1159,Spring Rolls,Starters,83.0,19.0,312.0,Yes
8681,1159,Spring Rolls,Starters,67.0,21.0,415.0,Yes
8682,1159,Paneer Tikka,Starters,237.0,11.0,527.0,Yes
8683,1159,Fish Fingers,Starters,92.0,18.0,332.0,Yes
8684,1159,Butter Naan,Breads,102.0,22.0,477.0,Yes
8685,1159,Veg Sandwich,Fast Food,159.0,16.0,406.0,No
8686,1159,Ice Cream,Desserts,187.0,10.0,360.0,Yes
8687,1159,Fish Fingers,Starters,102.0,22.0,56.0,Yes
8688,1160,Garlic Naan,Breads,169.0,23.0,428.0,Yes
8689,1160,Momos,Starters,117.0,3.0,451.0,Yes
8690,1160,Paneer Tikka,Starters,264.0,16.0,526.0,Yes
8691,1160,Fried Rice,Main Course,199.0,17.0,469.0,No
8692,1160,Paneer Tikka,Starters,181.0,28.0,496.0,Yes
8693,1160,Garlic Naan,Breads,184.0,32.0,320.0,Yes
8694,1160,Tandoori Roti,Breads,224.0,22.0,554.0,Yes
8695,1160,Masala Chai,Beverages,212.0,16.0,393.0,Yes
8696,1160,Veg Manchurian,Starters,223.0,35.0,176.0,Yes
8697,1161,Brownie,Desserts,269.0,26.0,525.0,Yes
8698,1161,Dal Makhani,Main Course,185.0,14.0,328.0,Yes
8699,1161,Rasmalai,Desserts,266.0,25.0,164.0,Yes
8700,1161,Fresh Lime Soda,Beverages,105.0,17.0,324.0,Yes
8701,1161,Mojito,Beverages,240.0,13.0,821.0,Yes
8702,1161,Cold Coffee,Beverages,139.0,11.0,556.0,Yes
8703,1162,French Fries,Fast Food,158.0,25.0,598.0,Yes
8704,1162,Chicken 65,Starters,276.0,14.0,169.0,Yes
8705,1162,Gulab Jamun,Desserts,328.0,7.0,705.0,Yes
8706,1162,Veg Burger,Fast Food,168.0,15.0,322.0,Yes
8707,1162,Fresh Lime Soda,Beverages,186.0,12.0,467.0,Yes
8708,1162,Dal Makhani,Main Course,173.0,9.0,257.0,Yes
8709,1162,Butter Naan,Breads,153.0,3.0,163.0,No
8710,1162,Paneer Butter Masala,Main Course,292.0,27.0,540.0,No
8711,1162,Chicken Burger,Fast Food,240.0,21.0,469.0,Yes
8712,1163,Mojito,Beverages,121.0,26.0,258.0,No
8713,1163,Cold Coffee,Beverages,407.0,13.0,,Yes
8714,1163,Dal Makhani,Main Course,475.0,9.0,520.0,Yes
8715,1163,Butter Naan,Breads,211.0,23.0,573.0,Yes
8716,1163,Dal Makhani,Main Course,252.0,5.0,451.0,No
8717,1163,Masala Chai,Beverages,208.0,24.0,399.0,Yes
8718,1163,Brownie,Desserts,105.0,10.0,382.0,Yes
8719,1163,Kheer,Desserts,71.0,13.0,328.0,No
8720,1163,Rasmalai,Desserts,156.0,37.0,256.0,Yes
8721,1164,Paneer Tikka,Starters,40.0,20.0,276.0,Yes
8722,1164,Kulcha,Breads,282.0,16.0,414.0,Yes
8723,1164,Momos,Starters,59.0,18.0,,Yes
8724,1164,Spring Rolls,Starters,259.0,19.0,215.0,Yes
8725,1164,Brownie,Desserts,224.0,21.0,593.0,Yes
8726,1164,Garlic Naan,Breads,207.0,22.0,343.0,Yes
8727,1164,Spring Rolls,Starters,129.0,21.0,438.0,No
8728,1165,Veg Sandwich,Fast Food,204.0,19.0,90.0,Yes
8729,1165,Dal Makhani,Main Course,233.0,23.0,310.0,Yes
8730,1165,Chole Bhature,Main Course,241.0,16.0,418.0,Yes
8731,1165,Paneer Butter Masala,Main Course,118.0,17.0,160.0,Yes
8732,1165,Tandoori Roti,Breads,153.0,32.0,424.0,Yes
8733,1165,Tandoori Roti,Breads,151.0,15.0,298.0,No
8734,1165,Dal Makhani,Main Course,191.0,10.0,515.0,No
8735,1166,Cold Coffee,Beverages,257.0,23.0,546.0,Yes
8736,1166,Fresh Lime Soda,Beverages,265.0,20.0,601.0,Yes
8737,1166,Mojito,Beverages,223.0,13.0,390.0,Yes
8738,1166,Kulcha,Breads,260.0,21.0,321.0,Yes
8739,1166,Gulab Jamun,Desserts,184.0,11.0,522.0,No
8740,1166,Cheese Pizza,Fast Food,300.0,5.0,462.0,Yes
8741,1166,Rasmalai,Desserts,83.0,6.0,595.0,Yes
8742,1166,Tandoori Roti,Breads,281.0,19.0,324.0,Yes
8743,1166,Mojito,Beverages,154.0,13.0,697.0,Yes
8744,1167,Mojito,Beverages,355.0,24.0,411.0,Yes
8745,1167,Lassi,Beverages,69.0,16.0,403.0,Yes
8746,1167,Cold Coffee,Beverages,118.0,28.0,679.0,Yes
8747,1167,Fried Rice,Main Course,166.0,26.0,445.0,Yes
8748,1167,Dal Makhani,Main Course,112.0,27.0,637.0,Yes
8749,1167,Cheese Pizza,Fast Food,230.0,14.0,523.0,Yes
8750,1168,Cold Coffee,Beverages,158.0,25.0,623.0,Yes
8751,1168,Gulab Jamun,Desserts,122.0,22.0,358.0,No
8752,1168,French Fries,Fast Food,286.0,18.0,629.0,Yes
8753,1168,Veg Burger,Fast Food,404.0,11.0,450.0,Yes
8754,1168,Rasmalai,Desserts,289.0,16.0,498.0,Yes
8755,1168,Kulcha,Breads,147.0,5.0,512.0,Yes
8756,1169,Veg Manchurian,Starters,248.0,11.0,348.0,Yes
8757,1169,Dal Makhani,Main Course,165.0,23.0,550.0,Yes
8758,1169,Fish Fingers,Starters,227.0,9.0,356.0,Yes
8759,1169,Veg Burger,Fast Food,163.0,15.0,547.0,Yes
8760,1169,Chicken Burger,Fast Food,298.0,25.0,612.0,No
8761,1169,Chole Bhature,Main Course,187.0,14.0,228.0,Yes
8762,1169,Veg Sandwich,Fast Food,153.0,11.0,677.0,Yes
8763,1169,Fresh Lime Soda,Beverages,258.0,10.0,374.0,Yes
8764,1170,Dal Makhani,Main Course,130.0,13.0,344.0,Yes
8765,1170,Biryani,Main Course,151.0,14.0,408.0,Yes
8766,1170,Paneer Butter Masala,Main Course,154.0,27.0,405.0,Yes
8767,1170,Brownie,Desserts,180.0,14.0,382.0,Yes
8768,1170,Tandoori Roti,Breads,65.0,15.0,584.0,Yes
8769,1170,Chicken 65,Starters,116.0,20.0,583.0,Yes
8770,1170,Chicken Burger,Fast Food,205.0,15.0,497.0,Yes
8771,1171,Masala Chai,Beverages,177.0,25.0,447.0,Yes
8772,1171,Fish Fingers,Starters,40.0,13.0,436.0,Yes
8773,1171,Kheer,Desserts,275.0,24.0,538.0,Yes
8774,1171,Spring Rolls,Starters,165.0,12.0,314.0,Yes
8775,1171,Veg Sandwich,Fast Food,116.0,35.0,675.0,Yes
8776,1171,Fried Rice,Main Course,72.0,21.0,381.0,Yes
8777,1171,Ice Cream,Desserts,153.0,22.0,326.0,Yes
8778,1171,Tandoori Roti,Breads,137.0,22.0,602.0,Yes
8779,1171,Paneer Tikka,Starters,365.0,22.0,271.0,Yes
8780,1172,Mojito,Beverages,246.0,15.0,403.0,Yes
8781,1172,French Fries,Fast Food,322.0,29.0,537.0,Yes
8782,1172,Chicken Burger,Fast Food,331.0,3.0,299.0,Yes
8783,1172,Fresh Lime Soda,Beverages,240.0,17.0,573.0,Yes
8784,1172,Tandoori Roti,Breads,75.0,27.0,482.0,Yes
8785,1172,Paneer Tikka,Starters,193.0,5.0,736.0,No
8786,1172,Garlic Naan,Breads,75.0,7.0,497.0,Yes
8787,1172,Fresh Lime Soda,Beverages,282.0,17.0,276.0,Yes
8788,1172,Cold Coffee,Beverages,140.0,21.0,315.0,Yes
8789,1173,Paneer Butter Masala,Main Course,292.0,11.0,164.0,Yes
8790,1173,Veg Burger,Fast Food,323.0,12.0,476.0,Yes
8791,1173,Biryani,Main Course,229.0,12.0,494.0,Yes
8792,1173,Masala Chai,Beverages,142.0,12.0,393.0,Yes
8793,1173,Rasmalai,Desserts,338.0,20.0,539.0,Yes
8794,1173,French Fries,Fast Food,187.0,13.0,452.0,Yes
8795,1174,Fresh Lime Soda,Beverages,167.0,14.0,515.0,Yes
8796,1174,Dal Makhani,Main Course,219.0,13.0,534.0,Yes
8797,1174,Butter Chicken,Main Course,179.0,24.0,300.0,Yes
8798,1174,Ice Cream,Desserts,102.0,14.0,404.0,Yes
8799,1174,Veg Manchurian,Starters,163.0,28.0,280.0,Yes
8800,1174,Ice Cream,Desserts,40.0,17.0,475.0,Yes
8801,1175,Veg Manchurian,Starters,148.0,19.0,283.0,Yes
8802,1175,Cold Coffee,Beverages,96.0,22.0,492.0,Yes
8803,1175,Masala Chai,Beverages,232.0,22.0,462.0,Yes
8804,1175,Fresh Lime Soda,Beverages,167.0,23.0,276.0,Yes
8805,1175,Kheer,Desserts,292.0,25.0,177.0,No
8806,1175,Paneer Butter Masala,Main Course,253.0,24.0,761.0,Yes
8807,1176,Lassi,Beverages,86.0,7.0,553.0,Yes
8808,1176,Chicken 65,Starters,220.0,7.0,705.0,Yes
8809,1176,Paneer Tikka,Starters,147.0,14.0,517.0,Yes
8810,1176,Cheese Pizza,Fast Food,383.0,14.0,489.0,Yes
8811,1176,Butter Naan,Breads,90.0,17.0,661.0,Yes
8812,1176,Lassi,Beverages,313.0,14.0,536.0,Yes
8813,1176,Masala Chai,Beverages,195.0,17.0,132.0,No
8814,1176,Kulcha,Breads,142.0,9.0,446.0,Yes
8815,1176,French Fries,Fast Food,107.0,3.0,451.0,Yes
8816,1177,Cold Coffee,Beverages,232.0,12.0,52.0,Yes
8817,1177,Veg Manchurian,Starters,151.0,11.0,187.0,Yes
8818,1177,Butter Naan,Breads,164.0,14.0,282.0,Yes
8819,1177,Kulcha,Breads,208.0,18.0,338.0,Yes
8820,1177,Rasmalai,Desserts,198.0,17.0,260.0,Yes
8821,1177,Gulab Jamun,Desserts,187.0,22.0,366.0,Yes
8822,1178,Rasmalai,Desserts,403.0,17.0,465.0,Yes
8823,1178,Cold Coffee,Beverages,198.0,23.0,488.0,Yes
8824,1178,Butter Chicken,Main Course,126.0,20.0,355.0,Yes
8825,1178,Paneer Butter Masala,Main Course,128.0,16.0,370.0,No
8826,1178,Ice Cream,Desserts,298.0,11.0,436.0,Yes
8827,1178,Kheer,Desserts,201.0,15.0,571.0,Yes
8828,1178,Tandoori Roti,Breads,227.0,5.0,622.0,Yes
8829,1178,Mojito,Beverages,394.0,33.0,471.0,Yes
8830,1178,Spring Rolls,Starters,81.0,19.0,206.0,Yes
8831,1179,Butter Chicken,Main Course,271.0,22.0,732.0,Yes
8832,1179,French Fries,Fast Food,255.0,11.0,604.0,Yes
8833,1179,Fish Fingers,Starters,174.0,16.0,447.0,Yes
8834,1179,Fish Fingers,Starters,138.0,13.0,765.0,Yes
8835,1179,Fish Fingers,Starters,291.0,23.0,410.0,Yes
8836,1179,Mojito,Beverages,52.0,26.0,324.0,Yes
8837,1179,Gulab Jamun,Desserts,159.0,25.0,165.0,Yes
8838,1179,Garlic Naan,Breads,168.0,19.0,509.0,Yes
8839,1180,Cold Coffee,Beverages,140.0,5.0,430.0,Yes
8840,1180,Ice Cream,Desserts,101.0,22.0,,Yes
8841,1180,French Fries,Fast Food,197.0,8.0,435.0,Yes
8842,1180,Tandoori Roti,Breads,199.0,12.0,600.0,Yes
8843,1180,Dal Makhani,Main Course,198.0,19.0,404.0,Yes
8844,1180,Chicken Burger,Fast Food,337.0,30.0,351.0,Yes
8845,1181,Veg Burger,Fast Food,264.0,17.0,507.0,Yes
8846,1181,Paneer Butter Masala,Main Course,117.0,16.0,160.0,Yes
8847,1181,Garlic Naan,Breads,179.0,11.0,200.0,Yes
8848,1181,French Fries,Fast Food,190.0,9.0,302.0,Yes
8849,1181,Fried Rice,Main Course,353.0,10.0,354.0,Yes
8850,1181,Fried Rice,Main Course,86.0,29.0,433.0,Yes
8851,1181,Ice Cream,Desserts,282.0,21.0,432.0,Yes
8852,1181,Chicken Burger,Fast Food,231.0,3.0,228.0,Yes
8853,1182,Fish Fingers,Starters,223.0,20.0,235.0,No
8854,1182,Kulcha,Breads,189.0,15.0,551.0,Yes
8855,1182,Veg Sandwich,Fast Food,202.0,20.0,290.0,Yes
8856,1182,Veg Sandwich,Fast Food,150.0,11.0,402.0,Yes
8857,1182,French Fries,Fast Food,179.0,23.0,583.0,No
8858,1182,Dal Makhani,Main Course,174.0,3.0,603.0,Yes
8859,1182,Butter Chicken,Main Course,239.0,11.0,1030.0,Yes
8860,1182,Tandoori Roti,Breads,187.0,12.0,335.0,Yes
8861,1183,Cheese Pizza,Fast Food,269.0,13.0,178.0,Yes
8862,1183,Veg Sandwich,Fast Food,293.0,17.0,324.0,Yes
8863,1183,Paneer Butter Masala,Main Course,261.0,19.0,352.0,No
8864,1183,Veg Sandwich,Fast Food,157.0,20.0,569.0,No
8865,1183,Fried Rice,Main Course,219.0,32.0,195.0,Yes
8866,1183,French Fries,Fast Food,97.0,3.0,335.0,Yes
8867,1183,Chicken Burger,Fast Food,331.0,23.0,521.0,Yes
8868,1183,Masala Chai,Beverages,209.0,12.0,622.0,Yes
8869,1183,Dal Makhani,Main Course,131.0,16.0,686.0,Yes
8870,1184,Chole Bhature,Main Course,229.0,25.0,330.0,Yes
8871,1184,Veg Burger,Fast Food,55.0,7.0,306.0,Yes
8872,1184,Rasmalai,Desserts,154.0,17.0,433.0,Yes
8873,1184,Rasmalai,Desserts,190.0,23.0,441.0,Yes
8874,1184,Fried Rice,Main Course,269.0,21.0,421.0,Yes
8875,1184,Ice Cream,Desserts,119.0,22.0,209.0,Yes
8876,1184,Cheese Pizza,Fast Food,292.0,26.0,361.0,Yes
8877,1185,Tandoori Roti,Breads,144.0,25.0,391.0,Yes
8878,1185,Rasmalai,Desserts,260.0,26.0,286.0,Yes
8879,1185,Veg Burger,Fast Food,45.0,17.0,533.0,Yes
8880,1185,Kheer,Desserts,175.0,26.0,230.0,Yes
8881,1185,Butter Naan,Breads,40.0,18.0,244.0,Yes
8882,1185,Butter Naan,Breads,138.0,16.0,557.0,No
8883,1185,Chole Bhature,Main Course,248.0,14.0,572.0,Yes
8884,1185,Chicken Burger,Fast Food,371.0,18.0,590.0,Yes
8885,1185,Fish Fingers,Starters,369.0,23.0,357.0,Yes
8886,1186,Tandoori Roti,Breads,228.0,10.0,301.0,Yes
8887,1186,Momos,Starters,144.0,18.0,443.0,Yes
8888,1186,Chicken Burger,Fast Food,93.0,31.0,384.0,Yes
8889,1186,Paneer Butter Masala,Main Course,141.0,30.0,527.0,Yes
8890,1186,Veg Manchurian,Starters,217.0,21.0,412.0,Yes
8891,1186,Brownie,Desserts,180.0,19.0,523.0,Yes
8892,1186,French Fries,Fast Food,118.0,22.0,307.0,Yes
8893,1186,Masala Chai,Beverages,312.0,15.0,338.0,Yes
8894,1187,Veg Burger,Fast Food,40.0,14.0,546.0,Yes
8895,1187,Gulab Jamun,Desserts,315.0,3.0,231.0,Yes
8896,1187,Masala Chai,Beverages,226.0,14.0,760.0,No
8897,1187,Garlic Naan,Breads,234.0,27.0,572.0,Yes
8898,1187,Brownie,Desserts,179.0,12.0,757.0,Yes
8899,1187,Chicken 65,Starters,129.0,13.0,444.0,Yes
8900,1187,Kulcha,Breads,151.0,10.0,432.0,Yes
8901,1187,Cold Coffee,Beverages,201.0,19.0,187.0,Yes
8902,1188,Veg Sandwich,Fast Food,57.0,17.0,581.0,Yes
8903,1188,Cheese Pizza,Fast Food,269.0,18.0,226.0,Yes
8904,1188,Tandoori Roti,Breads,266.0,33.0,526.0,Yes
8905,1188,Gulab Jamun,Desserts,337.0,24.0,643.0,Yes
8906,1188,Lassi,Beverages,215.0,6.0,426.0,Yes
8907,1188,Cold Coffee,Beverages,230.0,8.0,63.0,Yes
8908,1189,Chicken 65,Starters,192.0,20.0,405.0,Yes
8909,1189,Mojito,Beverages,310.0,25.0,584.0,Yes
8910,1189,Paneer Tikka,Starters,275.0,15.0,359.0,Yes
8911,1189,Garlic Naan,Breads,116.0,24.0,141.0,Yes
8912,1189,French Fries,Fast Food,155.0,16.0,344.0,Yes
8913,1189,Mojito,Beverages,186.0,11.0,571.0,No
8914,1189,Chicken Burger,Fast Food,269.0,24.0,527.0,Yes
8915,1189,Veg Sandwich,Fast Food,406.0,19.0,394.0,Yes
8916,1189,Fried Rice,Main Course,363.0,15.0,313.0,Yes
8917,1190,Paneer Butter Masala,Main Course,249.0,19.0,700.0,Yes
8918,1190,Chicken 65,Starters,214.0,15.0,537.0,Yes
8919,1190,Masala Chai,Beverages,73.0,14.0,532.0,No
8920,1190,Rasmalai,Desserts,89.0,15.0,546.0,Yes
8921,1190,Fish Fingers,Starters,290.0,24.0,50.0,Yes
8922,1190,Kulcha,Breads,215.0,28.0,704.0,Yes
8923,1190,Chicken Burger,Fast Food,77.0,7.0,445.0,Yes
8924,1191,Paneer Tikka,Starters,57.0,16.0,474.0,Yes
8925,1191,Masala Chai,Beverages,268.0,22.0,548.0,Yes
8926,1191,Rasmalai,Desserts,263.0,20.0,451.0,Yes
8927,1191,Kulcha,Breads,328.0,23.0,522.0,Yes
8928,1191,Veg Burger,Fast Food,200.0,7.0,369.0,Yes
8929,1191,Momos,Starters,209.0,28.0,649.0,Yes
8930,1191,Veg Sandwich,Fast Food,157.0,27.0,263.0,Yes
8931,1191,Brownie,Desserts,209.0,26.0,704.0,Yes
8932,1192,Cold Coffee,Beverages,90.0,9.0,664.0,Yes
8933,1192,Mojito,Beverages,330.0,19.0,475.0,Yes
8934,1192,Brownie,Desserts,145.0,16.0,144.0,Yes
8935,1192,Tandoori Roti,Breads,182.0,19.0,710.0,Yes
8936,1192,Momos,Starters,315.0,22.0,259.0,No
8937,1192,Gulab Jamun,Desserts,136.0,16.0,554.0,Yes
8938,1192,Chicken Burger,Fast Food,40.0,16.0,392.0,Yes
8939,1192,Tandoori Roti,Breads,47.0,25.0,55.0,No
8940,1192,Dal Makhani,Main Course,160.0,17.0,615.0,Yes
8941,1193,Gulab Jamun,Desserts,242.0,3.0,262.0,Yes
8942,1193,Cheese Pizza,Fast Food,42.0,17.0,285.0,Yes
8943,1193,Kulcha,Breads,160.0,9.0,292.0,Yes
8944,1193,Chole Bhature,Main Course,247.0,24.0,254.0,No
8945,1193,Veg Sandwich,Fast Food,40.0,26.0,393.0,Yes
8946,1193,Masala Chai,Beverages,122.0,8.0,353.0,Yes
8947,1194,Fresh Lime Soda,Beverages,166.0,23.0,738.0,Yes
8948,1194,Butter Chicken,Main Course,124.0,28.0,320.0,Yes
8949,1194,Veg Manchurian,Starters,138.0,3.0,149.0,Yes
8950,1194,Cheese Pizza,Fast Food,40.0,27.0,482.0,Yes
8951,1194,Tandoori Roti,Breads,323.0,7.0,364.0,Yes
8952,1194,Butter Naan,Breads,148.0,17.0,201.0,Yes
8953,1195,Paneer Tikka,Starters,260.0,9.0,329.0,Yes
8954,1195,Dal Makhani,Main Course,303.0,19.0,542.0,Yes
8955,1195,Fresh Lime Soda,Beverages,171.0,26.0,469.0,Yes
8956,1195,Gulab Jamun,Desserts,40.0,5.0,252.0,Yes
8957,1195,Ice Cream,Desserts,173.0,10.0,577.0,Yes
8958,1195,Dal Makhani,Main Course,229.0,16.0,422.0,Yes
8959,1195,Fried Rice,Main Course,314.0,5.0,537.0,Yes
8960,1195,Ice Cream,Desserts,210.0,40.0,571.0,Yes
8961,1195,Kheer,Desserts,216.0,17.0,504.0,No
8962,1196,Garlic Naan,Breads,100.0,4.0,425.0,Yes
8963,1196,Chicken Burger,Fast Food,213.0,7.0,126.0,Yes
8964,1196,Tandoori Roti,Breads,231.0,23.0,,Yes
8965,1196,Cheese Pizza,Fast Food,50.0,28.0,545.0,Yes
8966,1196,Chicken Burger,Fast Food,195.0,38.0,463.0,Yes
8967,1196,Fried Rice,Main Course,177.0,12.0,354.0,Yes
8968,1196,Gulab Jamun,Desserts,53.0,12.0,663.0,Yes
8969,1196,Veg Sandwich,Fast Food,198.0,23.0,131.0,Yes
8970,1197,Kulcha,Breads,347.0,24.0,355.0,Yes
8971,1197,Kulcha,Breads,333.0,4.0,776.0,No
8972,1197,Dal Makhani,Main Course,162.0,6.0,291.0,Yes
8973,1197,Rasmalai,Desserts,60.0,25.0,335.0,Yes
8974,1197,Kheer,Desserts,40.0,4.0,130.0,Yes
8975,1197,Rasmalai,Desserts,272.0,20.0,227.0,Yes
8976,1198,Garlic Naan,Breads,140.0,17.0,328.0,Yes
8977,1198,Garlic Naan,Breads,121.0,12.0,682.0,Yes
8978,1198,Tandoori Roti,Breads,132.0,31.0,339.0,Yes
8979,1198,Cold Coffee,Beverages,241.0,27.0,406.0,Yes
8980,1198,Fresh Lime Soda,Beverages,141.0,23.0,338.0,Yes
8981,1198,Mojito,Beverages,164.0,24.0,300.0,Yes
8982,1198,Paneer Butter Masala,Main Course,304.0,20.0,398.0,Yes
8983,1198,Lassi,Beverages,213.0,8.0,552.0,Yes
8984,1198,Ice Cream,Desserts,216.0,35.0,492.0,Yes
8985,1199,Chicken Burger,Fast Food,144.0,7.0,296.0,Yes
8986,1199,Veg Burger,Fast Food,269.0,19.0,169.0,Yes
8987,1199,French Fries,Fast Food,40.0,29.0,377.0,Yes
8988,1199,Paneer Butter Masala,Main Course,172.0,16.0,436.0,Yes
8989,1199,Fish Fingers,Starters,241.0,13.0,576.0,Yes
8990,1199,Lassi,Beverages,53.0,28.0,459.0,Yes
8991,1200,Brownie,Desserts,71.0,30.0,462.0,Yes
8992,1200,Dal Makhani,Main Course,270.0,3.0,283.0,Yes
8993,1200,Brownie,Desserts,158.0,18.0,525.0,Yes
8994,1200,Brownie,Desserts,260.0,3.0,307.0,No
8995,1200,Paneer Butter Masala,Main Course,139.0,21.0,542.0,Yes
8996,1200,Veg Sandwich,Fast Food,256.0,25.0,352.0,Yes
8997,1200,Veg Sandwich,Fast Food,234.0,3.0,482.0,No
